funzione	header	riga	deprecated	firma
VxMemAlloc	zwapi_memory.h	47		Resizes memory chunk that was allocated via VxMemAlloc().
Zw3DBomDataExport	zwapi_3dbom.h	93		ZW_API_C ezwErrors Zw3DBomDataExport(const char *filePath);
Zw3DBomDataFree	zwapi_3dbom.h	73		ZW_API_C ezwErrors Zw3DBomDataFree(szw3DBomData *data);
Zw3DBomDataGet	zwapi_3dbom.h	56		ZW_API_C ezwErrors Zw3DBomDataGet(szw3DBomData *data);
Zw3DBomExcludedStateSet	zwapi_3dbom.h	235		ZW_API_C ezwErrors Zw3DBomExcludedStateSet(szwEntityHandle component, int excludeOption);
Zw3DBomFormatDataGet	zwapi_3dbom.h	195		ZW_API_C ezwErrors Zw3DBomFormatDataGet(szw3DBomFormatData *formatData);
Zw3DBomFormatDataSet	zwapi_3dbom.h	212		ZW_API_C ezwErrors Zw3DBomFormatDataSet(szw3DBomFormatData formatData);
Zw3DBomSettingDataFree	zwapi_3dbom.h	178		ZW_API_C ezwErrors Zw3DBomSettingDataFree(szw3DBomSettingsData *data);
Zw3DBomSettingGet	zwapi_3dbom.h	133		ZW_API_C ezwErrors Zw3DBomSettingGet(szw3DBomSettingsData *data);
Zw3DBomSettingSet	zwapi_3dbom.h	163		ZW_API_C ezwErrors Zw3DBomSettingSet(szw3DBomSettingsData data);
Zw3DBomTemplateSet	zwapi_3dbom.h	255		ZW_API_C ezwErrors Zw3DBomTemplateSet(const char *templateFile);
ZwActiveLCSGet	zwapi_datum.h	713		ZW_API_C ezwErrors ZwActiveLCSGet(szwEntityHandle *handle);
ZwActiveLCSSet	zwapi_datum.h	684		ZW_API_C ezwErrors ZwActiveLCSSet(szwEntityHandle handle);
ZwApiMemAlloc	zwapi_drawing_table.h	108		to free it first, since this function will alloc memory for it as long as the tableFormat.selectedCount > 0, and then call ZwApiMemAlloc() to realloc
ZwApplicationReactorSet	zwapi_global_apply.h	1152		ZW_API_C ezwErrors ZwApplicationReactorSet(ezwApplicationReactorType type, szwApplicationReactorData data);
ZwAssemblyConstraintDataGet	zwapi_assembly_constraint.h	122		ZW_API_C ezwErrors ZwAssemblyConstraintDataGet(szwEntityHandle constraintHandle, szwAssemblyConstraintData *data);
ZwAssemblyConstraintDataSet	zwapi_assembly_constraint.h	147		ZW_API_C ezwErrors ZwAssemblyConstraintDataSet(szwEntityHandle constraintHandle, szwAssemblyConstraintData data);
ZwAssemblyConstraintDimensionGet	zwapi_assembly_constraint.h	84		ZW_API_C ezwErrors ZwAssemblyConstraintDimensionGet(szwEntityHandle constraintHandle, szwEntityHandle *dimensionHandle);
ZwAssemblyConstraintNodeNameGet	zwapi_assembly_constraint.h	213		ZW_API_C ezwErrors ZwAssemblyConstraintNodeNameGet(szwEntityHandle constraintHandle, int nameSize, char *nodeName);
ZwAssemblyConstraintReferenceListGet	zwapi_assembly_constraint.h	192		ZW_API_C ezwErrors ZwAssemblyConstraintReferenceListGet(szwEntityHandle constraintHandle, int *count, szwEntityHandle **referenceList);
ZwAssemblyConstraintTypeGet	zwapi_assembly_constraint.h	167		ZW_API_C ezwErrors ZwAssemblyConstraintTypeGet(szwEntityHandle constraintHandle, ezwAssemblyConstraintType *type);
ZwAssemblyFeatureListGet	zwapi_feature_general.h	44		ZW_API_C ezwErrors ZwAssemblyFeatureListGet(int *countFeature, szwEntityHandle **featureList);
ZwAxisPointDistanceGet	zwapi_point.h	298		ZW_API_C ezwErrors ZwAxisPointDistanceGet(szwAxis axis, szwPoint point, double *distance);
ZwAxisPointGetByDistance	zwapi_point.h	325		ZW_API_C ezwErrors ZwAxisPointGetByDistance(szwAxis axis, double distance, szwPoint *point);
ZwAxisProjectionPointGet	zwapi_point.h	272		ZW_API_C ezwErrors ZwAxisProjectionPointGet(szwAxis axis, szwPoint point, szwPoint *projectPoint);
ZwAxisTransform	zwapi_point.h	246		ZW_API_C ezwErrors ZwAxisTransform(szwMatrix inputMatrix, szwAxis *axis);
ZwBendInformationGet	zwapi_sheet_metal.h	103		ZW_API_C ezwErrors ZwBendInformationGet(szwEntityHandle face, const zwString32 variableName, szwSmdBendInformation *bendInformation);
ZwBoundingBoxTransform	zwapi_boundingbox.h	44		ZW_API_C ezwErrors ZwBoundingBoxTransform(szwMatrix inputMatrix, szwBoundingBox *boundingBox);
ZwCSYSAxisGet	zwapi_datum.h	595		ZW_API_C ezwErrors ZwCSYSAxisGet(szwEntityHandle csys, ezwDatumAxisType type, szwEntityHandle *axis);
ZwCSYSCreateByPlaneAndDirection	zwapi_datum.h	571		ZW_API_C ezwErrors ZwCSYSCreateByPlaneAndDirection(szwDatumCSYSMethodPlaneAndDirection planeDirection, szwEntityHandle *csys);
ZwCSYSCreateByPlaneAndDirectionInit	zwapi_datum.h	540		ZW_API_C ezwErrors ZwCSYSCreateByPlaneAndDirectionInit(szwDatumCSYSMethodPlaneAndDirection *planeDirection);
ZwCSYSCreateByPointAndDirection	zwapi_datum.h	516		ZW_API_C ezwErrors ZwCSYSCreateByPointAndDirection(szwDatumCSYSMethodPointAndDirection pointDirection, szwEntityHandle *csys);
ZwCSYSCreateByPointAndDirectionInit	zwapi_datum.h	489		ZW_API_C ezwErrors ZwCSYSCreateByPointAndDirectionInit(szwDatumCSYSMethodPointAndDirection *pointDirection);
ZwCSYSCreateByThreePoints	zwapi_datum.h	469		ZW_API_C ezwErrors ZwCSYSCreateByThreePoints(szwDatumCSYSMethodThreePoints threePoints, szwEntityHandle *csys);
ZwCSYSCreateByThreePointsInit	zwapi_datum.h	442		ZW_API_C ezwErrors ZwCSYSCreateByThreePointsInit(szwDatumCSYSMethodThreePoints *threePoints);
ZwCSYSPlaneGet	zwapi_datum.h	619		ZW_API_C ezwErrors ZwCSYSPlaneGet(szwEntityHandle csys, ezwDatumPlaneType type, szwEntityHandle *plane);
ZwCamChamferFeatDataGet	zwapi_cm_ftr.h	793		ZW_API_C ezwErrors ZwCamChamferFeatDataGet(int feat_idx, szwCamFtrChamferAttr *chamfAttr);
ZwCamChamferFeatDataSet	zwapi_cm_ftr.h	813		ZW_API_C ezwErrors ZwCamChamferFeatDataSet(int feat_idx, const szwCamFtrChamferAttr *chamfAttr);
ZwCamCroundFeatDataGet	zwapi_cm_ftr.h	714		ZW_API_C ezwErrors ZwCamCroundFeatDataGet(int feat_idx, szwCamFtrCroundAttr *crndAttr);
ZwCamCroundFeatDataSet	zwapi_cm_ftr.h	734		ZW_API_C ezwErrors ZwCamCroundFeatDataSet(int feat_idx, const szwCamFtrCroundAttr *crndAttr);
ZwCamFolderCreate	zwapi_cm_folder.h	190		ZW_API_C ezwErrors ZwCamFolderCreate(const char *name, int parentIdx, int prevIdx, int *folderIdx);
ZwCamFolderNameGet	zwapi_cm_folder.h	231		ZW_API_C ezwErrors ZwCamFolderNameGet(int folderIdx, char *name, int size);
ZwCamFolderNameSet	zwapi_cm_folder.h	209		ZW_API_C ezwErrors ZwCamFolderNameSet(int folderIdx, const char *name);
ZwCamFtrElementListGet	zwapi_cm_ftr.h	570		ZW_API_C ezwErrors ZwCamFtrElementListGet(int feat_idx, int *elementCnt, int **elementIdxList);
ZwCamFtrGrpFeatListGet	zwapi_cm_ftr.h	544		ZW_API_C ezwErrors ZwCamFtrGrpFeatListGet(int idx_ftrgrp, int *featCnt, int **featIdxList);
ZwCamFtrGrpProfClassGet	zwapi_cm_ftr.h	851		ZW_API_C ezwErrors ZwCamFtrGrpProfClassGet(int ftrgrp_idx, ezwCamFtrProfileClass *profClass);
ZwCamFtrGrpProfClassSet	zwapi_cm_ftr.h	833		ZW_API_C ezwErrors ZwCamFtrGrpProfClassSet(int ftrgrp_idx, ezwCamFtrProfileClass profClass);
ZwCamHoleFeatDataGet	zwapi_cm_ftr.h	589		ZW_API_C ezwErrors ZwCamHoleFeatDataGet(int feat_idx, szwCamFtrHoleAttr *holeAttr);
ZwCamHoleFeatDataSet	zwapi_cm_ftr.h	612		ZW_API_C ezwErrors ZwCamHoleFeatDataSet(int feat_idx, const szwCamFtrHoleAttr *holeAttr);
ZwCamLicProductCheck	zwapi_cm_query.h	247		ZW_API_C ezwErrors ZwCamLicProductCheck(int product_index, int *check_flag);
ZwCamMachineIntGet	zwapi_cm_machine.h	286		ZW_API_C ezwErrors ZwCamMachineIntGet(int idx_mach, evxCmMachAttr param, int *value);
ZwCamMachineIntSet	zwapi_cm_machine.h	264		ZW_API_C ezwErrors ZwCamMachineIntSet(int idx_mach, evxCmMachAttr param, int value);
ZwCamMachineStrGet	zwapi_cm_machine.h	309		ZW_API_C ezwErrors ZwCamMachineStrGet(int idx_mach, evxCmMachAttr param, int strSize, char *str);
ZwCamMachineStrSet	zwapi_cm_machine.h	331		ZW_API_C ezwErrors ZwCamMachineStrSet(int idx_mach, evxCmMachAttr param, const char *str);
ZwCamOpDoubleGet	zwapi_cm_op_param.h	112		ZW_API_C ezwErrors ZwCamOpDoubleGet(int idx_Op, ezwCamOpParam param, double *value);
ZwCamOpDoubleSet	zwapi_cm_op_param.h	40		ZW_API_C ezwErrors ZwCamOpDoubleSet(int idx_Op, ezwCamOpParam param, double value);
ZwCamOpIntGet	zwapi_cm_op_param.h	130		ZW_API_C ezwErrors ZwCamOpIntGet(int idx_Op, ezwCamOpParam param, int *value);
ZwCamOpIntSet	zwapi_cm_op_param.h	58		ZW_API_C ezwErrors ZwCamOpIntSet(int idx_Op, ezwCamOpParam param, int value);
ZwCamOpObjGet	zwapi_cm_op_param.h	167		ZW_API_C ezwErrors ZwCamOpObjGet(int idx_Op, ezwCamOpParam param, void *obj_ptr);
ZwCamOpObjSet	zwapi_cm_op_param.h	94		ZW_API_C ezwErrors ZwCamOpObjSet(int idx_Op, ezwCamOpParam param, void *obj_ptr);
ZwCamOpSaveToXml	zwapi_cm_op.h	675		ZW_API_C ezwErrors ZwCamOpSaveToXml(int idx_op, const char *xmlPath);
ZwCamOpSetFolder	zwapi_cm_op.h	655		ZW_API_C ezwErrors ZwCamOpSetFolder(int idx_op, int idx_folder);
ZwCamOpStrGet	zwapi_cm_op_param.h	149		ZW_API_C ezwErrors ZwCamOpStrGet(int idx_Op, ezwCamOpParam param, char *str, int strSize);
ZwCamOpStrSet	zwapi_cm_op_param.h	76		ZW_API_C ezwErrors ZwCamOpStrSet(int idx_Op, ezwCamOpParam param, const char *str);
ZwCamProfElementDataGet	zwapi_cm_ftr.h	673		ZW_API_C ezwErrors ZwCamProfElementDataGet(int feat_idx, int element_idx, double *offset, double *draft, evxCmProfileTolLoc *tolloc);
ZwCamProfElementDataSet	zwapi_cm_ftr.h	695		ZW_API_C ezwErrors ZwCamProfElementDataSet(int prof_idx, int curve_idx, double newOffset, double newDraft, evxCmProfileTolLoc tolloc);
ZwCamProfFeatDataGet	zwapi_cm_ftr.h	631		ZW_API_C ezwErrors ZwCamProfFeatDataGet(int feat_idx, szwCamFtrProfileAttr *profAttr);
ZwCamProfFeatDataSet	zwapi_cm_ftr.h	651		ZW_API_C ezwErrors ZwCamProfFeatDataSet(int feat_idx, const szwCamFtrProfileAttr *profAttr);
ZwCamSlotFeatDataGet	zwapi_cm_ftr.h	754		ZW_API_C ezwErrors ZwCamSlotFeatDataGet(int feat_idx, szwCamFtrSlotAttr *slotAttr);
ZwCamSlotFeatDataSet	zwapi_cm_ftr.h	774		ZW_API_C ezwErrors ZwCamSlotFeatDataSet(int feat_idx, const szwCamFtrSlotAttr *slotAttr);
ZwCamToolExportAllToLibrary	zwapi_cm_tool.h	603		ZW_API_C ezwErrors ZwCamToolExportAllToLibrary(const vxLongPath library_path, const vxLongName file_name);
ZwCamToolInsertFromLibrary	zwapi_cm_tool.h	584		ZW_API_C ezwErrors ZwCamToolInsertFromLibrary(const vxLongPath library_path, const vxLongName file_name, const vxLongName tool_name, int *idx_tool);
ZwCamTreeRefresh	zwapi_cm_query.h	231		ZW_API_C ezwErrors ZwCamTreeRefresh(void);
ZwChildFeatureListGet	zwapi_feature_general.h	151		ZW_API_C ezwErrors ZwChildFeatureListGet(szwEntityHandle featureHandle, int *countChild, szwEntityHandle **childList);
ZwCommandCallbackLoad	zwapi_command.h	274		ZW_API_C ezwErrors ZwCommandCallbackLoad(const char *name, zwFunctionPointer callbackPointer);
ZwCommandFunctionLoad	zwapi_command.h	233		ZW_API_C ezwErrors ZwCommandFunctionLoad(const char *name, zwFunctionPointer functionPointer, ezwCommandLicenseType code);
ZwCommandFunctionUnload	zwapi_command.h	295		ZW_API_C ezwErrors ZwCommandFunctionUnload(const char *name);
ZwCommandLicenseCheck	zwapi_command.h	126		ZW_API_C ezwErrors ZwCommandLicenseCheck(const char *name);
ZwCommandMacroExecute	zwapi_command.h	416		ZW_API_C ezwErrors ZwCommandMacroExecute(ezwMacroType macroType, const char *input, char **outputMessage);
ZwCommandMacroPathGet	zwapi_command.h	448		ZW_API_C ezwErrors ZwCommandMacroPathGet(char *directory, int directorySize, char *fileName, int fileSize);
ZwCommandParameterDirectionSet	zwapi_template_command.h	85		ZW_API_C ezwErrors ZwCommandParameterDirectionSet(int idData, int idField, szwDirection direction);
ZwCommandParameterEntityAdd	zwapi_template_command.h	61		ZW_API_C ezwErrors ZwCommandParameterEntityAdd(int idData, int idField, int count, const szwEntityHandle *entityList);
ZwCommandPost	zwapi_command.h	56		ZW_API_C ezwErrors ZwCommandPost(const char *command, ezwCommandPostPriority priority);
ZwCommandPostExecuteAll	zwapi_command.h	69		ZW_API_C ezwErrors ZwCommandPostExecuteAll();
ZwCommandReactorSet	zwapi_command.h	167		ZW_API_C ezwErrors ZwCommandReactorSet(ezwCommandReactorType type, szwCommandReactorData data);
ZwCommandSend	zwapi_command.h	97		ZW_API_C ezwErrors ZwCommandSend(const char *command);
ZwCommandVariableLoad	zwapi_command.h	328		ZW_API_C ezwErrors ZwCommandVariableLoad(const char *name, zwFunctionPointer variablePointer);
ZwCommandVariableUnload	zwapi_command.h	348		ZW_API_C ezwErrors ZwCommandVariableUnload(const char *name);
ZwComponentActivate	zwapi_component.h	61		ZW_API_C ezwErrors ZwComponentActivate(szwEntityHandle newComponentHandle, int updateGUI, szwEntityHandle *oldComponentHandle);
ZwComponentConfigGet	zwapi_configtable.h	114		ZW_API_C ezwErrors ZwComponentConfigGet(szwEntityHandle componentHandle, szwEntityHandle *configHandle);
ZwComponentConfigListGet	zwapi_configtable.h	88		ZW_API_C ezwErrors ZwComponentConfigListGet(szwEntityHandle componentHandle, int *countConfig, szwEntityHandle **configList);
ZwComponentConfigSet	zwapi_configtable.h	137		ZW_API_C ezwErrors ZwComponentConfigSet(szwEntityHandle componentHandle, szwEntityHandle configHandle);
ZwComponentFileAndRootGet	zwapi_component.h	87		ZW_API_C ezwErrors ZwComponentFileAndRootGet(szwEntityHandle componentHandle, int nFileBytes, char *fileName, int nRootBytes, char *rootName);
ZwComponentFileLostCheck	zwapi_component.h	146		ZW_API_C ezwErrors ZwComponentFileLostCheck(szwEntityHandle componentHandle, int *isFileLost);
ZwComponentFileSaveAs	zwapi_component.h	555		ZW_API_C ezwErrors ZwComponentFileSaveAs(szwEntityHandle componentHandle, ezwComponentSaveAsOption option, const zwPath pathFile);
ZwComponentFileSet	zwapi_component.h	517		ZW_API_C ezwErrors ZwComponentFileSet(szwEntityHandle componentHandle, const zwPath file, const zwRootName root);
ZwComponentFixSet	zwapi_component.h	580		ZW_API_C ezwErrors ZwComponentFixSet(szwEntityHandle handle, int isFix);
ZwComponentFolderCreate	zwapi_component.h	709		ZW_API_C ezwErrors ZwComponentFolderCreate(int count, const szwEntityHandle *componentHandle, const zwString32 folderName, szwEntityHandle *folderHandle);
ZwComponentFolderDelete	zwapi_component.h	800		ZW_API_C ezwErrors ZwComponentFolderDelete(szwEntityHandle folderHandle, int deleteComponent);
ZwComponentFolderInsert	zwapi_component.h	731		ZW_API_C ezwErrors ZwComponentFolderInsert(szwEntityHandle componentHandle, szwEntityHandle folderHandle);
ZwComponentFolderListGet	zwapi_component.h	755		ZW_API_C ezwErrors ZwComponentFolderListGet(int *folderCount, szwEntityHandle **folderList);
ZwComponentFolderParentComponentGet	zwapi_component.h	778		ZW_API_C ezwErrors ZwComponentFolderParentComponentGet(szwEntityHandle folderHandle, szwEntityHandle *componentHandle);
ZwComponentGetByMergeShape	zwapi_component.h	607		ZW_API_C ezwErrors ZwComponentGetByMergeShape(szwEntityHandle shape, szwEntityHandle *component);
ZwComponentInsert	zwapi_component.h	389		ZW_API_C ezwErrors ZwComponentInsert(szwComponentInsertData data, const int *identifyCode, szwEntityHandle *componentHandle);
ZwComponentInsertInit	zwapi_component.h	339		ZW_API_C ezwErrors ZwComponentInsertInit(szwComponentInsertData *data);
ZwComponentInsertNew	zwapi_component.h	484		ZW_API_C ezwErrors ZwComponentInsertNew(szwComponentInsertNewData data, const int *identifyCode, szwEntityHandle *componentHandle);
ZwComponentInsertNewInit	zwapi_component.h	410		ZW_API_C ezwErrors ZwComponentInsertNewInit(szwComponentInsertNewData *data);
ZwComponentInterferenceCheck	zwapi_component.h	663		ZW_API_C ezwErrors ZwComponentInterferenceCheck(szwComponentInterferenceCheckData data, int *countInterference, szwComponentInterferenceResultData **interferenceData);
ZwComponentInterferenceFree	zwapi_component.h	678		ZW_API_C ezwErrors ZwComponentInterferenceFree(int countInterference, szwComponentInterferenceResultData **interferenceData);
ZwComponentListGet	zwapi_component.h	117		ZW_API_C ezwErrors ZwComponentListGet(const szwEntityHandle *componentHandle, int depth, int isIgnoreBlank, int isIgnoreSuppress, int isIncludeUnplaced, int *handleCount, szwEntityHandle **handleList);
ZwComponentPackedGet	zwapi_component.h	231		ZW_API_C ezwErrors ZwComponentPackedGet(szwEntityHandle componentHandle, int *isPacked);
ZwComponentPackedSet	zwapi_component.h	279		ZW_API_C ezwErrors ZwComponentPackedSet(const szwEntityHandle *componentHandle, int isPacked);
ZwComponentPathAndRootListGet	zwapi_component.h	313		ZW_API_C ezwErrors ZwComponentPathAndRootListGet(int *countComponent, zwPath **pathList, zwRootName **nameList);
ZwComponentRelationDissolve	zwapi_component.h	434		ZW_API_C ezwErrors ZwComponentRelationDissolve(szwEntityHandle feature, int *count, szwEntityHandle **componentList);
ZwComponentShapeInterferenceCheck	zwapi_component.h	638		ZW_API_C ezwErrors ZwComponentShapeInterferenceCheck(szwEntityHandle component1, szwEntityHandle component2, int ignoreOpenShape, int ignoreHiddenShape, int *interference, double *volume);
ZwComponentUnplacedCheck	zwapi_component.h	164		ZW_API_C ezwErrors ZwComponentUnplacedCheck(szwEntityHandle componentHandle, int *isUnplaced);
ZwComponentUserAttributeDelete	zwapi_attribute.h	461		ZW_API_C ezwErrors ZwComponentUserAttributeDelete(szwEntityHandle component, int strictFlag, int count, const zwString64 *nameList);
ZwComponentUserAttributeGet	zwapi_attribute.h	370		ZW_API_C ezwErrors ZwComponentUserAttributeGet(szwEntityHandle component, const zwString64 attributeName, int *count, szwUserAttribute **attributeList);
ZwComponentUserAttributeSet	zwapi_attribute.h	432		ZW_API_C ezwErrors ZwComponentUserAttributeSet(szwEntityHandle component, int count, const szwUserAttribute *attributeList);
ZwComponentVisibilityGet	zwapi_component.h	186		ZW_API_C ezwErrors ZwComponentVisibilityGet(szwEntityHandle componentHandle, int *isVisible);
ZwComponentVisibilitySet	zwapi_component.h	209		ZW_API_C ezwErrors ZwComponentVisibilitySet(szwEntityHandle componentHandle, int isVisible);
ZwConfigActivate	zwapi_configtable.h	160		ZW_API_C ezwErrors ZwConfigActivate(szwEntityHandle configHandle);
ZwConfigActiveGet	zwapi_configtable.h	43		ZW_API_C ezwErrors ZwConfigActiveGet(szwEntityHandle *config);
ZwConfigListGet	zwapi_configtable.h	65		ZW_API_C ezwErrors ZwConfigListGet(int *countConfig, szwEntityHandle **configList);
ZwConfigTableRefresh	zwapi_configtable.h	177		ZW_API_C ezwErrors ZwConfigTableRefresh();
ZwConstraintCoincidentAdd	zwapi_assembly_constraint.h	49		ZW_API_C ezwErrors ZwConstraintCoincidentAdd(szwEntityHandle entity1, const szwPoint *point1, szwEntityHandle entity2, const szwPoint *point2, const szwAssemblyConstraintData *constraintData, szwEntityHandle *constraintH
ZwCursorGet	zwapi_point.h	89		ZW_API_C ezwErrors ZwCursorGet(szwPoint *point, szwEntityHandle *viewHandle);
ZwCurveCentroidPointGet	zwapi_curve.h	732		ZW_API_C ezwErrors ZwCurveCentroidPointGet(szwEntityHandle curveHandle, szwPoint *centroidPoint);
ZwCurveChainGet	zwapi_curve.h	329		ZW_API_C ezwErrors ZwCurveChainGet(int seedCount, const szwEntityHandle *seedHandles, ezwCurveChainType type, int *countFound, szwEntityHandle **foundHandle);
ZwCurveClosureCheck	zwapi_curve.h	144		ZW_API_C ezwErrors ZwCurveClosureCheck(int count, const szwEntityHandle *curveHandle, int *closure);
ZwCurveContinuityGet	zwapi_curve.h	432		ZW_API_C ezwErrors ZwCurveContinuityGet(int count, const szwEntityHandle *curveHandles, szwCurveContinuityToleranceList tolerance, int *countContinuity, szwCurveContinuityData **data);
ZwCurveContinuityToleranceListInit	zwapi_curve.h	455		ZW_API_C ezwErrors ZwCurveContinuityToleranceListInit(szwCurveContinuityToleranceList *data);
ZwCurveCurvatureGet	zwapi_curve.h	631		ZW_API_C ezwErrors ZwCurveCurvatureGet(szwEntityHandle curveHandle, double t, szwPoint *point, szwPoint *normal, double *curvature);
ZwCurveCuspsGet	zwapi_curve.h	558		ZW_API_C ezwErrors ZwCurveCuspsGet(szwEntityHandle curveHandle, int *count, double **T, szwPoint **cusps);
ZwCurveDataTransform	zwapi_curve.h	45		ZW_API_C ezwErrors ZwCurveDataTransform(szwMatrix inputMatrix, szwCurve *curve);
ZwCurveDifferentiate	zwapi_curve.h	684		ZW_API_C ezwErrors ZwCurveDifferentiate(szwEntityHandle curveHandle, double t, int level, szwCurveDerivative *evaluate, szwVector *normal);
ZwCurveEndPointGet	zwapi_curve.h	703		ZW_API_C ezwErrors ZwCurveEndPointGet(szwEntityHandle entityHandle, szwPoint *start, szwPoint *end);
ZwCurveExtremePointAndBoundingBoxGet	zwapi_curve.h	594		ZW_API_C ezwErrors ZwCurveExtremePointAndBoundingBoxGet(szwEntityHandle curveHandle, int *count, szwPoint **points, szwBoundingBox *boundingBox);
ZwCurveExtremePointGet	zwapi_curve.h	186		ZW_API_C ezwErrors ZwCurveExtremePointGet(szwEntityHandle curveHandle, szwVector direction, int *isPerpendicular, szwPoint *point);
ZwCurveFree	zwapi_curve.h	806		ZW_API_C ezwErrors ZwCurveFree(szwCurve *curve);
ZwCurveInflectionPointGet	zwapi_curve.h	523		ZW_API_C ezwErrors ZwCurveInflectionPointGet(szwEntityHandle curveHandle, int *count, double **T, szwPoint **inflectPoints);
ZwCurveLengthGet	zwapi_curve.h	215		ZW_API_C ezwErrors ZwCurveLengthGet(szwEntityHandle curveHandle, double *length);
ZwCurveLineCheck	zwapi_curve.h	73		ZW_API_C ezwErrors ZwCurveLineCheck(szwEntityHandle curveHandle, int *isLine);
ZwCurveListGet	zwapi_curve.h	830		ZW_API_C ezwErrors ZwCurveListGet(int *countCurve, szwEntityHandle **curveList);
ZwCurveModifyTypeConvert	zwapi_curve.h	849		ZW_API_C ezwErrors ZwCurveModifyTypeConvert(szwEntityHandle curve);
ZwCurveNURBSDataGet	zwapi_curve.h	788		ZW_API_C ezwErrors ZwCurveNURBSDataGet(szwEntityHandle entityHandle, int nurbs, szwCurve *curve);
ZwCurvePointGetByDistance	zwapi_curve.h	487		ZW_API_C ezwErrors ZwCurvePointGetByDistance(szwEntityHandle curveHandle, double startT, double length, double *T, szwPoint *point);
ZwCurvePointGetByLengthFraction	zwapi_curve.h	109		ZW_API_C ezwErrors ZwCurvePointGetByLengthFraction(szwEntityHandle curveHandle, double fraction, szwPoint *point);
ZwCurveProjectionPointGet	zwapi_curve.h	363		ZW_API_C ezwErrors ZwCurveProjectionPointGet(szwEntityHandle curveHandle, szwPoint point, double *tParameter, szwPoint *projectedPoint);
ZwCurveRadiusRangeGet	zwapi_curve.h	281		ZW_API_C ezwErrors ZwCurveRadiusRangeGet(szwEntityHandle curveHandle, double *minRadius, double *maxRadius, int *isFlat);
ZwCurveSegmentLengthGet	zwapi_curve.h	247		ZW_API_C ezwErrors ZwCurveSegmentLengthGet(szwEntityHandle curveHandle, double startT, double endT, double *length);
ZwCurveTParameterRangeGet	zwapi_curve.h	392		ZW_API_C ezwErrors ZwCurveTParameterRangeGet(szwEntityHandle curveHandle, szwLimit *tLimit);
ZwCurveTessellationPointListGet	zwapi_curve.h	756		ZW_API_C ezwErrors ZwCurveTessellationPointListGet(szwEntityHandle curve, double chordTolerance, double lengthTolerance, int *nPoints, szwPoint **points);
ZwCustomViewGetByName	zwapi_view.h	527		ZW_API_C ezwErrors ZwCustomViewGetByName(const zwString32 viewName, szwEntityHandle *viewHandle);
ZwCustomViewNameGet	zwapi_view.h	462		ZW_API_C ezwErrors ZwCustomViewNameGet(szwEntityHandle viewHandle, int nameLength, char *customViewName);
ZwCustomViewNameSet	zwapi_view.h	497		ZW_API_C ezwErrors ZwCustomViewNameSet(szwEntityHandle viewHandle, const zwString32 viewNewName);
ZwDatumAxisCreateByCenter	zwapi_datum.h	153		ZW_API_C ezwErrors ZwDatumAxisCreateByCenter(szwEntityHandle geometry, int flip, szwEntityHandle *axis);
ZwDatumAxisCreateByCurve	zwapi_datum.h	127		ZW_API_C ezwErrors ZwDatumAxisCreateByCurve(szwEntityHandle curve, double percents, ezwDatumAxisDirectionType type, int flip, szwEntityHandle *axis);
ZwDatumAxisCreateByIntersectedFaces	zwapi_datum.h	99		ZW_API_C ezwErrors ZwDatumAxisCreateByIntersectedFaces(szwEntityHandle face1, szwEntityHandle face2, int flip, szwEntityHandle *axis);
ZwDatumAxisCreateByPointAndDirection	zwapi_datum.h	72		ZW_API_C ezwErrors ZwDatumAxisCreateByPointAndDirection(szwPoint origin, szwVector direction, szwEntityHandle *axis);
ZwDatumAxisCreateByTwoPoints	zwapi_datum.h	47		ZW_API_C ezwErrors ZwDatumAxisCreateByTwoPoints(szwPoint startPoint, szwPoint endPoint, szwEntityHandle *axis);
ZwDatumAxisDirectionGet	zwapi_datum.h	242		ZW_API_C ezwErrors ZwDatumAxisDirectionGet(szwEntityHandle axis, szwPoint *point, szwPoint *direction);
ZwDatumAxisLengthGet	zwapi_datum.h	173		ZW_API_C ezwErrors ZwDatumAxisLengthGet(szwEntityHandle axis, double *length);
ZwDatumAxisLengthSet	zwapi_datum.h	199		ZW_API_C ezwErrors ZwDatumAxisLengthSet(szwEntityHandle axis, double length);
ZwDatumAxisListGet	zwapi_datum.h	221		ZW_API_C ezwErrors ZwDatumAxisListGet(int *count, szwEntityHandle **axisList);
ZwDatumCSYSListGet	zwapi_datum.h	661		ZW_API_C ezwErrors ZwDatumCSYSListGet(int *count, szwEntityHandle **csysList);
ZwDatumPlaneCreateByAngelToFace	zwapi_datum.h	332		ZW_API_C ezwErrors ZwDatumPlaneCreateByAngelToFace(szwEntityHandle face, szwEntityHandle axis, szwPoint origin, double angel, szwEntityHandle *plane);
ZwDatumPlaneCreateByCurve	zwapi_datum.h	359		ZW_API_C ezwErrors ZwDatumPlaneCreateByCurve(szwEntityHandle curve, double percents, ezwDatumPlaneDirectionType type, szwEntityHandle *plane);
ZwDatumPlaneCreateByDynamic	zwapi_datum.h	389		ZW_API_C ezwErrors ZwDatumPlaneCreateByDynamic(szwPoint position, szwVector xAxis, szwVector yAxis, szwVector zAxis, szwEntityHandle *plane);
ZwDatumPlaneCreateByMatrix	zwapi_datum.h	419		ZW_API_C ezwErrors ZwDatumPlaneCreateByMatrix(szwMatrix planeMatrix, szwEntityHandle *plane);
ZwDatumPlaneCreateByOffsetPlane	zwapi_datum.h	276		ZW_API_C ezwErrors ZwDatumPlaneCreateByOffsetPlane(szwEntityHandle originPlane, szwPoint origin, double offset, szwEntityHandle *plane);
ZwDatumPlaneCreateByThreePoints	zwapi_datum.h	304		ZW_API_C ezwErrors ZwDatumPlaneCreateByThreePoints(szwPoint origin, szwPoint xPoint, szwPoint yPoint, int flip, szwEntityHandle *plane);
ZwDefaultCSYSGet	zwapi_datum.h	639		ZW_API_C ezwErrors ZwDefaultCSYSGet(szwEntityHandle *csys);
ZwDimensionTextPointGet	zwapi_dimension.h	40		ZW_API_C ezwErrors ZwDimensionTextPointGet(szwEntityHandle dimensionHandle, szwPoint *textPoint);
ZwDisplayState	zwapi_display.h	754		ZW_API_C ezwErrors ZwDisplayState(ezwDisplayOption option, zwDisplayState state);
ZwDocumentReactorSet	zwapi_global_apply.h	1206		ZW_API_C ezwErrors ZwDocumentReactorSet(ezwDocumentReactorType type, szwDocumentReactorData data);
ZwDrawingAutoBalloonCreate	zwapi_drawing_dimension.h	779		ZW_API_C ezwErrors ZwDrawingAutoBalloonCreate(szwDrawingAutoBalloonData autoBalloonData, int *dimensionCount, szwEntityHandle **dimensionList);
ZwDrawingAutoBalloonInit	zwapi_drawing_dimension.h	745		ZW_API_C ezwErrors ZwDrawingAutoBalloonInit(szwDrawingAutoBalloonData *data);
ZwDrawingBreakLineAttributeGet	zwapi_drawing_general.h	178		ZW_API_C ezwErrors ZwDrawingBreakLineAttributeGet(szwEntityHandle breakLineHandle, szwBreakLineAttribute *data);
ZwDrawingBreakLineAttributeSet	zwapi_drawing_general.h	142		ZW_API_C ezwErrors ZwDrawingBreakLineAttributeSet(szwEntityHandle breakLineHandle, szwBreakLineAttribute data);
ZwDrawingCrossHatchCreate	zwapi_drawing_wireframe.h	98		ZW_API_C ezwErrors ZwDrawingCrossHatchCreate(int entityCount, const szwEntityHandle *entityList, int insideCount, const szwPoint2 *insideList, int isSplit, szwCrossHatchData data, szwEntityHandle *hatch);
ZwDrawingCrossHatchInit	zwapi_drawing_wireframe.h	42		ZW_API_C ezwErrors ZwDrawingCrossHatchInit(szwCrossHatchData *data);
ZwDrawingDimensionAngularCreate	zwapi_drawing_dimension.h	946		ZW_API_C ezwErrors ZwDrawingDimensionAngularCreate(szwDrawingAngularDimensionData data, szwEntityHandle *dimension);
ZwDrawingDimensionArcCreate	zwapi_drawing_dimension.h	972		ZW_API_C ezwErrors ZwDrawingDimensionArcCreate(szwDrawingArcDimensionData data, szwEntityHandle *dimension);
ZwDrawingDimensionAutoCreate	zwapi_drawing_dimension.h	514		ZW_API_C ezwErrors ZwDrawingDimensionAutoCreate(szwEntityHandle viewHandle, szwAutoDimensionData data, int *count, szwEntityHandle **handleList);
ZwDrawingDimensionAutoInit	zwapi_drawing_dimension.h	484		ZW_API_C ezwErrors ZwDrawingDimensionAutoInit(szwAutoDimensionData *data);
ZwDrawingDimensionBalloonCreate	zwapi_drawing_dimension.h	1004		ZW_API_C ezwErrors ZwDrawingDimensionBalloonCreate(szwDrawingBalloonDimension data, szwEntityHandle *balloon);
ZwDrawingDimensionBaseLineCreate	zwapi_drawing_dimension.h	1087		ZW_API_C ezwErrors ZwDrawingDimensionBaseLineCreate(szwDrawingBaseLineDimension data, int *count, szwEntityHandle **baseLine);
ZwDrawingDimensionCenterLineCreate	zwapi_drawing_dimension.h	571		ZW_API_C ezwErrors ZwDrawingDimensionCenterLineCreate(szwDrawingCenterLine centerLine, szwEntityHandle *dimensionHandle);
ZwDrawingDimensionCenterLineInit	zwapi_drawing_dimension.h	531		ZW_API_C ezwErrors ZwDrawingDimensionCenterLineInit(szwDrawingCenterLine *data);
ZwDrawingDimensionCenterMarkCircleCreate	zwapi_drawing_dimension.h	1112		ZW_API_C ezwErrors ZwDrawingDimensionCenterMarkCircleCreate(szwCenterMarkCircleDimension data, szwEntityHandle *circle);
ZwDrawingDimensionCenterMarkCreate	zwapi_drawing_dimension.h	682		ZW_API_C ezwErrors ZwDrawingDimensionCenterMarkCreate(szwDrawingCenterMark data, int *countDimension, szwEntityHandle **dimensionList);
ZwDrawingDimensionCenterMarkInit	zwapi_drawing_dimension.h	642		ZW_API_C ezwErrors ZwDrawingDimensionCenterMarkInit(szwDrawingCenterMark *data);
ZwDrawingDimensionContinuousCreate	zwapi_drawing_dimension.h	625		ZW_API_C ezwErrors ZwDrawingDimensionContinuousCreate(szwDrawingLineGroupDimension data, int *countDimension, szwEntityHandle **dimensionList);
ZwDrawingDimensionContinuousInit	zwapi_drawing_dimension.h	589		ZW_API_C ezwErrors ZwDrawingDimensionContinuousInit(szwDrawingLineGroupDimension *data);
ZwDrawingDimensionDatumFeatureCreate	zwapi_drawing_dimension.h	1055		ZW_API_C ezwErrors ZwDrawingDimensionDatumFeatureCreate(szwDrawingDatumFeatureDimension data, szwEntityHandle *datumFeature);
ZwDrawingDimensionDatumTargetCreate	zwapi_drawing_dimension.h	262		ZW_API_C ezwErrors ZwDrawingDimensionDatumTargetCreate(szwDatumTargetData data, szwEntityHandle *dimension);
ZwDrawingDimensionEntityGet	zwapi_drawing_dimension.h	64		ZW_API_C ezwErrors ZwDrawingDimensionEntityGet(szwEntityHandle dimensionHandle, int *count, szwEntityHandle **entityList);
ZwDrawingDimensionFeatureControlCreate	zwapi_drawing_dimension.h	313		ZW_API_C ezwErrors ZwDrawingDimensionFeatureControlCreate(const szwPointOnEntity *leaderPoint, szwPointOnEntity locationPoint, szwDrawingFeatureControlData data, szwEntityHandle *featureControl);
ZwDrawingDimensionHoleCalloutCreate	zwapi_drawing_dimension.h	215		ZW_API_C ezwErrors ZwDrawingDimensionHoleCalloutCreate(szwDrawingHoleCalloutData data, int *count, szwEntityHandle **dimensions);
ZwDrawingDimensionHoleCalloutInit	zwapi_drawing_dimension.h	154		ZW_API_C ezwErrors ZwDrawingDimensionHoleCalloutInit(szwDrawingHoleCalloutData *data);
ZwDrawingDimensionIntersectionSymbolCreate	zwapi_drawing_dimension.h	355		ZW_API_C ezwErrors ZwDrawingDimensionIntersectionSymbolCreate(szwEntityHandle curve1, szwEntityHandle curve2, szwEntityHandle *dimension);
ZwDrawingDimensionLabelCoordinateCreate	zwapi_drawing_dimension.h	1030		ZW_API_C ezwErrors ZwDrawingDimensionLabelCoordinateCreate(szwDrawingLabelCoordinateDimension data, szwEntityHandle *coordinate);
ZwDrawingDimensionLabelCreate	zwapi_drawing_dimension.h	728		ZW_API_C ezwErrors ZwDrawingDimensionLabelCreate(szwDimensionLabel label, szwEntityHandle *dimension);
ZwDrawingDimensionLabelInit	zwapi_drawing_dimension.h	699		ZW_API_C ezwErrors ZwDrawingDimensionLabelInit(szwDimensionLabel *data);
ZwDrawingDimensionLinearChamferCreate	zwapi_drawing_dimension.h	830		ZW_API_C ezwErrors ZwDrawingDimensionLinearChamferCreate(szwDrawingLinearChamferDimensionData data, szwEntityHandle *dimension);
ZwDrawingDimensionLinearChamferInit	zwapi_drawing_dimension.h	801		ZW_API_C ezwErrors ZwDrawingDimensionLinearChamferInit(szwDrawingLinearChamferDimensionData *data);
ZwDrawingDimensionLinearCreate	zwapi_drawing_dimension.h	862		ZW_API_C ezwErrors ZwDrawingDimensionLinearCreate(szwDrawingLinearDimension data, szwEntityHandle *dimension);
ZwDrawingDimensionLinearOffsetCreate	zwapi_drawing_dimension.h	893		ZW_API_C ezwErrors ZwDrawingDimensionLinearOffsetCreate(szwDrawingLinearOffsetDimension data, szwEntityHandle *dimension);
ZwDrawingDimensionOrdinateCreate	zwapi_drawing_dimension.h	408		ZW_API_C ezwErrors ZwDrawingDimensionOrdinateCreate(szwDrawingDimensionOrdinate data, int *numberDimension, szwEntityHandle **dimensionList);
ZwDrawingDimensionOrdinateInit	zwapi_drawing_dimension.h	376		ZW_API_C ezwErrors ZwDrawingDimensionOrdinateInit(szwDrawingDimensionOrdinate *data);
ZwDrawingDimensionRadialCreate	zwapi_drawing_dimension.h	919		ZW_API_C ezwErrors ZwDrawingDimensionRadialCreate(szwRadialDimensionData data, szwEntityHandle *dimension);
ZwDrawingDimensionReferenceStateGet	zwapi_drawing_dimension.h	84		ZW_API_C ezwErrors ZwDrawingDimensionReferenceStateGet(szwEntityHandle dimension, int *state);
ZwDrawingDimensionReferenceStateSet	zwapi_drawing_dimension.h	131		ZW_API_C ezwErrors ZwDrawingDimensionReferenceStateSet(int count, const szwEntityHandle *dimensions, int state);
ZwDrawingDimensionSymmetryCreate	zwapi_drawing_dimension.h	459		ZW_API_C ezwErrors ZwDrawingDimensionSymmetryCreate(szwDrawingDimensionSymmetryData symmetryData, szwEntityHandle *dimension);
ZwDrawingDimensionSymmetryInit	zwapi_drawing_dimension.h	429		ZW_API_C ezwErrors ZwDrawingDimensionSymmetryInit(szwDrawingDimensionSymmetryData *data);
ZwDrawingDimensionTextPositionPointsGet	zwapi_drawing_dimension.h	104		ZW_API_C ezwErrors ZwDrawingDimensionTextPositionPointsGet(szwEntityHandle dimension, szwDrawingDimensionTextPositionPoints *positionPoints);
ZwDrawingDiscreteEntityGet	zwapi_drawing_general.h	272		ZW_API_C ezwErrors ZwDrawingDiscreteEntityGet(szwEntityHandle drawingViewHandle, const zwPath fileName, const szwEntityHandle *sketchHandle, szwEntityHandle entityHandle, szwEntityHandle *discreteEntityHandle);
ZwDrawingDiscreteProjectionStateCheck	zwapi_drawing_view.h	1253		ZW_API_C ezwErrors ZwDrawingDiscreteProjectionStateCheck(int *isInCalculating);
ZwDrawingEntityComponentGet	zwapi_drawing_general.h	227		ZW_API_C ezwErrors ZwDrawingEntityComponentGet(szwEntityHandle entityHandle, szwEntityHandle *componentHandle, int nFileBytes, char *file, int nParentBytes, char *parent);
ZwDrawingGeometryParentViewGet	zwapi_drawing_general.h	40		ZW_API_C ezwErrors ZwDrawingGeometryParentViewGet(szwEntityHandle geometryHandle, szwEntityHandle *viewHandle);
ZwDrawingHatchAssociateCurveListGet	zwapi_drawing_general.h	66		ZW_API_C ezwErrors ZwDrawingHatchAssociateCurveListGet(szwEntityHandle hatchHandle, int *countCurve, szwEntityHandle **curveList);
ZwDrawingHatchAttributeGet	zwapi_drawing_general.h	105		ZW_API_C ezwErrors ZwDrawingHatchAttributeGet(szwEntityHandle hatchHandle, szwCrossHatchData *hatchAttribute);
ZwDrawingHatchAttributeSet	zwapi_drawing_general.h	85		ZW_API_C ezwErrors ZwDrawingHatchAttributeSet(szwEntityHandle hatchHandle, szwCrossHatchData hatchAttribute);
ZwDrawingRegen	zwapi_drawing_general.h	302		ZW_API_C ezwErrors ZwDrawingRegen(int count, const szwEntityHandle *viewList, int regenUnmodifiedViews, int regenTables, int promptViewRegen, int regenSketch, int regenAllSheets);
ZwDrawingRotateViewDataInit	zwapi_drawing_view.h	784		ZW_API_C ezwErrors ZwDrawingRotateViewDataInit(szwDrawingRotateViewData *data);
ZwDrawingSheetActivate	zwapi_drawing_sheet.h	36		ZW_API_C ezwErrors ZwDrawingSheetActivate(const zwString256 sheetName);
ZwDrawingSheetActivateByHandle	zwapi_drawing_sheet.h	58		ZW_API_C ezwErrors ZwDrawingSheetActivateByHandle(const szwEntityHandle *sheetHandle);
ZwDrawingSheetDimensionListGet	zwapi_drawing_sheet.h	131		ZW_API_C ezwErrors ZwDrawingSheetDimensionListGet(const szwEntityHandle *sheetHandle, int viewDimension, int dimensionTypeCount, const ezwDimensionType *dimensionTypeList, int *count, szwEntityHandle **dimensions);
ZwDrawingSheetListGet	zwapi_drawing_sheet.h	84		ZW_API_C ezwErrors ZwDrawingSheetListGet(int *count, szwEntityHandle **sheetList);
ZwDrawingSheetModifiedStateCheck	zwapi_drawing_sheet.h	195		ZW_API_C ezwErrors ZwDrawingSheetModifiedStateCheck(szwEntityHandle sheet, int *modified);
ZwDrawingSheetViewListGet	zwapi_drawing_sheet.h	165		ZW_API_C ezwErrors ZwDrawingSheetViewListGet(const szwEntityHandle *sheet, ezwDrawingViewType type, int *count, szwEntityHandle **viewList);
ZwDrawingSymbolHoleMarkCreate	zwapi_drawing_symbol.h	74		ZW_API_C ezwErrors ZwDrawingSymbolHoleMarkCreate(szwDrawingSymbolHoleMark data, int *numberSymbol, szwEntityHandle **symbolList);
ZwDrawingSymbolHoleMarkInit	zwapi_drawing_symbol.h	42		ZW_API_C ezwErrors ZwDrawingSymbolHoleMarkInit(ezwDrawingSymbolHoleMarkType type, szwDrawingSymbolHoleMark *data);
ZwDrawingSymbolOLEObjectCreate	zwapi_drawing_symbol.h	100		ZW_API_C ezwErrors ZwDrawingSymbolOLEObjectCreate(const zwPath filePath, int linkFlag, const szwPoint2 *insertPoint, szwEntityHandle *symbolHandle);
ZwDrawingSymbolOLEObjectDataGet	zwapi_drawing_symbol.h	127		ZW_API_C ezwErrors ZwDrawingSymbolOLEObjectDataGet(szwEntityHandle symbolHandle, int *linkFlag, int size, char *filePath);
ZwDrawingSymbolOLEObjectExport	zwapi_drawing_symbol.h	159		ZW_API_C ezwErrors ZwDrawingSymbolOLEObjectExport(szwEntityHandle symbolHandle, const char *filePath);
ZwDrawingSymbolSurfaceFinishCreate	zwapi_drawing_symbol.h	272		ZW_API_C ezwErrors ZwDrawingSymbolSurfaceFinishCreate(szwDrawingSymbolSurfaceFinish data, szwEntityHandle *surfaceFinishHandle);
ZwDrawingSymbolSurfaceFinishInit	zwapi_drawing_symbol.h	247		ZW_API_C ezwErrors ZwDrawingSymbolSurfaceFinishInit(szwDrawingSymbolSurfaceFinish *data);
ZwDrawingSymbolWeldCreate	zwapi_drawing_symbol.h	212		ZW_API_C ezwErrors ZwDrawingSymbolWeldCreate(szwSymbolWeldData data, szwEntityHandle *symbolWeld);
ZwDrawingSymbolWeldDataGet	zwapi_drawing_symbol.h	302		ZW_API_C ezwErrors ZwDrawingSymbolWeldDataGet(szwEntityHandle symbolWeld, szwSymbolWeldData *data);
ZwDrawingSymbolWeldDataSet	zwapi_drawing_symbol.h	323		ZW_API_C ezwErrors ZwDrawingSymbolWeldDataSet(szwEntityHandle symbolWeld, szwSymbolWeldData data);
ZwDrawingSymbolWeldFree	zwapi_drawing_symbol.h	229		ZW_API_C ezwErrors ZwDrawingSymbolWeldFree(szwSymbolWeldData *data);
ZwDrawingSymbolWeldInit	zwapi_drawing_symbol.h	181		ZW_API_C ezwErrors ZwDrawingSymbolWeldInit(szwSymbolWeldData *data);
ZwDrawingTableAnnotationCreate	zwapi_drawing_table.h	194		ZW_API_C ezwErrors ZwDrawingTableAnnotationCreate(szwDrawingTableAnnotation data, szwEntityHandle *table, int *annotationNumber, szwEntityHandle **annotationList);
ZwDrawingTableAnnotationInit	zwapi_drawing_table.h	122		ZW_API_C ezwErrors ZwDrawingTableAnnotationInit(ezwDrawingTableType type, szwDrawingTableAnnotation *data);
ZwDrawingTableBOMCreate	zwapi_drawing_table.h	97		ZW_API_C ezwErrors ZwDrawingTableBOMCreate(szwDrawingBOMData data, szwEntityHandle *BOMHandle);
ZwDrawingTableBOMInit	zwapi_drawing_table.h	39		ZW_API_C ezwErrors ZwDrawingTableBOMInit(szwDrawingBOMData *data);
ZwDrawingTableBOMReferenceViewGet	zwapi_drawing_table.h	222		ZW_API_C ezwErrors ZwDrawingTableBOMReferenceViewGet(szwEntityHandle BOMHandle, szwEntityHandle *viewHandle);
ZwDrawingView3DOriginalPointGet	zwapi_drawing_view.h	909		ZW_API_C ezwErrors ZwDrawingView3DOriginalPointGet(szwEntityHandle viewHandle, szwPoint2 *point, szwEntityHandle *projectionOriginalPoint);
ZwDrawingViewAlignedSectionCreate	zwapi_drawing_view.h	60		ZW_API_C ezwErrors ZwDrawingViewAlignedSectionCreate(szwAlignSectionViewData alignSectionViewData, szwEntityHandle *viewHandle);
ZwDrawingViewAlignedSectionCreateInit	zwapi_drawing_view.h	36		ZW_API_C ezwErrors ZwDrawingViewAlignedSectionCreateInit(szwAlignSectionViewData *data);
ZwDrawingViewAlignmentStateGet	zwapi_drawing_view.h	1614		ZW_API_C ezwErrors ZwDrawingViewAlignmentStateGet(szwEntityHandle viewHandle, int *align);
ZwDrawingViewAlignmentStateSet	zwapi_drawing_view.h	1650		ZW_API_C ezwErrors ZwDrawingViewAlignmentStateSet(szwEntityHandle viewHandle, int align);
ZwDrawingViewAttributeGet	zwapi_drawing_view.h	523		ZW_API_C ezwErrors ZwDrawingViewAttributeGet(const szwEntityHandle *viewHandle, szwViewAttribute *data);
ZwDrawingViewAttributeSet	zwapi_drawing_view.h	563		ZW_API_C ezwErrors ZwDrawingViewAttributeSet(const szwEntityHandle *viewHandle, szwViewAttribute data);
ZwDrawingViewAutoLoadGeometryGet	zwapi_drawing_view.h	1268		ZW_API_C ezwErrors ZwDrawingViewAutoLoadGeometryGet(int *option);
ZwDrawingViewAutoLoadGeometrySet	zwapi_drawing_view.h	1288		ZW_API_C ezwErrors ZwDrawingViewAutoLoadGeometrySet(int option);
ZwDrawingViewAuxiliaryCreate	zwapi_drawing_view.h	107		ZW_API_C ezwErrors ZwDrawingViewAuxiliaryCreate(szwAuxiliaryViewData data, szwEntityHandle *viewHandle);
ZwDrawingViewAuxiliaryCreateInit	zwapi_drawing_view.h	77		ZW_API_C ezwErrors ZwDrawingViewAuxiliaryCreateInit(szwAuxiliaryViewData *data);
ZwDrawingViewBreakLineCreate	zwapi_drawing_view.h	153		ZW_API_C ezwErrors ZwDrawingViewBreakLineCreate(szwBreakLineData data, szwEntityHandle *breakLineHandle);
ZwDrawingViewBreakLineCreateInit	zwapi_drawing_view.h	124		ZW_API_C ezwErrors ZwDrawingViewBreakLineCreateInit(szwBreakLineData *data);
ZwDrawingViewBrokenSectionCreate	zwapi_drawing_view.h	253		ZW_API_C ezwErrors ZwDrawingViewBrokenSectionCreate(szwDrawingBrokenSectionData data, szwEntityHandle *viewHandle);
ZwDrawingViewBrokenSectionCreateInit	zwapi_drawing_view.h	216		ZW_API_C ezwErrors ZwDrawingViewBrokenSectionCreateInit(szwDrawingBrokenSectionData *data);
ZwDrawingViewChildViewListGet	zwapi_drawing_view.h	483		ZW_API_C ezwErrors ZwDrawingViewChildViewListGet(szwEntityHandle viewHandle, int *count, szwEntityHandle **viewList);
ZwDrawingViewDetailCreate	zwapi_drawing_view.h	199		ZW_API_C ezwErrors ZwDrawingViewDetailCreate(szwDrawingDetailData data, szwEntityHandle *viewHandle);
ZwDrawingViewDetailCreateInit	zwapi_drawing_view.h	170		ZW_API_C ezwErrors ZwDrawingViewDetailCreateInit(szwDrawingDetailData *data);
ZwDrawingViewDimensionListGet	zwapi_drawing_view.h	1082		ZW_API_C ezwErrors ZwDrawingViewDimensionListGet(szwEntityHandle viewHandle, ezwViewDimensionType type, int *count, szwEntityHandle **dimensions);
ZwDrawingViewDiscreteProjectionGet	zwapi_drawing_view.h	1155		ZW_API_C ezwErrors ZwDrawingViewDiscreteProjectionGet(int *option);
ZwDrawingViewDiscreteProjectionQualityGet	zwapi_drawing_view.h	1188		ZW_API_C ezwErrors ZwDrawingViewDiscreteProjectionQualityGet(ezwDrawingDiscreteProjectionQuality *quality);
ZwDrawingViewDiscreteProjectionQualitySet	zwapi_drawing_view.h	1207		ZW_API_C ezwErrors ZwDrawingViewDiscreteProjectionQualitySet(ezwDrawingDiscreteProjectionQuality quality);
ZwDrawingViewDiscreteProjectionSet	zwapi_drawing_view.h	1173		ZW_API_C ezwErrors ZwDrawingViewDiscreteProjectionSet(int option);
ZwDrawingViewDiscreteProjectionStateGet	zwapi_drawing_view.h	1234		ZW_API_C ezwErrors ZwDrawingViewDiscreteProjectionStateGet(szwEntityHandle viewHandle,
ZwDrawingViewDiscreteProjectionWait	zwapi_drawing_view.h	1140		ZW_API_C ezwErrors ZwDrawingViewDiscreteProjectionWait();
ZwDrawingViewDottedBorderGet	zwapi_drawing_view.h	335		ZW_API_C ezwErrors ZwDrawingViewDottedBorderGet(szwEntityHandle viewHandle, szwDrawingDottedBorder *coordinate);
ZwDrawingViewEntityAssociate	zwapi_drawing_view.h	442		ZW_API_C ezwErrors ZwDrawingViewEntityAssociate(szwEntityHandle viewHandle, int count, const szwEntityHandle *entityList);
ZwDrawingViewEntityDisassociate	zwapi_drawing_view.h	1577		ZW_API_C ezwErrors ZwDrawingViewEntityDisassociate(int count, const szwEntityHandle *entityList);
ZwDrawingViewFullSectionCreate	zwapi_drawing_view.h	299		ZW_API_C ezwErrors ZwDrawingViewFullSectionCreate(szwFullSectionViewData data, szwEntityHandle *viewHandle);
ZwDrawingViewFullSectionCreateInit	zwapi_drawing_view.h	268		ZW_API_C ezwErrors ZwDrawingViewFullSectionCreateInit(szwFullSectionViewData *data);
ZwDrawingViewGeometryListGet	zwapi_drawing_view.h	394		ZW_API_C ezwErrors ZwDrawingViewGeometryListGet(szwEntityHandle viewHandle, ezwDrawingGeometryType option, int *countGeometry, szwEntityHandle **geometryList);
ZwDrawingViewGeometryReferenceEntityGet	zwapi_drawing_view.h	370		ZW_API_C ezwErrors ZwDrawingViewGeometryReferenceEntityGet(szwEntityHandle geometryHandle, int fileNameBytes, char *fileName, int partNameBytes, char *partName,
ZwDrawingViewLineAttributeGet	zwapi_drawing_view.h	1425		ZW_API_C ezwErrors ZwDrawingViewLineAttributeGet(const szwEntityHandle *viewHandle, ezwViewLineType lineType, szwLineAttribute *lineAttr, szwViewObjectLayerData *layer);
ZwDrawingViewLineAttributeSet	zwapi_drawing_view.h	1469		ZW_API_C ezwErrors ZwDrawingViewLineAttributeSet(const szwEntityHandle *viewHandle, ezwViewLineType lineType, const szwLineAttribute *lineAttr, const szwViewObjectLayerData *layer);
ZwDrawingViewLocationLockGet	zwapi_drawing_view.h	1541		ZW_API_C ezwErrors ZwDrawingViewLocationLockGet(szwEntityHandle viewHandle, int *lock);
ZwDrawingViewLocationLockSet	zwapi_drawing_view.h	1505		ZW_API_C ezwErrors ZwDrawingViewLocationLockSet(szwEntityHandle viewHandle, int lock);
ZwDrawingViewLocationPointGet	zwapi_drawing_view.h	1039		ZW_API_C ezwErrors ZwDrawingViewLocationPointGet(szwEntityHandle viewHandle, szwPoint2 *point);
ZwDrawingViewMethodGet	zwapi_drawing_view.h	975		ZW_API_C ezwErrors ZwDrawingViewMethodGet(szwEntityHandle viewHandle, ezwDrawingViewMethod *method);
ZwDrawingViewOrientationFromParentGet	zwapi_drawing_view.h	1317		ZW_API_C ezwErrors ZwDrawingViewOrientationFromParentGet(szwEntityHandle viewHandle, int *isFromParent);
ZwDrawingViewOrientationFromParentSet	zwapi_drawing_view.h	1345		ZW_API_C ezwErrors ZwDrawingViewOrientationFromParentSet(szwEntityHandle viewHandle, int isFromParent);
ZwDrawingViewParentViewGet	zwapi_drawing_view.h	831		ZW_API_C ezwErrors ZwDrawingViewParentViewGet(szwEntityHandle viewHandle, szwEntityHandle *parentViewHandle);
ZwDrawingViewPoint2DTo3D	zwapi_drawing_view.h	1100		ZW_API_C ezwErrors ZwDrawingViewPoint2DTo3D(szwEntityHandle handle, szwPoint *point3D);
ZwDrawingViewPoint3DTo2D	zwapi_drawing_view.h	1121		ZW_API_C ezwErrors ZwDrawingViewPoint3DTo2D(szwEntityHandle viewHandle, szwPoint point3D, szwPoint2 *point2D);
ZwDrawingViewProjection	zwapi_drawing_view.h	612		ZW_API_C ezwErrors ZwDrawingViewProjection(szwProjectionViewData data, szwEntityHandle *projectionView);
ZwDrawingViewProjectionInit	zwapi_drawing_view.h	585		ZW_API_C ezwErrors ZwDrawingViewProjectionInit(szwProjectionViewData *data);
ZwDrawingViewProjectionTypeGet	zwapi_drawing_view.h	1693		ZW_API_C ezwErrors ZwDrawingViewProjectionTypeGet(ezwViewProjectionType *type);
ZwDrawingViewReferenceAttributeGet	zwapi_drawing_view.h	738		ZW_API_C ezwErrors ZwDrawingViewReferenceAttributeGet(szwEntityHandle reference, int *colorValid, int *typeValid, int *widthValid, szwLineAttribute *wireAttribute);
ZwDrawingViewReferenceAttributeSet	zwapi_drawing_view.h	761		ZW_API_C ezwErrors ZwDrawingViewReferenceAttributeSet(szwEntityHandle reference, int colorValid, int typeValid, int widthValid, szwLineAttribute wireAttribute);
ZwDrawingViewReferenceBlankGet	zwapi_drawing_view.h	690		ZW_API_C ezwErrors ZwDrawingViewReferenceBlankGet(szwEntityHandle reference, int *blank);
ZwDrawingViewReferenceBlankSet	zwapi_drawing_view.h	711		ZW_API_C ezwErrors ZwDrawingViewReferenceBlankSet(szwEntityHandle reference, int blank);
ZwDrawingViewReferenceGet	zwapi_drawing_view.h	999		ZW_API_C ezwErrors ZwDrawingViewReferenceGet(szwEntityHandle viewHandle, int *count, szwEntityHandle **entityHandleList);
ZwDrawingViewReferenceListBlankSet	zwapi_drawing_view.h	1675		ZW_API_C ezwErrors ZwDrawingViewReferenceListBlankSet(int count, const szwEntityHandle *referenceList, int blank);
ZwDrawingViewReferencePartConfigGet	zwapi_drawing_view.h	943		ZW_API_C ezwErrors ZwDrawingViewReferencePartConfigGet(const szwEntityHandle *viewHandle, int size, char *config);
ZwDrawingViewReferencePartGet	zwapi_drawing_view.h	865		ZW_API_C ezwErrors ZwDrawingViewReferencePartGet(const szwEntityHandle *viewHandle, szwReferencePart *part);
ZwDrawingViewRotate	zwapi_drawing_view.h	811		ZW_API_C ezwErrors ZwDrawingViewRotate(szwEntityHandle viewHandle, szwDrawingRotateViewData data);
ZwDrawingViewStandardCreate	zwapi_drawing_view.h	665		ZW_API_C ezwErrors ZwDrawingViewStandardCreate(szwViewStandardData data, szwEntityHandle *viewHandle);
ZwDrawingViewStandardDataInit	zwapi_drawing_view.h	633		ZW_API_C ezwErrors ZwDrawingViewStandardDataInit(szwViewStandardData *data);
ZwDrawingViewTypeGet	zwapi_drawing_view.h	1382		ZW_API_C ezwErrors ZwDrawingViewTypeGet(szwEntityHandle viewHandle, ezwDrawingViewType *type);
ZwEdgeCurveGet	zwapi_edge.h	85		ZW_API_C ezwErrors ZwEdgeCurveGet(szwEntityHandle edgeHandle, szwEntityHandle *curveHandle);
ZwEdgeDiscreteDataFree	zwapi_edge.h	187		ZW_API_C ezwErrors ZwEdgeDiscreteDataFree(szwEdgeDiscreteData *data);
ZwEdgeDiscreteDataGet	zwapi_edge.h	168		ZW_API_C ezwErrors ZwEdgeDiscreteDataGet(szwRefineFacets refineData, int *number, szwEdgeDiscreteData **discreteData);
ZwEdgeFaceListGet	zwapi_edge.h	63		ZW_API_C ezwErrors ZwEdgeFaceListGet(szwEntityHandle edgeHandle, int *countFace, szwEntityHandle **faceList);
ZwEdgeNURBSDataGet	zwapi_edge.h	125		ZW_API_C ezwErrors ZwEdgeNURBSDataGet(szwEntityHandle edgeHandle, const szwEntityHandle *faceHandle, szwCurve *curve);
ZwEdgeTypeGet	zwapi_edge.h	41		ZW_API_C ezwErrors ZwEdgeTypeGet(szwEntityHandle edgeHandle, ezwEdgeType *edgeType);
ZwEntityActivate	zwapi_entity.h	410		ZW_API_C ezwErrors ZwEntityActivate(szwEntityHandle newHandle, int updateGUI, szwEntityHandle *oldHandle);
ZwEntityActiveGet	zwapi_entity.h	365		ZW_API_C ezwErrors ZwEntityActiveGet(szwEntityHandle *entityHandle);
ZwEntityAutoRegen	zwapi_entity.h	1997		ZW_API_C ezwErrors ZwEntityAutoRegen(ezwEntityRegenMode regenMode, int prompt);
ZwEntityBlankGet	zwapi_entity.h	591		ZW_API_C ezwErrors ZwEntityBlankGet(szwEntityHandle entity, int *blanked);
ZwEntityBlankSet	zwapi_entity.h	558		ZW_API_C ezwErrors ZwEntityBlankSet(int count, const szwEntityHandle *entityList, int blank);
ZwEntityBoundingBoxGet	zwapi_entity.h	1565		ZW_API_C ezwErrors ZwEntityBoundingBoxGet(szwEntityHandle entityHandle, ezwCoordinateType coordinateSystemType, szwMatrix matrix, szwBoundingBox *box);
ZwEntityColorGet	zwapi_entity.h	805		ZW_API_C ezwErrors ZwEntityColorGet(szwEntityHandle entityHandle, ezwColor *color);
ZwEntityColorRgbGet	zwapi_entity.h	849		ZW_API_C ezwErrors ZwEntityColorRgbGet(szwEntityHandle entityHandle, szwColor *color);
ZwEntityColorRgbSet	zwapi_entity.h	874		ZW_API_C ezwErrors ZwEntityColorRgbSet(szwColor color, int count, const szwEntityHandle *entityHandleList);
ZwEntityColorSet	zwapi_entity.h	828		ZW_API_C ezwErrors ZwEntityColorSet(ezwColor color, int count, const szwEntityHandle *entityHandleList);
ZwEntityCompactBoundingBoxGet	zwapi_entity.h	1593		ZW_API_C ezwErrors ZwEntityCompactBoundingBoxGet(szwEntityHandle entity, szwBoundingBox *boudningBox);
ZwEntityCreateGet	zwapi_entity.h	57		ZW_API_C ezwErrors ZwEntityCreateGet(int operation, ezwEntityType type, szwEntityHandle *entity);
ZwEntityCreateGetAll	zwapi_entity.h	138		ZW_API_C ezwErrors ZwEntityCreateGetAll(int operation, ezwEntityType type, int *count, szwEntityHandle **entityList);
ZwEntityCreateListGet	zwapi_entity.h	97		ZW_API_C ezwErrors ZwEntityCreateListGet(int operation, ezwEntityType type, int *count, szwEntityHandle **entityList);
ZwEntityCriticalPointCheck	zwapi_entity.h	1079		ZW_API_C ezwErrors ZwEntityCriticalPointCheck(szwEntityHandle curveHandle, szwPoint point, int *isCritical);
ZwEntityCriticalPointInfoGet	zwapi_entity.h	1616		ZW_API_C ezwErrors ZwEntityCriticalPointInfoGet(szwEntityHandle entityHandle, int *count, szwEntityCriticalPointInfo **infoList);
ZwEntityCurveCheck	zwapi_entity.h	1096		ZW_API_C ezwErrors ZwEntityCurveCheck(szwEntityHandle entityHandle, int *isCurve);
ZwEntityDelete	zwapi_entity.h	430		ZW_API_C ezwErrors ZwEntityDelete(szwEntityHandle entityHandle);
ZwEntityElectrodeCheck	zwapi_entity.h	1113		ZW_API_C ezwErrors ZwEntityElectrodeCheck(szwEntityHandle entityHandle, int *isElectrode);
ZwEntityErase	zwapi_entity.h	452		ZW_API_C ezwErrors ZwEntityErase(szwEntityHandle entityHandle);
ZwEntityExistenceCheck	zwapi_entity.h	627		ZW_API_C ezwErrors ZwEntityExistenceCheck(szwEntityHandle entity, ezwEntityType type, int *exist);
ZwEntityFrontPickStateGet	zwapi_entity.h	701		ZW_API_C ezwErrors ZwEntityFrontPickStateGet(int *isFrontPickOn);
ZwEntityFrontPickStateSet	zwapi_entity.h	674		ZW_API_C ezwErrors ZwEntityFrontPickStateSet(int isFrontPickOn);
ZwEntityGetByCurrentView	zwapi_entity.h	341		ZW_API_C ezwErrors ZwEntityGetByCurrentView(int crossBoundary, int *count, szwEntityHandle **entityList);
ZwEntityGetByNameAndType	zwapi_entity.h	317		ZW_API_C ezwErrors ZwEntityGetByNameAndType(const zwString32 name, ezwEntityType type, szwEntityHandle *entityHandle);
ZwEntityGetByPick	zwapi_entity.h	164		ZW_API_C ezwErrors ZwEntityGetByPick(const char *prompt, ezwEntityInputOption option, int emptyOk, szwEntityHandle *handle);
ZwEntityGetByPickWithMultipleFilter	zwapi_entity.h	187		ZW_API_C ezwErrors ZwEntityGetByPickWithMultipleFilter(const char *prompt, int optionCount, ezwEntityInputOption *optionList, int emptyOk, szwEntityHandle *handle);
ZwEntityGetByPoint	zwapi_entity.h	279		ZW_API_C ezwErrors ZwEntityGetByPoint(ezwEntityFind entityType, szwPoint referencePoint, szwEntityHandle *entityHandle, szwPoint *point, double *distance);
ZwEntityGetByUniqueId	zwapi_entity.h	1964		ZW_API_C ezwErrors ZwEntityGetByUniqueId(szwEntityIdentifier entityId, szwEntityHandle *entityHandle);
ZwEntityHandleFree	zwapi_entity.h	1843		ZW_API_C ezwErrors ZwEntityHandleFree(szwEntityHandle *entityHandle);
ZwEntityHandleListFree	zwapi_entity.h	1861		ZW_API_C ezwErrors ZwEntityHandleListFree(int count, szwEntityHandle **entityList);
ZwEntityHighlight	zwapi_entity.h	985		ZW_API_C ezwErrors ZwEntityHighlight(szwEntityHandle entityHandle);
ZwEntityHighlightWithColor	zwapi_entity.h	956		ZW_API_C ezwErrors ZwEntityHighlightWithColor(szwEntityHandle entity, const szwColor *color);
ZwEntityIdGet	zwapi_entity.h	1887		ZW_API_C ezwErrors ZwEntityIdGet(int count, const szwEntityHandle *handleList, int *entityIdList);
ZwEntityIdTransfer	zwapi_entity.h	1784		ZW_API_C ezwErrors ZwEntityIdTransfer(int count, const int *indexes, szwEntityHandle *entityHandles);
ZwEntityLayerGet	zwapi_entity.h	1424		ZW_API_C ezwErrors ZwEntityLayerGet(szwEntityHandle entityHandle, szwEntityHandle *layerHandle);
ZwEntityListDelete	zwapi_entity.h	477		ZW_API_C ezwErrors ZwEntityListDelete(int count, const szwEntityHandle *entityList);
ZwEntityListErase	zwapi_entity.h	504		ZW_API_C ezwErrors ZwEntityListErase(int count, const szwEntityHandle *entityList);
ZwEntityListGetByPick	zwapi_entity.h	211		ZW_API_C ezwErrors ZwEntityListGetByPick(const char *prompt, ezwEntityInputOption option, int emptyOk, int *count, szwEntityHandle **handleList);
ZwEntityListGetByPickWithMultipleFilter	zwapi_entity.h	237		ZW_API_C ezwErrors ZwEntityListGetByPickWithMultipleFilter(const char *prompt, int optionCount, ezwEntityInputOption *optionList, int emptyOk, int *count, szwEntityHandle **handleList);
ZwEntityMatrixGet	zwapi_entity.h	1443		ZW_API_C ezwErrors ZwEntityMatrixGet(szwEntityHandle entityHandle, szwMatrix *matrix);
ZwEntityMatrixSet	zwapi_entity.h	1503		ZW_API_C ezwErrors ZwEntityMatrixSet(szwEntityHandle entityHandle, szwMatrix matrix);
ZwEntityNameGet	zwapi_entity.h	1737		ZW_API_C ezwErrors ZwEntityNameGet(szwEntityHandle entityHandle, int nBytes, char *name);
ZwEntityNameSet	zwapi_entity.h	1300		ZW_API_C ezwErrors ZwEntityNameSet(szwEntityHandle entityHandle, const zwString32 name);
ZwEntityNameTagGet	zwapi_entity.h	1373		ZW_API_C ezwErrors ZwEntityNameTagGet(szwEntityHandle entity, char *nameTag, int size);
ZwEntityNameTagGetAll	zwapi_entity.h	1405		ZW_API_C ezwErrors ZwEntityNameTagGetAll(int *count, zwString256 **nameTags);
ZwEntityNameTagSet	zwapi_entity.h	1337		ZW_API_C ezwErrors ZwEntityNameTagSet(szwEntityHandle entity, const char *nameTag);
ZwEntityParentFeatureGet	zwapi_entity.h	1524		ZW_API_C ezwErrors ZwEntityParentFeatureGet(szwEntityHandle entityHandle, szwEntityHandle *featureHandle);
ZwEntityParentGet	zwapi_entity.h	1682		ZW_API_C ezwErrors ZwEntityParentGet(szwEntityHandle entityHandle, szwEntityHandle *parentHandle);
ZwEntityParentSketchGet	zwapi_entity.h	1648		ZW_API_C ezwErrors ZwEntityParentSketchGet(szwEntityHandle entityHandle, szwEntityHandle *sketchHandle);
ZwEntityPathGet	zwapi_entity.h	1913		ZW_API_C ezwErrors ZwEntityPathGet(int count, const szwEntityHandle *handleList, svxEntPath *entityPathList);
ZwEntityPathTransfer	zwapi_entity.h	1828		ZW_API_C ezwErrors ZwEntityPathTransfer(int count, const svxEntPath *entityPaths, szwEntityHandle *entityHandles);
ZwEntityPickListAdd	zwapi_entity.h	782		ZW_API_C ezwErrors ZwEntityPickListAdd(int entityCount, const szwEntityHandle *entityList);
ZwEntityPickListGet	zwapi_entity.h	728		ZW_API_C ezwErrors ZwEntityPickListGet(int *count, szwEntityHandle **entityList);
ZwEntityPointMinDistanceGet	zwapi_entity.h	1200		ZW_API_C ezwErrors ZwEntityPointMinDistanceGet(szwEntityHandle entityHandle, szwPoint point, szwPoint *targetPoint, double *distance);
ZwEntityProjectionPointGet	zwapi_entity.h	1143		ZW_API_C ezwErrors ZwEntityProjectionPointGet(szwEntityHandle entityHandle, szwPoint point, szwPoint *projPoint);
ZwEntityReferenceDrawingGeometryGetAll	zwapi_entity.h	2104		ZW_API_C ezwErrors ZwEntityReferenceDrawingGeometryGetAll(szwEntityHandle entityHandle, zwPath fileName, zwRootName rootName, int *countSheet, szwReferenceSheetGeometryList **referenceList);
ZwEntityReferenceDrawingGeometryGetBySheet	zwapi_entity.h	2068		ZW_API_C ezwErrors ZwEntityReferenceDrawingGeometryGetBySheet(szwEntityHandle entityHandle, zwPath fileName, zwRootName rootName, int sheetCount, szwEntityHandle *sheetHandleList, int *countSheet, szwReferenceSheetGeomet
ZwEntityReferenceDrawingGeometryGetByView	zwapi_entity.h	2032		ZW_API_C ezwErrors ZwEntityReferenceDrawingGeometryGetByView(szwEntityHandle entityHandle, zwPath fileName, zwRootName rootName, int viewCount, szwEntityHandle *viewHandleList, int *countView, szwReferenceViewGeometryLis
ZwEntityReferenceFileNameGet	zwapi_entity.h	1225		ZW_API_C ezwErrors ZwEntityReferenceFileNameGet(szwEntityHandle entityHandle, int fileSize, char *fileName, int rootSize, char *rootName);
ZwEntityReferenceGet	zwapi_entity.h	1715		ZW_API_C ezwErrors ZwEntityReferenceGet(szwEntityHandle referenceHandle, szwEntityHandle *handle);
ZwEntityReferenceSheetGeometryListFree	zwapi_entity.h	2136		ZW_API_C ezwErrors ZwEntityReferenceSheetGeometryListFree(int countData, szwReferenceSheetGeometryList **referenceList);
ZwEntityReferenceViewGeometryListFree	zwapi_entity.h	2120		ZW_API_C ezwErrors ZwEntityReferenceViewGeometryListFree(int countData, szwReferenceViewGeometryList **referenceList);
ZwEntityShapeGet	zwapi_entity.h	1168		ZW_API_C ezwErrors ZwEntityShapeGet(szwEntityHandle entityHandle, szwEntityHandle *shapeHandle);
ZwEntitySuppressGet	zwapi_entity.h	648		ZW_API_C ezwErrors ZwEntitySuppressGet(szwEntityHandle handle, int *suppress);
ZwEntityTemporaryColorRgbSet	zwapi_entity.h	893		ZW_API_C ezwErrors ZwEntityTemporaryColorRgbSet(szwColor color, int count, szwEntityHandle *entityHandleList);
ZwEntityTransformMatrixGet	zwapi_entity.h	1483		ZW_API_C ezwErrors ZwEntityTransformMatrixGet(szwEntityHandle entityHandle, szwMatrix *matrix);
ZwEntityTransparencyGet	zwapi_entity.h	938		ZW_API_C evxErrors ZwEntityTransparencyGet(szwEntityHandle entityHandle, int *transparency);
ZwEntityTransparencySet	zwapi_entity.h	918		ZW_API_C ezwErrors ZwEntityTransparencySet(int transparency, int count, const szwEntityHandle *entityHandleList);
ZwEntityTypeNameGet	zwapi_entity.h	1257		ZW_API_C ezwErrors ZwEntityTypeNameGet(ezwEntityType typeNumber, int nameSize, char *typeName);
ZwEntityTypeNumberGet	zwapi_entity.h	1274		ZW_API_C ezwErrors ZwEntityTypeNumberGet(szwEntityHandle entityHandle, ezwEntityType *type);
ZwEntityUnHighlight	zwapi_entity.h	1001		ZW_API_C ezwErrors ZwEntityUnHighlight(szwEntityHandle entityHandle);
ZwEntityUnPick	zwapi_entity.h	764		ZW_API_C ezwErrors ZwEntityUnPick(szwEntityHandle entityHandle);
ZwEntityUnPickAll	zwapi_entity.h	738		ZW_API_C ezwErrors ZwEntityUnPickAll();
ZwEntityUnPickLast	zwapi_entity.h	748		ZW_API_C ezwErrors ZwEntityUnPickLast();
ZwEntityUnhighlightAll	zwapi_entity.h	969		ZW_API_C ezwErrors ZwEntityUnhighlightAll();
ZwEntityUniqueIdGet	zwapi_entity.h	1946		ZW_API_C ezwErrors ZwEntityUniqueIdGet(szwEntityHandle entityHandle, szwEntityIdentifier *entityId);
ZwEntityUserAttributeDelete	zwapi_attribute.h	588		ZW_API_C ezwErrors ZwEntityUserAttributeDelete(szwEntityHandle entityHandle, int strictFlag, int count, const zwString64 *nameList);
ZwEntityUserAttributeGet	zwapi_attribute.h	497		ZW_API_C ezwErrors ZwEntityUserAttributeGet(szwEntityHandle entityHandle, const zwString64 attributeName, int *count, szwUserAttribute **attributeList);
ZwEntityUserAttributeSet	zwapi_attribute.h	557		ZW_API_C ezwErrors ZwEntityUserAttributeSet(szwEntityHandle entityHandle, int count, const szwUserAttribute *attributeList);
ZwEnvironmentReactorSet	zwapi_global_apply.h	1254		ZW_API_C ezwErrors ZwEnvironmentReactorSet(szwEnvironmentReactorData data);
ZwEulerAngleToMatrix	zwapi_matrix.h	467		ZW_API_C ezwErrors ZwEulerAngleToMatrix(ezwEulerAngleSequence sequenceType, szwEulerMatrix eulerData, szwMatrix *resultMatrix);
ZwExternalFeatureFileAndRootNameGet	zwapi_dataexchange.h	52		ZW_API_C ezwErrors ZwExternalFeatureFileAndRootNameGet(szwEntityHandle featureHandle, int nFileBytes, char *fileName, int nRootBytes, char *rootName);
ZwExternalPartImport	zwapi_dataexchange.h	83		ZW_API_C ezwErrors ZwExternalPartImport(szwPartImportData data, int *count, szwEntityHandle **shapeList);
ZwFaceCenterCurveGet	zwapi_face.h	662		ZW_API_C ezwErrors ZwFaceCenterCurveGet(int countFace, const szwEntityHandle *faceList, int extractAxis, int *countEntity, szwEntityHandle **entityList);
ZwFaceConnectedEdgeGet	zwapi_face.h	455		ZW_API_C ezwErrors ZwFaceConnectedEdgeGet(int nSeeds, const szwEntityHandle *seedFaceHandles, ezwEdgeLoopType type, int *count, szwEntityHandle **edgeHandles);
ZwFaceConnectedFaceGet	zwapi_face.h	420		ZW_API_C ezwErrors ZwFaceConnectedFaceGet(int nSeeds, const szwEntityHandle *seedFaceHandles, szwFaceFindAttribute findData, int *count, szwEntityHandle **faceHandles);
ZwFaceContinuityGet	zwapi_face.h	848		ZW_API_C ezwErrors ZwFaceContinuityGet(szwEntityHandle face1, szwEntityHandle face2, int nSample, szwSurfaceContinuityTolerance tolerance, int *nContinuityData, szwSurfaceContinuityData **data);
ZwFaceContinuityToleranceInit	zwapi_face.h	795		ZW_API_C ezwErrors ZwFaceContinuityToleranceInit(szwSurfaceContinuityTolerance *data);
ZwFaceDataTransform	zwapi_face.h	161		ZW_API_C ezwErrors ZwFaceDataTransform(szwMatrix inputMatrix, szwSurface *surface);
ZwFaceDiameterGetByUVparameter	zwapi_face.h	310		ZW_API_C ezwErrors ZwFaceDiameterGetByUVparameter(szwSurface surface, double U, double V, double *diameter);
ZwFaceDisplayAttributeGet	zwapi_face.h	549		ZW_API_C ezwErrors ZwFaceDisplayAttributeGet(szwEntityHandle face, szwFaceDisplayAttribute *attribute);
ZwFaceDisplayAttributeSet	zwapi_face.h	579		ZW_API_C ezwErrors ZwFaceDisplayAttributeSet(int count, const szwEntityHandle *faceList, szwFaceDisplayAttribute attribute);
ZwFaceDisplayAttributeSetInit	zwapi_face.h	601		ZW_API_C ezwErrors ZwFaceDisplayAttributeSetInit(szwFaceDisplayAttribute *data);
ZwFaceEdgeListGet	zwapi_face.h	107		ZW_API_C ezwErrors ZwFaceEdgeListGet(szwEntityHandle face, int *count, szwEntityHandle **edgeList);
ZwFaceFacetsDataFree	zwapi_face.h	750		ZW_API_C ezwErrors ZwFaceFacetsDataFree(szwFacets *facetsData);
ZwFaceFacetsGet	zwapi_face.h	692		ZW_API_C ezwErrors ZwFaceFacetsGet(szwRefineFacets refineData, szwFacets *facetsData);
ZwFaceListFacetsGet	zwapi_face.h	735		ZW_API_C ezwErrors ZwFaceListFacetsGet(szwRefineFacetsOfMultiFace refineData, int *countFacets, szwFacets **facetsDataList);
ZwFaceLoopListGet	zwapi_face.h	137		ZW_API_C ezwErrors ZwFaceLoopListGet(szwEntityHandle face, int inner, int *count, szwEntityHandle **loopList);
ZwFacePointGetByBoundingBoxCenter	zwapi_point.h	433		ZW_API_C ezwErrors ZwFacePointGetByBoundingBoxCenter(szwEntityHandle faceHandle, double parameter[2], szwPoint *point);
ZwFacePointGetByUVparameter	zwapi_face.h	275		ZW_API_C ezwErrors ZwFacePointGetByUVparameter(szwSurface surface, double U, double V, szwPoint *point, szwVector *normalDirection, szwVector *uTangent, szwVector *vTangent);
ZwFacePoleCheck	zwapi_face.h	200		ZW_API_C ezwErrors ZwFacePoleCheck(szwSurface surface, double tolerance, int poles[4], int *isPoleFind);
ZwFacePoleGet	zwapi_face.h	228		ZW_API_C ezwErrors ZwFacePoleGet(szwSurface surface, szwPoint direction, szwPoint *point);
ZwFaceShapeGet	zwapi_face.h	41		ZW_API_C ezwErrors ZwFaceShapeGet(szwEntityHandle face, szwEntityHandle *shape);
ZwFaceSurfaceDataGet	zwapi_face.h	65		ZW_API_C ezwErrors ZwFaceSurfaceDataGet(szwEntityHandle faceHandle, szwSurface *data);
ZwFaceTextureAttributeGet	zwapi_face.h	776		ZW_API_C ezwErrors ZwFaceTextureAttributeGet(szwEntityHandle faceHandle, szwTextureAttribute *texture);
ZwFeatureAddMultipleShapeCreate	zwapi_feature_shape.h	315		ZW_API_C ezwErrors ZwFeatureAddMultipleShapeCreate(szwBoolData data);
ZwFeatureAddShapeCreate	zwapi_feature_shape.h	354		ZW_API_C ezwErrors ZwFeatureAddShapeCreate(szwBoolData data);
ZwFeatureBoolDataInit	zwapi_feature_shape.h	276		ZW_API_C ezwErrors ZwFeatureBoolDataInit(szwBoolData *data);
ZwFeatureBoxCreateByCenter	zwapi_feature_shape.h	147		ZW_API_C ezwErrors ZwFeatureBoxCreateByCenter(szwCenterBoxData data, int *count, szwEntityHandle **handleList);
ZwFeatureCenterBoxDataInit	zwapi_feature_shape.h	101		ZW_API_C ezwErrors ZwFeatureCenterBoxDataInit(szwCenterBoxData *data);
ZwFeatureChildEntityListGet	zwapi_feature_general.h	128		ZW_API_C ezwErrors ZwFeatureChildEntityListGet(szwEntityHandle featureHandle, ezwEntityType entityType, int *count, szwEntityHandle **entityList);
ZwFeatureCopyWithMultiMatrix	zwapi_feature_general.h	72		ZW_API_C ezwErrors ZwFeatureCopyWithMultiMatrix(int inputCount, const szwEntityHandle *inputEntityList, const szwMatrix *matirxList, int *outputCount, szwEntityHandle **outputEntityList);
ZwFeatureCurvelistCreate	zwapi_feature_wireframe.h	52		ZW_API_C ezwErrors ZwFeatureCurvelistCreate(int countCurve, const szwEntityHandle *curveList, szwEntityHandle *curvelistEntity);
ZwFeatureExternalGeometryCopyCreate	zwapi_feature_data_exchange.h	67		ZW_API_C ezwErrors ZwFeatureExternalGeometryCopyCreate(szwExternalGeometryCopyData data, szwEntityHandle *featureHandle);
ZwFeatureExternalGeometryCopyInit	zwapi_feature_data_exchange.h	40		ZW_API_C ezwErrors ZwFeatureExternalGeometryCopyInit(ezwExternalGeometryCopyType copyType, szwExternalGeometryCopyData *data);
ZwFeatureExtrudeCreate	zwapi_feature_shape.h	76		ZW_API_C ezwErrors ZwFeatureExtrudeCreate(szwExtrudeData extrude, szwEntityHandle *shapeHandle);
ZwFeatureExtrudeInit	zwapi_feature_shape.h	37		ZW_API_C ezwErrors ZwFeatureExtrudeInit(szwExtrudeData *extrude);
ZwFeatureFaceOffset	zwapi_feature_freeform.h	42		ZW_API_C ezwErrors ZwFeatureFaceOffset(szwEntityHandle faceHandle, double distance, int keep);
ZwFeatureIntersectShapeCreate	zwapi_feature_shape.h	432		ZW_API_C ezwErrors ZwFeatureIntersectShapeCreate(szwBoolData data);
ZwFeatureLineCreate	zwapi_feature_wireframe.h	128		ZW_API_C ezwErrors ZwFeatureLineCreate(szwLineData data, szwEntityHandle *handle);
ZwFeatureLineCreateBy2Point	zwapi_feature_wireframe.h	156		ZW_API_C ezwErrors ZwFeatureLineCreateBy2Point(szwPoint start, szwPoint end, szwEntityHandle *handle);
ZwFeatureLineDataInit	zwapi_feature_wireframe.h	100		ZW_API_C ezwErrors ZwFeatureLineDataInit(szwLineData *data);
ZwFeatureListGet	zwapi_feature_general.h	100		ZW_API_C ezwErrors ZwFeatureListGet(int *countFeature, szwEntityHandle **featureList);
ZwFeatureLoftCreate	zwapi_feature_shape.h	201		ZW_API_C ezwErrors ZwFeatureLoftCreate(szwLoftData data, int *count, szwEntityHandle **handleList);
ZwFeatureLoftDataInit	zwapi_feature_shape.h	168		ZW_API_C ezwErrors ZwFeatureLoftDataInit(szwLoftData *data);
ZwFeatureMoveCreate	zwapi_feature_general.h	203		ZW_API_C ezwErrors ZwFeatureMoveCreate(szwMoveData data, szwEntityHandle *moveHandle);
ZwFeatureMoveCreateByPointToPoint	zwapi_feature_general.h	233		ZW_API_C ezwErrors ZwFeatureMoveCreateByPointToPoint(int count, const szwEntityHandle *handleList, szwPoint startPoint, szwPoint endPoint, const szwVector *startDirection, const szwVector *endDirection);
ZwFeatureMoveCreateByTransform	zwapi_feature_general.h	261		ZW_API_C ezwErrors ZwFeatureMoveCreateByTransform(int count, const szwEntityHandle *handleList, szwMatrix matrix);
ZwFeatureMoveDataInit	zwapi_feature_general.h	174		ZW_API_C ezwErrors ZwFeatureMoveDataInit(szwMoveData *data);
ZwFeaturePatternParameterTableRefresh	zwapi_feature_general.h	289		ZW_API_C ezwErrors ZwFeaturePatternParameterTableRefresh(szwEntityHandle patternFeature);
ZwFeaturePointsCreateByAbsolute	zwapi_feature_wireframe.h	181		ZW_API_C ezwErrors ZwFeaturePointsCreateByAbsolute(int count, const szwPoint *points, szwEntityHandle **handleList);
ZwFeatureRemoveShapeCreate	zwapi_feature_shape.h	393		ZW_API_C ezwErrors ZwFeatureRemoveShapeCreate(szwBoolData data);
ZwFeatureSilhouetteCurves	zwapi_feature_wireframe.h	77		ZW_API_C ezwErrors ZwFeatureSilhouetteCurves(szwSilhouetteCurvesData data, int *count, szwEntityHandle **curves);
ZwFeatureSphereCreate	zwapi_feature_shape.h	493		ZW_API_C ezwErrors ZwFeatureSphereCreate(szwSphereData data, int *count, szwEntityHandle **handleList);
ZwFeatureSphereDataInit	zwapi_feature_shape.h	457		ZW_API_C ezwErrors ZwFeatureSphereDataInit(szwSphereData *data);
ZwFeatureSpiralHelixCreate	zwapi_feature_wireframe.h	231		ZW_API_C ezwErrors ZwFeatureSpiralHelixCreate(szwSpiralHelix data, szwEntityHandle *spiral);
ZwFeatureSpiralHelixCreateInit	zwapi_feature_wireframe.h	200		ZW_API_C ezwErrors ZwFeatureSpiralHelixCreateInit(szwSpiralHelix *data);
ZwFeatureSpiralHelixFree	zwapi_feature_wireframe.h	249		ZW_API_C ezwErrors ZwFeatureSpiralHelixFree(szwSpiralHelix *data);
ZwFeatureStockCreate	zwapi_feature_shape.h	547		ZW_API_C ezwErrors ZwFeatureStockCreate(szwStockData data, szwEntityHandle *handle);
ZwFeatureStockDataInit	zwapi_feature_shape.h	517		ZW_API_C ezwErrors ZwFeatureStockDataInit(szwStockData *data);
ZwFeatureSweptRodCreate	zwapi_feature_shape.h	254		ZW_API_C ezwErrors ZwFeatureSweptRodCreate(szwSweptRodData data, int *count, szwEntityHandle **newShapes);
ZwFeatureSweptRodInit	zwapi_feature_shape.h	222		ZW_API_C ezwErrors ZwFeatureSweptRodInit(szwSweptRodData *data);
ZwFeatureTextBalloonCreate	zwapi_pmi.h	114		ZW_API_C ezwErrors ZwFeatureTextBalloonCreate(szwPoint textPoint, const char *text, int imageFlag, szwEntityHandle *dimension);
ZwFileDialogShow	zwapi_file_general.h	287		ZW_API_C ezwErrors ZwFileDialogShow(ezwFileDialogType dialogType, int option, const char *dialogTitle, const char *directory, const char *filter, int *count, zwPath **list);
ZwFileLinkInformationUpdate	zwapi_file_general.h	152		ZW_API_C ezwErrors ZwFileLinkInformationUpdate(szwDocumentUpdateData data);
ZwFileLinkInformationUpdateWithoutModification	zwapi_file_general.h	183		ZW_API_C ezwErrors ZwFileLinkInformationUpdateWithoutModification(szwDocumentUpdateData data);
ZwFileModifyFlagLock	zwapi_file_general.h	244		ZW_API_C ezwErrors ZwFileModifyFlagLock(int state);
ZwFileParentActivate	zwapi_file_general.h	39		ZW_API_C ezwErrors ZwFileParentActivate();
ZwFileReadOnlyStateGet	zwapi_file_general.h	74		ZW_API_C ezwErrors ZwFileReadOnlyStateGet(const char *fileName, int *status);
ZwFileReadOnlyStateSet	zwapi_file_general.h	114		ZW_API_C ezwErrors ZwFileReadOnlyStateSet(const char *fileName, int status);
ZwFileSaveAs	zwapi_component.h	529		and ZW_COMPONENT_SAVE_AS_OPTION_ALL to update all as ZwFileSaveAs (no prompt, save as new and replace original one).
ZwFileUnusedCloseAll	zwapi_file_general.h	198		ZW_API_C ezwErrors ZwFileUnusedCloseAll();
ZwFileVaildExtensionCheck	zwapi_file_general.h	130		ZW_API_C ezwErrors ZwFileVaildExtensionCheck(const char *fileName);
ZwFolderGet	zwapi_userinput.h	774		ZW_API_C ezwErrors ZwFolderGet(const char *prompt, const char *defaultDirectory, int pathSize, char *path);
ZwHarnessShapeListGet	zwapi_harness.h	55		ZW_API_C ezwErrors ZwHarnessShapeListGet(const szwEntityHandle *harnessPartHandle, int *count, szwEntityHandle **shapeHandleList);
ZwHistoryClip	zwapi_history.h	95		ZW_API_C ezwErrors ZwHistoryClip(ezwHistoryClipOption clipOption, int count, const szwEntityHandle *entityList);
ZwHistoryEntitySuppressStatusGet	zwapi_history.h	144		ZW_API_C ezwErrors ZwHistoryEntitySuppressStatusGet(szwEntityHandle entityHandle, ezwSuppressStatus *status);
ZwHistoryEntityTemplateNameGet	zwapi_history.h	165		ZW_API_C ezwErrors ZwHistoryEntityTemplateNameGet(szwEntityHandle entityHandle, int nbytes, char *templateName);
ZwHistoryListGet	zwapi_history.h	70		ZW_API_C ezwErrors ZwHistoryListGet(ezwHistoryOperationGetType option, int *countHistory, szwEntityHandle **histList);
ZwHistoryOperationDelete	zwapi_history.h	43		ZW_API_C ezwErrors ZwHistoryOperationDelete(int count, szwEntityHandle *operations, ezwHistoryDeleteType operationsType);
ZwHistoryPaste	zwapi_history.h	121		ZW_API_C ezwErrors ZwHistoryPaste(const szwEntityHandle *targetEntity);
ZwHistoryUserAttributeDelete	zwapi_attribute.h	711		ZW_API_C ezwErrors ZwHistoryUserAttributeDelete(szwEntityHandle historyHandle, int strictFlag, int count, const zwString64 *nameList);
ZwHistoryUserAttributeGet	zwapi_attribute.h	622		ZW_API_C ezwErrors ZwHistoryUserAttributeGet(szwEntityHandle historyHandle, const zwString64 attributeName, int *count, szwUserAttribute **attributeList);
ZwHistoryUserAttributeSet	zwapi_attribute.h	682		ZW_API_C ezwErrors ZwHistoryUserAttributeSet(szwEntityHandle historyHandle, int count, const szwUserAttribute *attributeList);
ZwLCSMatrixGet	zwapi_datum.h	729		ZW_API_C ezwErrors ZwLCSMatrixGet(szwMatrix *matrix);
ZwLayerCategoryActiveStateGet	zwapi_layer.h	567		ZW_API_C ezwErrors ZwLayerCategoryActiveStateGet(ezwLayerCategoryType type, const char *name, int *state);
ZwLayerCategoryActiveStateSet	zwapi_layer.h	609		ZW_API_C ezwErrors ZwLayerCategoryActiveStateSet(ezwLayerCategoryType type, const char *name, int state);
ZwLayerCategoryCreate	zwapi_layer.h	460		ZW_API_C ezwErrors ZwLayerCategoryCreate(const char *name);
ZwLayerCategoryDelete	zwapi_layer.h	507		ZW_API_C ezwErrors ZwLayerCategoryDelete(const char *name);
ZwLayerCategoryFrozenStateSet	zwapi_layer.h	734		ZW_API_C ezwErrors ZwLayerCategoryFrozenStateSet(ezwLayerCategoryType type, const char *name, int frozen);
ZwLayerCategoryListGet	zwapi_layer.h	534		ZW_API_C ezwErrors ZwLayerCategoryListGet(int *count, zwString256 **names);
ZwLayerCategoryNameSet	zwapi_layer.h	485		ZW_API_C ezwErrors ZwLayerCategoryNameSet(const char *name, const char *newName);
ZwLayerCategoryVisibilitySet	zwapi_layer.h	679		ZW_API_C ezwErrors ZwLayerCategoryVisibilitySet(ezwLayerCategoryType type, const char *name, int visible);
ZwLayerFrozenStateSetAll	zwapi_layer.h	698		ZW_API_C ezwErrors ZwLayerFrozenStateSetAll(int frozen);
ZwLayerManagerRefresh	zwapi_layer.h	766		ZW_API_C ezwErrors ZwLayerManagerRefresh();
ZwLayerRuleActiveStateGet	zwapi_layer.h	1077		ZW_API_C ezwErrors ZwLayerRuleActiveStateGet(int layerIndex, int *isActive);
ZwLayerRuleActiveStateSet	zwapi_layer.h	1107		ZW_API_C ezwErrors ZwLayerRuleActiveStateSet(int layerIndex, int isActive);
ZwLayerRuleCreate	zwapi_layer.h	898		ZW_API_C ezwErrors ZwLayerRuleCreate(int layerIndex, szwLayerRuleData ruleData);
ZwLayerRuleDataGet	zwapi_layer.h	1046		ZW_API_C ezwErrors ZwLayerRuleDataGet(szwEntityHandle ruleHandle, szwLayerRuleData *ruleData);
ZwLayerRuleDataSet	zwapi_layer.h	989		ZW_API_C ezwErrors ZwLayerRuleDataSet(int layerIndex, szwEntityHandle ruleHandle, szwLayerRuleData ruleData);
ZwLayerRuleDelete	zwapi_layer.h	926		ZW_API_C ezwErrors ZwLayerRuleDelete(szwEntityHandle ruleHandle);
ZwLayerRuleListGet	zwapi_layer.h	1024		ZW_API_C ezwErrors ZwLayerRuleListGet(int layerIndex, int *count, szwEntityHandle **ruleHandles);
ZwLayerRulesDeleteAll	zwapi_layer.h	953		ZW_API_C ezwErrors ZwLayerRulesDeleteAll(int layerIndex);
ZwLayerVisibilityRefresh	zwapi_layer.h	750		ZW_API_C ezwErrors ZwLayerVisibilityRefresh();
ZwLayerVisibilitySetAll	zwapi_layer.h	639		ZW_API_C ezwErrors ZwLayerVisibilitySetAll(int visible);
ZwLineAttributeGet	zwapi_entity.h	1021		ZW_API_C ezwErrors ZwLineAttributeGet(szwEntityHandle lineHandle, szwLineAttribute *attribute);
ZwLineAttributeSet	zwapi_entity.h	1045		ZW_API_C ezwErrors ZwLineAttributeSet(szwLineAttribute attribute, int count, const szwEntityHandle *entityHandleList);
ZwLinkManagerAutoRegenGet	zwapi_linkmanager.h	138		ZW_API_C ezwErrors ZwLinkManagerAutoRegenGet(int *status);
ZwLinkManagerAutoRegenSet	zwapi_linkmanager.h	101		ZW_API_C ezwErrors ZwLinkManagerAutoRegenSet(int status);
ZwLinkManagerFileListGet	zwapi_linkmanager.h	66		ZW_API_C ezwErrors ZwLinkManagerFileListGet(ezwLinkManagerFileType type, int *count, szwPartLinkManagerFileData **data);
ZwLinkManagerInformationGet	zwapi_linkmanager.h	180		ZW_API_C ezwErrors ZwLinkManagerInformationGet(int *count, szwPartLinkManagerInformation **informationList);
ZwLoopEdgeListGet	zwapi_loop.h	48		ZW_API_C ezwErrors ZwLoopEdgeListGet(szwEntityHandle loop, int *count, szwEntityHandle **edgeList);
ZwLoopIsInner	zwapi_loop.h	99		ZW_API_C ezwErrors ZwLoopIsInner(szwEntityHandle loop, int *isInner);
ZwLoopPreEdgeListGet	zwapi_loop.h	78		ZW_API_C ezwErrors ZwLoopPreEdgeListGet(szwEntityHandle loop, int *count, szwEntityHandle **preEdgeList);
ZwMaterialGeneralPropertyDelete	zwapi_materiallibrary.h	345		ZW_API_C ezwErrors ZwMaterialGeneralPropertyDelete(szwMaterialNameGroup materialNameGroup, int count, const ezwMaterialProperty *properties);
ZwMaterialGeneralPropertyGet	zwapi_materiallibrary.h	276		ZW_API_C ezwErrors ZwMaterialGeneralPropertyGet(szwMaterialNameGroup materialNameGroup, ezwMaterialProperty property, double *value, zwString64 unit, int bytes, char *description);
ZwMaterialGeneralPropertyListGet	zwapi_materiallibrary.h	324		ZW_API_C ezwErrors ZwMaterialGeneralPropertyListGet(szwMaterialNameGroup materialNameGroup, int *count, szwMaterialGeneralProperty **properties);
ZwMaterialGeneralPropertyListSet	zwapi_materiallibrary.h	298		ZW_API_C ezwErrors ZwMaterialGeneralPropertyListSet(szwMaterialNameGroup materialNameGroup, ezwUnitSystem unitSystem, int count, const szwMaterialGeneralProperty *properties);
ZwMaterialGeneralPropertySet	zwapi_materiallibrary.h	251		ZW_API_C ezwErrors ZwMaterialGeneralPropertySet(szwMaterialNameGroup materialNameGroup, ezwMaterialProperty property, double value, ezwUnitSystem unitSystem, const char *description);
ZwMaterialLibraryCategoryCreate	zwapi_materiallibrary.h	105		ZW_API_C ezwErrors ZwMaterialLibraryCategoryCreate(const char *libraryName, const char *categoryName);
ZwMaterialLibraryCategoryDelete	zwapi_materiallibrary.h	126		ZW_API_C ezwErrors ZwMaterialLibraryCategoryDelete(const char *libraryName, const char *categoryName);
ZwMaterialLibraryCategoryListGet	zwapi_materiallibrary.h	153		ZW_API_C ezwErrors ZwMaterialLibraryCategoryListGet(const char *libraryName, int *count, zwString512 **categoryList);
ZwMaterialLibraryCustomCreate	zwapi_materiallibrary.h	38		ZW_API_C ezwErrors ZwMaterialLibraryCustomCreate(const char *libraryName);
ZwMaterialLibraryCustomDelete	zwapi_materiallibrary.h	58		ZW_API_C ezwErrors ZwMaterialLibraryCustomDelete(const char *libraryName);
ZwMaterialLibraryListGet	zwapi_materiallibrary.h	81		ZW_API_C ezwErrors ZwMaterialLibraryListGet(int *count, zwString512 **libraryList);
ZwMaterialLibraryMaterialCreate	zwapi_materiallibrary.h	179		ZW_API_C ezwErrors ZwMaterialLibraryMaterialCreate(szwMaterialNameGroup materialNameGroup, double density, ezwDensityUnitType densityUnit);
ZwMaterialLibraryMaterialDelete	zwapi_materiallibrary.h	198		ZW_API_C ezwErrors ZwMaterialLibraryMaterialDelete(szwMaterialNameGroup materialNameGroup);
ZwMaterialLibraryMaterialListGet	zwapi_materiallibrary.h	225		ZW_API_C ezwErrors ZwMaterialLibraryMaterialListGet(const char *libraryName, const char *categoryName, int *count, zwString512 **materialList);
ZwMaterialListGet	zwapi_material.h	39		ZW_API_C ezwErrors ZwMaterialListGet(int *materialCount, zwString256 **materialList);
ZwMathLinerSegmentPoint2Get	zwapi_point.h	522		ZW_API_C ezwErrors ZwMathLinerSegmentPoint2Get(szwPoint2 startPoint, szwPoint2 endPoint, double factor, szwPoint2 *resultPoint);
ZwMathLinerSegmentPointGet	zwapi_point.h	548		ZW_API_C ezwErrors ZwMathLinerSegmentPointGet(szwPoint startPoint, szwPoint endPoint, double factor, szwPoint *resultPoint);
ZwMathPlaneGetByPoint	zwapi_point.h	365		ZW_API_C ezwErrors ZwMathPlaneGetByPoint(int pointCount, const szwPoint *pointList, szwVector *normal, double *D, int *location);
ZwMathPlanePointDistanceGet	zwapi_point.h	223		ZW_API_C ezwErrors ZwMathPlanePointDistanceGet(szwPoint planePoint, szwVector planeNormal, szwPoint point, double *distance, szwPoint *projPoint);
ZwMathPlanePointGetByXYDistance	zwapi_point.h	496		ZW_API_C ezwErrors ZwMathPlanePointGetByXYDistance(szwPoint planeOrigin, szwVector xAxis, szwVector yAxis, double xDistance, double yDistance, szwPoint *point);
ZwMatrix2Determinant	zwapi_matrix.h	539		ZW_API_C ezwErrors ZwMatrix2Determinant(szwMatrix2 inputMatrix, double *matrixDeterminant);
ZwMatrix2Transpose	zwapi_matrix.h	583		ZW_API_C ezwErrors ZwMatrix2Transpose(szwMatrix2 inputMatrix, szwMatrix2 *transposeMat);
ZwMatrix3Determinant	zwapi_matrix.h	561		ZW_API_C ezwErrors ZwMatrix3Determinant(szwMatrix3 inputMatrix, double *matrixDeterminant);
ZwMatrix3Eigen	zwapi_matrix.h	60		ZW_API_C ezwErrors ZwMatrix3Eigen(szwMatrix3 inputMatrix, double **values, szwVector **vectors);
ZwMatrix3ToMatrix4	zwapi_matrix.h	715		ZW_API_C ezwErrors ZwMatrix3ToMatrix4(szwMatrix3 inputMatrix, szwMatrix *matrix4D);
ZwMatrix3Transpose	zwapi_matrix.h	605		ZW_API_C ezwErrors ZwMatrix3Transpose(szwMatrix3 inputMatrix, szwMatrix3 *transposeMat);
ZwMatrixCoordinateSystemGet	zwapi_matrix.h	224		ZW_API_C ezwErrors ZwMatrixCoordinateSystemGet(szwMatrix inputMatrix, szwPoint *origin, szwVector *xAxis, szwVector *yAxis, szwVector *zAxis);
ZwMatrixCrossProduct	zwapi_matrix.h	135		ZW_API_C ezwErrors ZwMatrixCrossProduct(szwMatrix inputMatrix1, szwMatrix inputMatrix2, szwMatrix *resultMatrix);
ZwMatrixFullRankCheck	zwapi_matrix.h	888		ZW_API_C ezwErrors ZwMatrixFullRankCheck(szwMatrix inputMatrix, int *isFullRank);
ZwMatrixGetByPointAndXYAxis	zwapi_matrix.h	195		ZW_API_C ezwErrors ZwMatrixGetByPointAndXYAxis(szwPoint origin, szwVector xAxis, szwVector yAxis, szwMatrix *resultMatrix);
ZwMatrixGetByPointAndZAxis	zwapi_matrix.h	163		ZW_API_C ezwErrors ZwMatrixGetByPointAndZAxis(szwPoint origin, szwVector zAxis, szwMatrix *resultMatrix);
ZwMatrixIdentityFlagRefresh	zwapi_matrix.h	304		ZW_API_C ezwErrors ZwMatrixIdentityFlagRefresh(szwMatrix *inputMatrix);
ZwMatrixInit	zwapi_matrix.h	81		ZW_API_C ezwErrors ZwMatrixInit(szwMatrix *inputMatrix);
ZwMatrixInitByPoint	zwapi_matrix.h	282		ZW_API_C ezwErrors ZwMatrixInitByPoint(szwPoint refrencePoint, double scaleX, double scaleY, double scaleZ, szwMatrix *matrix);
ZwMatrixInitByRotation	zwapi_matrix.h	251		ZW_API_C ezwErrors ZwMatrixInitByRotation(double angle, szwAxis axis, szwMatrix *matrix);
ZwMatrixInitByTranslation	zwapi_matrix.h	356		ZW_API_C ezwErrors ZwMatrixInitByTranslation(double distanceX, double distanceY, double distanceZ, szwMatrix *matrix);
ZwMatrixInitByView	zwapi_matrix.h	380		ZW_API_C ezwErrors ZwMatrixInitByView(ezwViewStandard viewType, szwMatrix *resultMatrix);
ZwMatrixInvert	zwapi_matrix.h	110		ZW_API_C ezwErrors ZwMatrixInvert(szwMatrix inputMatrix, szwMatrix *inverseMatrix);
ZwMatrixNormalize	zwapi_matrix.h	801		ZW_API_C ezwErrors ZwMatrixNormalize(szwMatrix *setMatrix);
ZwMatrixOrthogonalCheck	zwapi_matrix.h	816		ZW_API_C ezwErrors ZwMatrixOrthogonalCheck(szwMatrix matrix, int *isOrthogonal);
ZwMatrixReflectionMatrixCreate	zwapi_matrix.h	865		ZW_API_C ezwErrors ZwMatrixReflectionMatrixCreate(szwPoint origin, szwVector normalVector, szwMatrix *reflectionMatrix);
ZwMatrixRotationGet	zwapi_matrix.h	648		ZW_API_C ezwErrors ZwMatrixRotationGet(szwMatrix inputMatrix, szwMatrix3 *rotationMat);
ZwMatrixRotationSet	zwapi_matrix.h	737		ZW_API_C ezwErrors ZwMatrixRotationSet(szwMatrix3 rotationMat, szwMatrix *setMatrix);
ZwMatrixScaleGet	zwapi_matrix.h	670		ZW_API_C ezwErrors ZwMatrixScaleGet(szwMatrix inputMatrix, double *scaleFactor);
ZwMatrixScaleSet	zwapi_matrix.h	759		ZW_API_C ezwErrors ZwMatrixScaleSet(double scaleFactor, szwMatrix *setMatrix);
ZwMatrixToEulerAngle	zwapi_matrix.h	423		ZW_API_C ezwErrors ZwMatrixToEulerAngle(ezwEulerAngleSequence sequenceType, szwMatrix inputMatrix, szwEulerMatrix *eulerData);
ZwMatrixTransform	zwapi_matrix.h	328		ZW_API_C ezwErrors ZwMatrixTransform(szwMatrix tranformationMatrix, szwMatrix *resultMatrix);
ZwMatrixTranslationGet	zwapi_matrix.h	692		ZW_API_C ezwErrors ZwMatrixTranslationGet(szwMatrix inputMatrix, szwVector *translationVector);
ZwMatrixTranslationSet	zwapi_matrix.h	781		ZW_API_C ezwErrors ZwMatrixTranslationSet(szwVector translationVector, szwMatrix *setMatrix);
ZwMatrixTranspose	zwapi_matrix.h	626		ZW_API_C ezwErrors ZwMatrixTranspose(szwMatrix inputMatrix, szwMatrix *transposeMat);
ZwMemoryAlloc	zwapi_memory.h	82		ZW_API_C ezwErrors ZwMemoryAlloc(int numBytes, void **memoryPointer);
ZwMemoryFree	zwapi_memory.h	175		ZW_API_C ezwErrors ZwMemoryFree(void **memoryPointer);
ZwMemoryResize	zwapi_memory.h	101		ZW_API_C ezwErrors ZwMemoryResize(int numBytes, void **memoryPointer);
ZwMemoryZero	zwapi_memory.h	137		ZW_API_C ezwErrors ZwMemoryZero(int numBytes, void *memoryPointer);
ZwModelFaceCreate	zwapi_face.h	520		ZW_API_C ezwErrors ZwModelFaceCreate(szwSurface surface, int numCurves, szwCurve *trimCurves, int code, int sew, double tolerance, szwEntityHandle *faceHandle);
ZwModelFaceSet	zwapi_face.h	379		ZW_API_C ezwErrors ZwModelFaceSet(szwEntityHandle faceHandle, szwSurface surface, int numCurves, szwCurve *trimCurves, int sew, double tolerance);
ZwMotActiveSolutionGet	zwapi_motion.h	363		ZW_API_C ezwErrors ZwMotActiveSolutionGet(int *idSolution);
ZwMotBodyGet	zwapi_motion.h	152		ZW_API_C ezwErrors ZwMotBodyGet(int idEntity, szwMotBody *zEntity);
ZwMotBodyMatrixGet	zwapi_motion.h	191		ZW_API_C ezwErrors ZwMotBodyMatrixGet(int idEntity, svxMatrix *zMatrix);
ZwMotBodyMatrixSet	zwapi_motion.h	208		ZW_API_C ezwErrors ZwMotBodyMatrixSet(int idEntity, svxMatrix zMatrix);
ZwMotBodySet	zwapi_motion.h	174		ZW_API_C ezwErrors ZwMotBodySet(int idEntity, szwMotBody zEntity);
ZwMotDriverCreate	zwapi_motion.h	343		ZW_API_C ezwErrors ZwMotDriverCreate(szwMotDriver zEntity, int *idEntity);
ZwMotDriverGet	zwapi_motion.h	286		ZW_API_C ezwErrors ZwMotDriverGet(int idEntity, szwMotDriver *zEntity);
ZwMotDriverSet	zwapi_motion.h	306		ZW_API_C ezwErrors ZwMotDriverSet(int idEntity, szwMotDriver zEntity);
ZwMotDriverValidJointCheck	zwapi_motion.h	322		ZW_API_C ezwErrors ZwMotDriverValidJointCheck(int idJoint, const ezwMotDriverType *eDriverType);
ZwMotEntityActiveGet	zwapi_motion.h	58		ZW_API_C ezwErrors ZwMotEntityActiveGet(int idEntity, int *iActive);
ZwMotEntityActiveSet	zwapi_motion.h	75		ZW_API_C ezwErrors ZwMotEntityActiveSet(int idEntity, int iActivate);
ZwMotEntityDelete	zwapi_motion.h	130		ZW_API_C ezwErrors ZwMotEntityDelete(int idEntity);
ZwMotEntityListGet	zwapi_motion.h	41		ZW_API_C ezwErrors ZwMotEntityListGet(ezwMotType eType, int *countEntity, int **entityList);
ZwMotEntityNameGet	zwapi_motion.h	95		ZW_API_C ezwErrors ZwMotEntityNameGet(int idEntity, int nBytes, char *name);
ZwMotEntityNameSet	zwapi_motion.h	114		ZW_API_C ezwErrors ZwMotEntityNameSet(int idEntity, const char *name);
ZwMotJointFree	zwapi_motion.h	264		ZW_API_C ezwErrors ZwMotJointFree(szwMotJoint *zEntity);
ZwMotJointGet	zwapi_motion.h	246		ZW_API_C ezwErrors ZwMotJointGet(int idEntity, szwMotJoint *zEntity);
ZwMotJointTypeGetBySubClass	zwapi_motion.h	225		ZW_API_C ezwErrors ZwMotJointTypeGetBySubClass(ezwMotJointSubClass eSubClass, ezwMotJointType *eType);
ZwMotSolutionActiveEntityListGet	zwapi_motion.h	439		ZW_API_C ezwErrors ZwMotSolutionActiveEntityListGet(int idSolution, ezwMotType eType, int *countEntity,
ZwMotSolutionCalculate	zwapi_motion.h	504		ZW_API_C ezwErrors ZwMotSolutionCalculate(ezwMotSolutionSolveStatus *eStatus);
ZwMotSolutionDegreeOfFreedomGet	zwapi_motion.h	380		ZW_API_C ezwErrors ZwMotSolutionDegreeOfFreedomGet(int idEntity, int *iDegreeOfFreedom);
ZwMotSolutionDriverTimeListGet	zwapi_motion.h	462		ZW_API_C ezwErrors ZwMotSolutionDriverTimeListGet(int idSolution, int *countEntity, szwMotDriverTime **entityList);
ZwMotSolutionDriverTimeListSet	zwapi_motion.h	481		ZW_API_C ezwErrors ZwMotSolutionDriverTimeListSet(int idSolution, int countEntity,
ZwMotSolutionGet	zwapi_motion.h	397		ZW_API_C ezwErrors ZwMotSolutionGet(int idEntity, szwMotSolution *zEntity);
ZwMotSolutionSet	zwapi_motion.h	417		ZW_API_C ezwErrors ZwMotSolutionSet(int idEntity, szwMotSolution zEntity);
ZwMotSolutionSolveResultFree	zwapi_motion.h	544		ZW_API_C ezwErrors ZwMotSolutionSolveResultFree(int count, szwMotFrameResult **resultList);
ZwMotSolutionSolveResultGet	zwapi_motion.h	526		ZW_API_C ezwErrors ZwMotSolutionSolveResultGet(int idSolution, int *countFrame, szwMotFrameResult **resultList);
ZwNumberGet	zwapi_userinput.h	790		ZW_API_C ezwErrors ZwNumberGet(const char *prompt, double *number);
ZwPMIAligmentPlaneGet	zwapi_pmi.h	289		ZW_API_C ezwErrors ZwPMIAligmentPlaneGet(szwEntityHandle pmiHandle, szwMatrix *matrix);
ZwPMIAttachedViewListGet	zwapi_pmi.h	331		ZW_API_C ezwErrors ZwPMIAttachedViewListGet(szwEntityHandle handlePMI, int *count, szwEntityHandle **viewHandleList);
ZwPMIDimensionDiscreteDataFree	zwapi_pmi.h	161		ZW_API_C ezwErrors ZwPMIDimensionDiscreteDataFree(szwPMIDimensionDiscreteData *data);
ZwPMIDimensionDiscreteDataGet	zwapi_pmi.h	146		ZW_API_C ezwErrors ZwPMIDimensionDiscreteDataGet(szwEntityHandle dimensionHandle, szwPMIDimensionDiscreteData *data);
ZwPMIDimensionFeatureControlCreateByText	zwapi_pmi.h	72		ZW_API_C ezwErrors ZwPMIDimensionFeatureControlCreateByText(const char *text, szwPointOnEntity *leaderPoint, szwPointOnEntity location, szwEntityHandle *plane, szwEntityHandle *FCS);
ZwPMIDimensionLabelCreate	zwapi_pmi.h	42		ZW_API_C ezwErrors ZwPMIDimensionLabelCreate(szwPMIDimensionLabel data, szwEntityHandle *pmi);
ZwPMISymbolDiscreteDataFree	zwapi_pmi.h	204		ZW_API_C ezwErrors ZwPMISymbolDiscreteDataFree(szwPMISymbolDiscreteData *data);
ZwPMISymbolDiscreteDataGet	zwapi_pmi.h	189		ZW_API_C ezwErrors ZwPMISymbolDiscreteDataGet(szwEntityHandle symbolHandle, szwPMISymbolDiscreteData *data);
ZwPMITableDiscreteDataFree	zwapi_pmi.h	259		ZW_API_C ezwErrors ZwPMITableDiscreteDataFree(szwPMITableDiscreteData *data);
ZwPMITableDiscreteDataGet	zwapi_pmi.h	244		ZW_API_C ezwErrors ZwPMITableDiscreteDataGet(szwEntityHandle tableHandle, szwPMITableDiscreteData *data);
ZwPathFindByFileName	zwapi_file_path.h	766		ZW_API_C ezwErrors ZwPathFindByFileName(const char *fileName, int sizeFullPath, char *fullPath, ezwPathSearchResult *result);
ZwPathSeparatorCheck	zwapi_file_path.h	746		ZW_API_C ezwErrors ZwPathSeparatorCheck(const char *sourcePath, int nBytes, char *path);
ZwPhysicalAttributeCalculate	zwapi_attribute.h	94		ZW_API_C ezwErrors ZwPhysicalAttributeCalculate();
ZwPhysicalAttributeGet	zwapi_attribute.h	45		ZW_API_C ezwErrors ZwPhysicalAttributeGet(szwPhysicalAttribute *attribute);
ZwPhysicalAttributeSet	zwapi_attribute.h	70		ZW_API_C ezwErrors ZwPhysicalAttributeSet(szwPhysicalAttribute attribute);
ZwPicksetCreate	zwapi_pickset.h	154		ZW_API_C ezwErrors ZwPicksetCreate(const zwString32 pickSetName, int entityCount, const szwEntityHandle *entityList, szwEntityHandle *picksetHandle);
ZwPicksetDelete	zwapi_pickset.h	112		ZW_API_C ezwErrors ZwPicksetDelete(szwEntityHandle picksetHandle);
ZwPicksetEntityAdd	zwapi_pickset.h	210		ZW_API_C ezwErrors ZwPicksetEntityAdd(szwEntityHandle picksetHandle, int entityCount, const szwEntityHandle *entityList);
ZwPicksetEntityDelete	zwapi_pickset.h	251		ZW_API_C ezwErrors ZwPicksetEntityDelete(szwEntityHandle picksetHandle, int entityCount, const szwEntityHandle *entityList);
ZwPicksetInformationGet	zwapi_pickset.h	57		ZW_API_C ezwErrors ZwPicksetInformationGet(szwEntityHandle picksetHandle, int namelength, char *pickSetName, int *pickSetCount, szwEntityHandle **entityList);
ZwPicksetListGet	zwapi_pickset.h	88		ZW_API_C ezwErrors ZwPicksetListGet(int *pickSetCount, szwEntityHandle **picksetHandles);
ZwPicksetRename	zwapi_pickset.h	175		ZW_API_C ezwErrors ZwPicksetRename(const zwString32 pickSetName, szwEntityHandle picksetHandle);
ZwPlaneProjectPointGetByDirection	zwapi_point.h	401		ZW_API_C ezwErrors ZwPlaneProjectPointGetByDirection(szwPoint planePoint, szwVector planeNormal, szwPoint point, const szwVector *projectDirection, szwPoint *projectPoint, int *isParallelOrOnPlane);
ZwPluginDataInit	zwapi_global_apply.h	801		ZW_API_C ezwErrors ZwPluginDataInit(const char *libraryPath, szwPluginData *pluginData);
ZwPluginListGet	zwapi_global_apply.h	900		ZW_API_C ezwErrors ZwPluginListGet(int *count, szwPluginData **pluginList);
ZwPluginLoad	zwapi_global_apply.h	839		ZW_API_C ezwErrors ZwPluginLoad(szwPluginData pluginData);
ZwPluginUnload	zwapi_global_apply.h	869		ZW_API_C ezwErrors ZwPluginUnload(const char *libraryName);
ZwPointDistanceGet	zwapi_point.h	192		ZW_API_C ezwErrors ZwPointDistanceGet(szwPoint point1, szwPoint point2, double *distance);
ZwPointGetByPick	zwapi_point.h	70		ZW_API_C ezwErrors ZwPointGetByPick(const char *prompt, ezwPointInputOption option, int emptyOk, szwPoint *point, szwEntityHandle *handle);
ZwPointListGet	zwapi_point.h	45		ZW_API_C ezwErrors ZwPointListGet(int *count, szwEntityHandle **pointList);
ZwPointListTransform	zwapi_matrix.h	517		ZW_API_C ezwErrors ZwPointListTransform(szwMatrix inputMatrix, int count, szwPoint *points);
ZwPointOnEntityCheck	zwapi_point.h	462		ZW_API_C ezwErrors ZwPointOnEntityCheck(szwEntityHandle entityHandle, szwPoint point, ezwPointLocation *pointLocation);
ZwPointPolygonTriangulation	zwapi_point.h	168		ZW_API_C ezwErrors ZwPointPolygonTriangulation(int pointCount, const szwPoint *pointList, int *vertexCount, int **vertexList);
ZwPointTransform	zwapi_matrix.h	491		ZW_API_C ezwErrors ZwPointTransform(szwMatrix inputMatrix, szwPoint *point);
ZwPointTranslateByDistance	zwapi_point.h	121		ZW_API_C ezwErrors ZwPointTranslateByDistance(szwPoint *point, szwVector vector, double distance);
ZwPreEdgeDifferentiate	zwapi_preedge.h	103		ZW_API_C ezwErrors ZwPreEdgeDifferentiate(szwEntityHandle preedgeHandle, double t, int level, szwCurveDerivative *evaluation);
ZwPreEdgePointDistanceGet	zwapi_preedge.h	58		ZW_API_C ezwErrors ZwPreEdgePointDistanceGet(szwEntityHandle preEdgeHandle, szwPoint point, double *T, szwPoint *targetPoint, double *distance);
ZwPreferenceComponentLightSourcesModeGet	zwapi_global_apply.h	1350		ZW_API_C ezwErrors ZwPreferenceComponentLightSourcesModeGet(int *isUseLightSource);
ZwPreferenceComponentLightSourcesModeSet	zwapi_global_apply.h	1368		ZW_API_C ezwErrors ZwPreferenceComponentLightSourcesModeSet(int isUseLightSource);
ZwPreferenceFreeEdgeDisplayModeGet	zwapi_global_apply.h	1314		ZW_API_C ezwErrors ZwPreferenceFreeEdgeDisplayModeGet(int *isShowFreeEdge);
ZwPreferenceFreeEdgeDisplayModeSet	zwapi_global_apply.h	1332		ZW_API_C ezwErrors ZwPreferenceFreeEdgeDisplayModeSet(int isShowFreeEdge);
ZwPreferenceToleranceGet	zwapi_global_apply.h	1277		ZW_API_C ezwErrors ZwPreferenceToleranceGet(double *value, int size, char *unitName);
ZwPreferenceToleranceSet	zwapi_global_apply.h	1296		ZW_API_C ezwErrors ZwPreferenceToleranceSet(double value, const char *unitName);
ZwPreferenceUnitsSystemGet	zwapi_global_apply.h	1390		ZW_API_C ezwErrors ZwPreferenceUnitsSystemGet(ezwUnitSystem *unitSystem, int *countUnits, szwUnitInformation **unitList);
ZwPreferenceUnitsSystemSet	zwapi_global_apply.h	1407		ZW_API_C ezwErrors ZwPreferenceUnitsSystemSet(ezwUnitSystem unitSystem);
ZwProfileModuleNameRegister	zwapi_global_apply.h	1038		ZW_API_C ezwErrors ZwProfileModuleNameRegister(const char *moduleName);
ZwRayComponentIntersectWithRadius	zwapi_intersection.h	117		ZW_API_C ezwErrors ZwRayComponentIntersectWithRadius(const szwEntityHandle *component, ezwFaceTrim faceTrim, int onlyVisible, szwAxis ray, int infinite, double radius, double length, int *count, szwIntersectionPoint **in
ZwRayShapeIntersect	zwapi_intersection.h	68		ZW_API_C ezwErrors ZwRayShapeIntersect(int nShapes, const szwEntityHandle *shapes, ezwFaceTrim faceTrim, szwAxis ray, int infinite, double length, int *count, szwIntersectionPoint **intersectionPoints);
ZwReadyTextDataFree	zwapi_sketch_wireframe.h	199		ZW_API_C ezwErrors ZwReadyTextDataFree(szwReadyText *readyText);
ZwReferenceCreate	zwapi_dataexchange.h	114		ZW_API_C ezwErrors ZwReferenceCreate(szwEntityHandle geometry, ezwReferenceCopyOption associativeCopy, szwEntityHandle *handle);
ZwResourceFileRegister	zwapi_global_apply.h	933		ZW_API_C ezwErrors ZwResourceFileRegister(const char *file);
ZwResourceFileUnregister	zwapi_global_apply.h	952		ZW_API_C ezwErrors ZwResourceFileUnregister(const char *file);
ZwResourcePathAdd	zwapi_global_apply.h	970		ZW_API_C ezwErrors ZwResourcePathAdd(const zwString512 path);
ZwResourcePathDelete	zwapi_global_apply.h	991		ZW_API_C ezwErrors ZwResourcePathDelete(const zwString512 path);
ZwResourcePathListGet	zwapi_global_apply.h	1014		ZW_API_C ezwErrors ZwResourcePathListGet(int *count, zwString512 **pathList);
ZwRotationalFaceAxisPointGet	zwapi_face.h	635		ZW_API_C ezwErrors ZwRotationalFaceAxisPointGet(szwSurface surface, szwPoint *startPoint, szwPoint *endPoint);
ZwSearchPathAdd	zwapi_file_path.h	796		ZW_API_C ezwErrors ZwSearchPathAdd(const zwString512 path);
ZwSearchPathDelete	zwapi_file_path.h	813		ZW_API_C ezwErrors ZwSearchPathDelete(const zwString512 path);
ZwSearchPathListGet	zwapi_file_path.h	836		ZW_API_C ezwErrors ZwSearchPathListGet(int *count, zwString512 **pathList);
ZwSectionViewCheck	zwapi_view.h	1028		ZW_API_C ezwErrors ZwSectionViewCheck(szwEntityHandle viewHandle, int *isSectionView);
ZwSectionViewComponentGet	zwapi_view.h	978		ZW_API_C ezwErrors ZwSectionViewComponentGet(szwEntityHandle viewHandle, int *countOfComponent, szwEntityHandle **componentHandles, ezwSectionViewComponentIsIncluded *isIncluded);
ZwSectionViewComponentSet	zwapi_view.h	1009		ZW_API_C ezwErrors ZwSectionViewComponentSet(szwEntityHandle viewHandle, int countOfComponent, const szwEntityHandle *componentHandles, ezwSectionViewComponentIsIncluded isIncluded);
ZwSectionViewCreate	zwapi_view.h	812		ZW_API_C ezwErrors ZwSectionViewCreate(szwSectionViewParameter sectionViewParameter, const zwString32 sectionViewName, szwEntityHandle *sectionViewHandle);
ZwSectionViewCurveAttributeGet	zwapi_view.h	1167		ZW_API_C ezwErrors ZwSectionViewCurveAttributeGet(szwCurveAttributes *data);
ZwSectionViewCurveAttributeSet	zwapi_view.h	1196		ZW_API_C ezwErrors ZwSectionViewCurveAttributeSet(szwCurveAttributes data);
ZwSectionViewDatumCurveListInsert	zwapi_view.h	1227		ZW_API_C ezwErrors ZwSectionViewDatumCurveListInsert(szwEntityHandle sectionViewHandle);
ZwSectionViewDatumPlaneInsert	zwapi_view.h	884		ZW_API_C ezwErrors ZwSectionViewDatumPlaneInsert(szwEntityHandle sectionViewHandle);
ZwSectionViewDirectionReverse	zwapi_view.h	660		ZW_API_C ezwErrors ZwSectionViewDirectionReverse(szwEntityHandle sectionViewHandle);
ZwSectionViewGlobalDisplayControlGet	zwapi_view.h	1143		ZW_API_C ezwErrors ZwSectionViewGlobalDisplayControlGet(szwControlGlobalAttributes *data);
ZwSectionViewGlobalDisplayControlSet	zwapi_view.h	1090		ZW_API_C ezwErrors ZwSectionViewGlobalDisplayControlSet(szwControlGlobalAttributes data);
ZwSectionViewListGet	zwapi_view.h	628		ZW_API_C ezwErrors ZwSectionViewListGet(int *countOfSectionView, szwEntityHandle **sectionViews);
ZwSectionViewLocalDisplayControlGet	zwapi_view.h	1119		ZW_API_C ezwErrors ZwSectionViewLocalDisplayControlGet(szwEntityHandle sectionViewHandle, szwControlLocalAttributes *data);
ZwSectionViewLocalDisplayControlSet	zwapi_view.h	1061		ZW_API_C ezwErrors ZwSectionViewLocalDisplayControlSet(szwEntityHandle sectionViewHandle, szwControlLocalAttributes data);
ZwSectionViewNameGet	zwapi_view.h	597		ZW_API_C ezwErrors ZwSectionViewNameGet(szwEntityHandle sectionViewHandle, int nameLength, char *sectionViewName);
ZwSectionViewNameSet	zwapi_view.h	565		ZW_API_C ezwErrors ZwSectionViewNameSet(szwEntityHandle sectionViewHandle, const zwString32 newName);
ZwSectionViewOnStateGet	zwapi_view.h	836		ZW_API_C ezwErrors ZwSectionViewOnStateGet(ezwSectionViewIsOn *isSectionOn);
ZwSectionViewOnStateSet	zwapi_view.h	860		ZW_API_C ezwErrors ZwSectionViewOnStateSet(ezwSectionViewIsOn isSectionOn);
ZwSectionViewParameterGet	zwapi_view.h	722		ZW_API_C ezwErrors ZwSectionViewParameterGet(szwEntityHandle sectionViewHandle, szwSectionViewParameter *sectionViewParameter);
ZwSectionViewParameterInit	zwapi_view.h	746		ZW_API_C ezwErrors ZwSectionViewParameterInit(szwSectionViewParameter *sectionViewParameter);
ZwSectionViewParameterSet	zwapi_view.h	944		ZW_API_C ezwErrors ZwSectionViewParameterSet(szwEntityHandle sectionViewHandle, szwSectionViewParameter sectionViewParameter);
ZwSectionViewUpdate	zwapi_view.h	1208		ZW_API_C ezwErrors ZwSectionViewUpdate();
ZwShapeEdgeListGet	zwapi_shape.h	124		ZW_API_C ezwErrors ZwShapeEdgeListGet(szwEntityHandle shapeHandle, int *count, szwEntityHandle **edgeList);
ZwShapeEdgeSewAll	zwapi_shape.h	75		ZW_API_C ezwErrors ZwShapeEdgeSewAll(double tolerance, int *openEdgesCount, double *maxGap);
ZwShapeFaceListGet	zwapi_shape.h	101		ZW_API_C ezwErrors ZwShapeFaceListGet(szwEntityHandle shapeHandle, int *count, szwEntityHandle **faceList);
ZwShapeInterferenceCheck	zwapi_shape.h	275		ZW_API_C ezwErrors ZwShapeInterferenceCheck(szwEntityHandle shapeA, szwEntityHandle shapeB, int saveGeomtry, int *interferenceCount, szwEntityHandle **interferenceShapes, double *totalVolume);
ZwShapeInterferenceTypeGet	zwapi_shape.h	245		ZW_API_C ezwErrors ZwShapeInterferenceTypeGet(szwEntityHandle shapeA, szwEntityHandle shapeB, ezwInterferenceType *type);
ZwShapeInternalAreaGet	zwapi_shape.h	216		ZW_API_C ezwErrors ZwShapeInternalAreaGet(szwEntityHandle shapeHandle, double *area);
ZwShapeListGet	zwapi_shape.h	42		ZW_API_C ezwErrors ZwShapeListGet(int *count, szwEntityHandle **shapes);
ZwShapeOpenCheck	zwapi_shape.h	187		ZW_API_C ezwErrors ZwShapeOpenCheck(szwEntityHandle shape, int *isOpen);
ZwShapeThicknessGet	zwapi_shape.h	167		ZW_API_C ezwErrors ZwShapeThicknessGet(szwEntityHandle shape, int faceCount, const szwEntityHandle *faces, ezwPartThicknessMethods method, double *minimum, double *maximum);
ZwSheetMetalAttributeGet	zwapi_sheet_metal.h	35		ZW_API_C ezwErrors ZwSheetMetalAttributeGet(szwSheetMetalAttribute *attribute);
ZwSheetMetalAttributeSet	zwapi_sheet_metal.h	62		ZW_API_C ezwErrors ZwSheetMetalAttributeSet(szwSheetMetalAttribute attribute);
ZwSheetMetalFaceSideAndThickFind	zwapi_sheet_metal.h	174		ZW_API_C ezwErrors ZwSheetMetalFaceSideAndThickFind(szwEntityHandle seedFace, szwSheetMetalFaceFindData *resultData);
ZwSheetMetalFaceSideAndThickFree	zwapi_sheet_metal.h	191		ZW_API_C ezwErrors ZwSheetMetalFaceSideAndThickFree(szwSheetMetalFaceFindData *resultData);
ZwSheetMetalFlangeInterferenceCheck	zwapi_sheet_metal.h	222		ZW_API_C ezwErrors ZwSheetMetalFlangeInterferenceCheck(int shapeCount, const szwEntityHandle *shapeList, int *faceCount, szwEntityHandle **faceList);
ZwSheetMetalFlangeProfileCorrection	zwapi_sheet_metal.h	134		ZW_API_C ezwErrors ZwSheetMetalFlangeProfileCorrection(szwEntityHandle sketch, szwEntityHandle edge, double angle);
ZwSheetMetalFoldStateGet	zwapi_sheet_metal.h	245		ZW_API_C ezwErrors ZwSheetMetalFoldStateGet(szwEntityHandle shapeHandle, ezwSheetMetalFoldStatus *status);
ZwSketch2DCurveListGet	zwapi_sketch_general.h	208		ZW_API_C ezwErrors ZwSketch2DCurveListGet(const szwEntityHandle *sketchHandle, int *countGeometry, szwEntityHandle **geometryList);
ZwSketch3DCurveListGet	zwapi_sk3d_objs.h	59		ZW_API_C ezwErrors ZwSketch3DCurveListGet(szwEntityHandle sketch, int *count, szwEntityHandle **curves);
ZwSketchActivate	zwapi_sketch_general.h	164		ZW_API_C ezwErrors ZwSketchActivate(const szwEntityHandle *sketchHandle, int updateGUI);
ZwSketchAngularDimensionCreate	zwapi_sketch_dimension.h	162		ZW_API_C ezwErrors ZwSketchAngularDimensionCreate(ezwSketchAngularDimensionType angularType, int count, const szwSketchDimensionPoint *dimensionPoint, const szwPoint2 *textPoint, double dimensionValue, szwEntityHandle *d
ZwSketchArcCreateByThreePoints	zwapi_sketch_wireframe.h	66		ZW_API_C ezwErrors ZwSketchArcCreateByThreePoints(szwSketchArcCreateByThreePoints data, szwEntityHandle *entity);
ZwSketchArcCreateByThreePointsInit	zwapi_sketch_wireframe.h	39		ZW_API_C ezwErrors ZwSketchArcCreateByThreePointsInit(szwSketchArcCreateByThreePoints *data);
ZwSketchArcLengthDimensionCreate	zwapi_sketch_dimension.h	243		ZW_API_C ezwErrors ZwSketchArcLengthDimensionCreate(szwEntityHandle arcHandle, const szwPoint2 *textPoint, double dimensionValue, szwEntityHandle *dimensionHandle);
ZwSketchCancel	zwapi_sketch_general.h	181		ZW_API_C ezwErrors ZwSketchCancel();
ZwSketchCircleCreateByRadius	zwapi_sketch_wireframe.h	105		ZW_API_C ezwErrors ZwSketchCircleCreateByRadius(szwSketchCircleCreateByRadius data, szwEntityHandle *entity);
ZwSketchCircleCreateByRadiusInit	zwapi_sketch_wireframe.h	84		ZW_API_C ezwErrors ZwSketchCircleCreateByRadiusInit(szwSketchCircleCreateByRadius *data);
ZwSketchConstraintSolve	zwapi_sketch_constraint.h	37		ZW_API_C ezwErrors ZwSketchConstraintSolve();
ZwSketchConstraintStatusDataFree	zwapi_sketch_constraint.h	95		ZW_API_C ezwErrors ZwSketchConstraintStatusDataFree(szwSketchGeometryConstraintData *geometryData);
ZwSketchConstraintStatusGet	zwapi_sketch_constraint.h	78		ZW_API_C ezwErrors ZwSketchConstraintStatusGet(int solveConstraints, int *status, szwSketchGeometryConstraintData *geometryData);
ZwSketchCreateByData	zwapi_sketch_general.h	138		ZW_API_C ezwErrors ZwSketchCreateByData(szwSketchData sketchData, szwEntityHandle *sketch);
ZwSketchCreateByDataInit	zwapi_sketch_general.h	103		ZW_API_C ezwErrors ZwSketchCreateByDataInit(szwSketchData *sketchData);
ZwSketchCreateByMatrix	zwapi_sketch_general.h	88		ZW_API_C ezwErrors ZwSketchCreateByMatrix(szwMatrix matrix, szwEntityHandle *sketchHandle);
ZwSketchDimensionGeometryListGet	zwapi_sketch_dimension.h	370		ZW_API_C ezwErrors ZwSketchDimensionGeometryListGet(szwEntityHandle dimension, int *count, szwEntityHandle **geometryList);
ZwSketchDimensionListGet	zwapi_sketch_dimension.h	345		ZW_API_C ezwErrors ZwSketchDimensionListGet(int *count, szwEntityHandle **dimensionList);
ZwSketchDimensionPointGet	zwapi_sketch_dimension.h	463		ZW_API_C ezwErrors ZwSketchDimensionPointGet(szwEntityHandle dimensionHandle, int *count, szwSketchDimensionPoint **dimensionPoints);
ZwSketchDimensionReferenceStateGet	zwapi_sketch_dimension.h	506		ZW_API_C ezwErrors ZwSketchDimensionReferenceStateGet(szwEntityHandle dimension, int *state);
ZwSketchDimensionReferenceStateSet	zwapi_sketch_dimension.h	530		ZW_API_C ezwErrors ZwSketchDimensionReferenceStateSet(int count, const szwEntityHandle *dimensions, int state);
ZwSketchDimensionTypeGet	zwapi_sketch_dimension.h	422		ZW_API_C ezwErrors ZwSketchDimensionTypeGet(szwEntityHandle dimensionHandle, ezwSketchDimensionType *type, int *subtype);
ZwSketchDimensionWeakCheck	zwapi_sketch_dimension.h	483		ZW_API_C ezwErrors ZwSketchDimensionWeakCheck(szwEntityHandle dimensionHandle, int *isWeak);
ZwSketchGeneralTableListGet	zwapi_sketch_general.h	258		ZW_API_C ezwErrors ZwSketchGeneralTableListGet(const szwEntityHandle *sketchHandle, int *count, szwEntityHandle **tableList);
ZwSketchGeometryConstraintListGet	zwapi_sketch_constraint.h	120		ZW_API_C ezwErrors ZwSketchGeometryConstraintListGet(szwEntityHandle geometry, int *count, szwEntityHandle **constraintList);
ZwSketchGeometryDimensionListGet	zwapi_sketch_dimension.h	394		ZW_API_C ezwErrors ZwSketchGeometryDimensionListGet(szwEntityHandle geometry, int *count, szwEntityHandle **dimensionList);
ZwSketchLineCreateBy2DPoints	zwapi_sketch_wireframe.h	132		ZW_API_C ezwErrors ZwSketchLineCreateBy2DPoints(szwPoint2 startPoint, szwPoint2 endPoint, szwEntityHandle *lineHandle);
ZwSketchLinearDimensionCreate	zwapi_sketch_dimension.h	67		ZW_API_C ezwErrors ZwSketchLinearDimensionCreate(ezwSketchLinearDimensionType linearType, szwSketchDimensionPoint dimensionPoint1, szwSketchDimensionPoint dimensionPoint2, const szwPoint2 *textPoint, double dimensionValu
ZwSketchLinearOffsetDimensionCreate	zwapi_sketch_dimension.h	114		ZW_API_C ezwErrors ZwSketchLinearOffsetDimensionCreate(ezwSketchLinearOffsetDimensionType linearOffsetType, szwSketchDimensionPoint dimensionPoint1, szwSketchDimensionPoint dimensionPoint2, const szwPoint2 *textPoint, do
ZwSketchListGet	zwapi_sketch_general.h	52		ZW_API_C ezwErrors ZwSketchListGet(int *countSketch, szwEntityHandle **sketchList);
ZwSketchPatternConstraintDataGet	zwapi_sketch_constraint.h	140		ZW_API_C ezwErrors ZwSketchPatternConstraintDataGet(szwEntityHandle constraint, szwSketchPatternData *patternData);
ZwSketchPerimeterDimensionCreate	zwapi_sketch_dimension.h	318		ZW_API_C ezwErrors ZwSketchPerimeterDimensionCreate(szwPerimeterDimensionData data, szwEntityHandle *dimensionHandle);
ZwSketchRadialDimensionCreate	zwapi_sketch_dimension.h	203		ZW_API_C ezwErrors ZwSketchRadialDimensionCreate(ezwSketchRadialDimensionType radialType, szwEntityHandle arcHandle, const szwPoint2 *textPoint, double dimensionValue, szwEntityHandle *dimensionHandle);
ZwSketchReadyTextCreate	zwapi_sketch_wireframe.h	181		ZW_API_C ezwErrors ZwSketchReadyTextCreate(szwReadyTextCreate data, szwEntityHandle *entityHandle);
ZwSketchReadyTextCreateInit	zwapi_sketch_wireframe.h	152		ZW_API_C ezwErrors ZwSketchReadyTextCreateInit(ezwReadyTextMethods method, szwReadyTextCreate *data);
ZwSketchReadyTextDataGet	zwapi_sketch_wireframe.h	223		ZW_API_C ezwErrors ZwSketchReadyTextDataGet(szwEntityHandle readyTextHandle, szwReadyText *readyText);
ZwSketchReadyTextOutlineListGet	zwapi_sketch_wireframe.h	249		ZW_API_C ezwErrors ZwSketchReadyTextOutlineListGet(szwEntityHandle readyTextHandle, int *count, szwEntityHandle **outlines);
ZwSketchSymbolImageCreate	zwapi_sketch_dimension.h	585		ZW_API_C ezwErrors ZwSketchSymbolImageCreate(szwSymbolImage data, int embed, szwEntityHandle *imageHandle);
ZwSketchSymbolImageInit	zwapi_sketch_dimension.h	631		ZW_API_C ezwErrors ZwSketchSymbolImageInit(szwSymbolImage *data);
ZwSketchSymbolImageListGet	zwapi_sketch_dimension.h	614		ZW_API_C ezwErrors ZwSketchSymbolImageListGet(int *count, szwEntityHandle **imageList);
ZwSketchSymmetryDimensionCreate	zwapi_sketch_dimension.h	291		ZW_API_C ezwErrors ZwSketchSymmetryDimensionCreate(ezwSketchSymmetryDimensionType symmetryType, szwSketchDimensionPoint dimensionPoint, szwEntityHandle centerLineHandle, const szwPoint2 *textPoint, double dimensionValue,
ZwSketchTextListGet	zwapi_sketch_general.h	233		ZW_API_C ezwErrors ZwSketchTextListGet(const szwEntityHandle *sketchHandle, int *textCount, szwEntityHandle **textHandles);
ZwStandardAttributeDateSet	zwapi_attribute.h	179		ZW_API_C ezwErrors ZwStandardAttributeDateSet(ezwDateFormat dateFormat);
ZwStandardAttributeGet	zwapi_attribute.h	122		ZW_API_C ezwErrors ZwStandardAttributeGet(ezwStandardAttributeItem attributeItem, int size, char *attribute);
ZwStandardAttributeSet	zwapi_attribute.h	155		ZW_API_C ezwErrors ZwStandardAttributeSet(ezwStandardAttributeItem attributeItem, const char *attribute);
ZwSurfaceDataFree	zwapi_face.h	80		ZW_API_C ezwErrors ZwSurfaceDataFree(szwSurface *data);
ZwTableAttributeGet	zwapi_table.h	669		ZW_API_C ezwErrors ZwTableAttributeGet(szwEntityHandle table, szwTableAttribute *tableAttribute, szwTableTextAttribute *textAttribute);
ZwTableAttributeSet	zwapi_table.h	712		ZW_API_C ezwErrors ZwTableAttributeSet(szwEntityHandle table, const szwTableAttribute *tableAttribute, const szwTableTextAttribute *textAttribute, int updateAllCell);
ZwTableCellAttributeGet	zwapi_table.h	580		ZW_API_C ezwErrors ZwTableCellAttributeGet(szwEntityHandle table, int row, int column, szwTableCellAttribute *cellAttribute, szwTableTextAttribute *textAttribute);
ZwTableCellAttributeSet	zwapi_table.h	628		ZW_API_C ezwErrors ZwTableCellAttributeSet(szwEntityHandle table, int row, int column, const szwTableCellAttribute *cellAttribute, const szwTableTextAttribute *textAttribute);
ZwTableCellDataTypeGet	zwapi_table.h	370		ZW_API_C ezwErrors ZwTableCellDataTypeGet(szwEntityHandle table, int row, int column, ezwTableCellDataType *dataType);
ZwTableCellDataTypeSet	zwapi_table.h	395		ZW_API_C ezwErrors ZwTableCellDataTypeSet(szwEntityHandle table, int row, int column, ezwTableCellDataType dataType);
ZwTableCellMerge	zwapi_table.h	512		ZW_API_C ezwErrors ZwTableCellMerge(szwEntityHandle table, int startRow, int endRow, int startColumn, int endColumn);
ZwTableCellTextGet	zwapi_table.h	321		ZW_API_C ezwErrors ZwTableCellTextGet(szwEntityHandle table, int row, int column, char *text, int size);
ZwTableCellTextSet	zwapi_table.h	345		ZW_API_C ezwErrors ZwTableCellTextSet(szwEntityHandle table, int row, int column, const char *text);
ZwTableCellUnMerge	zwapi_table.h	537		ZW_API_C ezwErrors ZwTableCellUnMerge(szwEntityHandle table, int startRow, int endRow, int startColumn, int endColumn);
ZwTableColumnCountGet	zwapi_table.h	181		ZW_API_C ezwErrors ZwTableColumnCountGet(szwEntityHandle table, int *count);
ZwTableColumnDelete	zwapi_table.h	283		ZW_API_C ezwErrors ZwTableColumnDelete(szwEntityHandle table, int column);
ZwTableColumnInsert	zwapi_table.h	230		ZW_API_C ezwErrors ZwTableColumnInsert(szwEntityHandle table, int column);
ZwTableColumnWidthGet	zwapi_table.h	461		ZW_API_C ezwErrors ZwTableColumnWidthGet(szwEntityHandle table, int column, double *width);
ZwTableColumnWidthSet	zwapi_table.h	483		ZW_API_C ezwErrors ZwTableColumnWidthSet(szwEntityHandle table, int column, double width);
ZwTableInsert	zwapi_table.h	130		ZW_API_C ezwErrors ZwTableInsert(szwEntityHandle table, szwTableInsertData data);
ZwTableRowCountGet	zwapi_table.h	157		ZW_API_C ezwErrors ZwTableRowCountGet(szwEntityHandle table, int *count);
ZwTableRowDelete	zwapi_table.h	257		ZW_API_C ezwErrors ZwTableRowDelete(szwEntityHandle table, int row);
ZwTableRowHeightGet	zwapi_table.h	417		ZW_API_C ezwErrors ZwTableRowHeightGet(szwEntityHandle table, int row, double *height);
ZwTableRowHeightSet	zwapi_table.h	439		ZW_API_C ezwErrors ZwTableRowHeightSet(szwEntityHandle table, int row, double height);
ZwTableRowInsert	zwapi_table.h	207		ZW_API_C ezwErrors ZwTableRowInsert(szwEntityHandle table, int row);
ZwTemplateCommandListModeGet	zwapi_template_command.h	153		ZW_API_C ezwErrors ZwTemplateCommandListModeGet(const char *templateName, int idField, int *isList);
ZwTemplateCommandListModeSet	zwapi_template_command.h	176		ZW_API_C ezwErrors ZwTemplateCommandListModeSet(const char *templateName, int idField, int isList);
ZwTemplateCommandOptionsGet	zwapi_template_command.h	110		ZW_API_C ezwErrors ZwTemplateCommandOptionsGet(const char *templateName, int idField, int nBytes, char *optionsData);
ZwTemplateCommandOptionsSet	zwapi_template_command.h	129		ZW_API_C ezwErrors ZwTemplateCommandOptionsSet(const char *templateName, int idField, const char *optionsData);
ZwUiCommandIconGet	zwapi_ui_command.h	75		ZW_API_C ezwErrors ZwUiCommandIconGet(const char *command, char *icon, int size);
ZwUiCommandIconSet	zwapi_ui_command.h	92		ZW_API_C ezwErrors ZwUiCommandIconSet(const char *command, const char *icon);
ZwUiCommandStateGet	zwapi_ui_command.h	110		ZW_API_C ezwErrors ZwUiCommandStateGet(const char *command, ezwCommandStateType *state);
ZwUiCommandStateSet	zwapi_ui_command.h	127		ZW_API_C ezwErrors ZwUiCommandStateSet(const char *command, ezwCommandStateType state);
ZwUiCommandTextGet	zwapi_ui_command.h	39		ZW_API_C ezwErrors ZwUiCommandTextGet(const char *command, ezwCommandTextType type, char *text, int size);
ZwUiCommandTextSet	zwapi_ui_command.h	56		ZW_API_C ezwErrors ZwUiCommandTextSet(const char *command, const char *text);
ZwUiDrawbackBoxGroupFold	zwapi_ui_drawbackboxgroup.h	39		ZW_API_C ezwErrors ZwUiDrawbackBoxGroupFold(const char *form, int fieldIndex, int boxIndex, int fold);
ZwUiFileDialogHide	zwapi_ui_filedialog.h	32		ZW_API_C ezwErrors ZwUiFileDialogHide();
ZwUiFileDialogUnHide	zwapi_ui_filedialog.h	44		ZW_API_C ezwErrors ZwUiFileDialogUnHide();
ZwUiFormFocusGet	zwapi_ui_form.h	1365		ZW_API_C ezwErrors ZwUiFormFocusGet(const char *form, int *field);
ZwUiFormFocusSet	zwapi_ui_form.h	1387		ZW_API_C ezwErrors ZwUiFormFocusSet(const char *form, int field);
ZwUiFormImageSet	zwapi_ui_form.h	1343		ZW_API_C ezwErrors ZwUiFormImageSet(const char *form, int idField, const char *image, ezwFieldImageSettingOption option);
ZwUiFormItemGet	zwapi_ui_form.h	1280		ZW_API_C ezwErrors ZwUiFormItemGet(const char *form, int idField, int idItem, int nbytes, char *text);
ZwUiFormItemSet	zwapi_ui_form.h	1319		ZW_API_C ezwErrors ZwUiFormItemSet(const char *form, int idField, int idItem, const char *text);
ZwUiFormPositionSet	zwapi_ui_form.h	1416		ZW_API_C ezwErrors ZwUiFormPositionSet(const char *form, const char *relativeForm, szwPixel location, ezwFormMoveType type);
ZwUiListWidgetIconSet	zwapi_ui_listwidget.h	139		ZW_API_C ezwErrors ZwUiListWidgetIconSet(const char *form, int field, int row, szwIconInformation data);
ZwUiPopupItemInsert	zwapi_ui_popupform.h	524		ZW_API_C ezwErrors ZwUiPopupItemInsert(const char *menu, int index, const char *label, const char *action, const char *icon);
ZwUiPopupSubMenuItemInsert	zwapi_ui_popupform.h	495		ZW_API_C ezwErrors ZwUiPopupSubMenuItemInsert(const char *menu, const char *submenu, int index, const char *label, const char *action, const char *icon);
ZwUiRibbonPageVisibleGet	zwapi_ui_ribbon.h	97		ZW_API_C ezwErrors ZwUiRibbonPageVisibleGet(const char *ribbonPageName, int *visibility);
ZwUiRibbonPageVisibleSet	zwapi_ui_ribbon.h	74		ZW_API_C ezwErrors ZwUiRibbonPageVisibleSet(const char *ribbonPageName, int visibility);
ZwUserAttributeDataFree	zwapi_attribute.h	728		ZW_API_C ezwErrors ZwUserAttributeDataFree(int userCount, szwUserAttribute **attributeList);
ZwUserAttributeDelete	zwapi_attribute.h	311		ZW_API_C ezwErrors ZwUserAttributeDelete(int strictFlag, int count, const zwString64 *nameList);
ZwUserAttributeExport	zwapi_attribute.h	222		ZW_API_C ezwErrors ZwUserAttributeExport(const char *filePath);
ZwUserAttributeGet	zwapi_attribute.h	250		ZW_API_C ezwErrors ZwUserAttributeGet(const zwString64 attributeName, int *count, szwUserAttribute **attributeList);
ZwUserAttributeImport	zwapi_attribute.h	203		ZW_API_C ezwErrors ZwUserAttributeImport(const char *filePath);
ZwUserAttributeLockSet	zwapi_attribute.h	335		ZW_API_C ezwErrors ZwUserAttributeLockSet(const zwString64 attributeName, ezwAttributeItemLockStatus lockStatus);
ZwUserAttributeSet	zwapi_attribute.h	286		ZW_API_C ezwErrors ZwUserAttributeSet(int count, const szwUserAttribute *attributeList);
ZwUserTableCreateByRowAndColumn	zwapi_table.h	62		ZW_API_C ezwErrors ZwUserTableCreateByRowAndColumn(const zwString32 name, int rows, int columns, szwEntityHandle *table);
ZwUserTableCreateByTemplate	zwapi_table.h	105		ZW_API_C ezwErrors ZwUserTableCreateByTemplate(const zwString32 name, const zwPath templatePath, szwEntityHandle *table);
ZwVariableCreate	zwapi_variable.h	131		ZW_API_C ezwErrors ZwVariableCreate(szwVariableData variable);
ZwVariableListGet	zwapi_variable.h	56		ZW_API_C ezwErrors ZwVariableListGet(const zwString32 name, int *count, szwVariableData **variableList);
ZwVariableListSet	zwapi_variable.h	98		ZW_API_C ezwErrors ZwVariableListSet(int count, const szwVariableData *variableList, int working);
ZwVariableStandardAttributeItemGet	zwapi_variable.h	163		ZW_API_C ezwErrors ZwVariableStandardAttributeItemGet(ezwVariableStandardAttributeItem itemId, int size, char *value);
ZwVariableTextRefresh	zwapi_variable.h	182		ZW_API_C ezwErrors ZwVariableTextRefresh();
ZwVector2AffineCombine	zwapi_vector.h	602		ZW_API_C ezwErrors ZwVector2AffineCombine(szwVector2 vector1, szwVector2 vector2, double scaleFactor, szwVector2 *combinedVector);
ZwVector2Dot	zwapi_vector.h	319		ZW_API_C ezwErrors ZwVector2Dot(szwVector2 vector1, szwVector2 vector2, double *dotPorduct);
ZwVector2IsEqual	zwapi_vector.h	411		ZW_API_C ezwErrors ZwVector2IsEqual(szwVector2 vector1, szwVector2 vector2, double tolerance, int *isEqual);
ZwVector2IsPerpendicular	zwapi_vector.h	66		ZW_API_C ezwErrors ZwVector2IsPerpendicular(szwVector2 vector1, szwVector2 vector2, double cosineTolerance, int *isPerpendicular);
ZwVector2IsZero	zwapi_vector.h	484		ZW_API_C ezwErrors ZwVector2IsZero(szwVector2 vector, double tolerance, int *isZero);
ZwVector2LinearCombine	zwapi_vector.h	655		ZW_API_C ezwErrors ZwVector2LinearCombine(szwVector2 vector1, szwVector2 vector2, double scaleFactor1, double scaleFactor2, szwVector2 *combinedVector);
ZwVector2LinearComponents	zwapi_vector.h	853		ZW_API_C ezwErrors ZwVector2LinearComponents(szwVector2 vector1, szwVector2 vector2, szwVector2 combineVector, double tolerance, int *isExist, double *scale1, double *scale2);
ZwVector2Magnitude	zwapi_vector.h	274		ZW_API_C ezwErrors ZwVector2Magnitude(szwVector2 vector, double *vectorMagnitude);
ZwVector2Negated	zwapi_vector.h	364		ZW_API_C ezwErrors ZwVector2Negated(szwVector2 vector, szwVector2 *negativeV);
ZwVector2Scaling	zwapi_vector.h	160		ZW_API_C ezwErrors ZwVector2Scaling(double scaleFactor, szwVector2 inputVector, szwVector2 *scaleVector);
ZwVector2Subtraction	zwapi_vector.h	229		ZW_API_C ezwErrors ZwVector2Subtraction(szwVector2 vector1, szwVector2 vector2, szwVector2 *subtractionVector);
ZwVector2Sum	zwapi_vector.h	553		ZW_API_C ezwErrors ZwVector2Sum(szwVector2 vector1, szwVector2 vector2, szwVector2 *sumVector);
ZwVector2ToVector3	zwapi_vector.h	704		ZW_API_C ezwErrors ZwVector2ToVector3(szwVector2 vector1, szwVector *vector2);
ZwVector3ToVector2	zwapi_vector.h	727		ZW_API_C ezwErrors ZwVector3ToVector2(szwVector vector1, szwVector2 *vector2);
ZwVector3ToVector4	zwapi_vector.h	750		ZW_API_C ezwErrors ZwVector3ToVector4(szwVector vector1, szwVector4 *vector2);
ZwVector3ToVector4WithWeight	zwapi_vector.h	774		ZW_API_C ezwErrors ZwVector3ToVector4WithWeight(szwVector vector1, double vectorWeight, szwVector4 *vector2);
ZwVector4IsEqual	zwapi_vector.h	461		ZW_API_C ezwErrors ZwVector4IsEqual(szwVector4 vector1, szwVector4 vector2, double tolerance, int *isEqual);
ZwVector4IsZero	zwapi_vector.h	530		ZW_API_C ezwErrors ZwVector4IsZero(szwVector4 vector, double tolerance, int *isZero);
ZwVector4Scaling	zwapi_vector.h	206		ZW_API_C ezwErrors ZwVector4Scaling(double scaleFactor, szwVector4 inputVector, szwVector4 *scaleVector);
ZwVector4ToVector3	zwapi_vector.h	797		ZW_API_C ezwErrors ZwVector4ToVector3(szwVector4 vector1, szwVector *vector2);
ZwVector4ToVector3WithWeight	zwapi_vector.h	821		ZW_API_C ezwErrors ZwVector4ToVector3WithWeight(szwVector4 vector1, szwVector *vector2);
ZwVectorAffineCombine	zwapi_vector.h	628		ZW_API_C ezwErrors ZwVectorAffineCombine(szwVector vector1, szwVector vector2, double scaleFactor, szwVector *combinedVector);
ZwVectorAngleGet	zwapi_vector.h	940		ZW_API_C ezwErrors ZwVectorAngleGet(szwVector vector1, szwVector vector2, double *angle);
ZwVectorCrossProduct	zwapi_vector.h	959		ZW_API_C ezwErrors ZwVectorCrossProduct(szwVector vector1, szwVector vector2, szwVector *cross);
ZwVectorDot	zwapi_vector.h	342		ZW_API_C ezwErrors ZwVectorDot(szwVector vector1, szwVector vector2, double *dotPorduct);
ZwVectorInit	zwapi_vector.h	920		ZW_API_C ezwErrors ZwVectorInit(szwPoint point1, szwPoint point2, szwVector *vector);
ZwVectorIsEqual	zwapi_vector.h	436		ZW_API_C ezwErrors ZwVectorIsEqual(szwVector vector1, szwVector vector2, double tolerance, int *isEqual);
ZwVectorIsPerpendicular	zwapi_vector.h	111		ZW_API_C ezwErrors ZwVectorIsPerpendicular(szwVector vector1, szwVector vector2, double cosineTolerance, int *isPerpendicular);
ZwVectorIsZero	zwapi_vector.h	507		ZW_API_C ezwErrors ZwVectorIsZero(szwVector vectorData, double tolerance, int *isZero);
ZwVectorLinearCombine	zwapi_vector.h	682		ZW_API_C ezwErrors ZwVectorLinearCombine(szwVector vector1, szwVector vector2, double scaleFactor1, double scaleFactor2, szwVector *combinedVector);
ZwVectorLinearComponents	zwapi_vector.h	885		ZW_API_C ezwErrors ZwVectorLinearComponents(szwVector vector1, szwVector vector2, szwVector combineVector, double tolerance, int *isExist, double *scale1, double *scale2);
ZwVectorMagnitude	zwapi_vector.h	296		ZW_API_C ezwErrors ZwVectorMagnitude(szwVector vectorData, double *vectorMagnitude);
ZwVectorNegated	zwapi_vector.h	386		ZW_API_C ezwErrors ZwVectorNegated(szwVector vectorData, szwVector *negativeV);
ZwVectorNormalize	zwapi_vector.h	901		ZW_API_C ezwErrors ZwVectorNormalize(szwVector *vector);
ZwVectorParallelCheck	zwapi_vector.h	1035		ZW_API_C ezwErrors ZwVectorParallelCheck(int orient, szwVector vector1, szwVector vector2, double cosineTolerance, int *ifParallel);
ZwVectorPerpendicularGet	zwapi_vector.h	977		ZW_API_C ezwErrors ZwVectorPerpendicularGet(szwVector vector, szwVector *perpendicular);
ZwVectorReverse	zwapi_vector.h	994		ZW_API_C ezwErrors ZwVectorReverse(szwVector *vector);
ZwVectorScaling	zwapi_vector.h	183		ZW_API_C ezwErrors ZwVectorScaling(double scaleFactor, szwVector inputVector, szwVector *scaleVector);
ZwVectorSubtraction	zwapi_vector.h	252		ZW_API_C ezwErrors ZwVectorSubtraction(szwVector vector1, szwVector vector2, szwVector *subtractionVector);
ZwVectorSum	zwapi_vector.h	576		ZW_API_C ezwErrors ZwVectorSum(szwVector vector1, szwVector vector2, szwVector *sumVector);
ZwVectorTransform	zwapi_vector.h	1058		ZW_API_C ezwErrors ZwVectorTransform(szwMatrix inputMatrix, szwVector *vector);
ZwVectorTripleScaleProduct	zwapi_vector.h	136		ZW_API_C ezwErrors ZwVectorTripleScaleProduct(szwVector vector1, szwVector vector2, szwVector vector3, double *tripleScaleProduct);
ZwViewMatrixGet	zwapi_view.h	392		ZW_API_C ezwErrors ZwViewMatrixGet(const szwEntityHandle *viewHandle, szwMatrix *viewMatrix);
ZwViewParameterGet	zwapi_view.h	344		ZW_API_C ezwErrors ZwViewParameterGet(szwMatrix *frame, double *extent);
ZwViewParameterSet	zwapi_view.h	368		ZW_API_C ezwErrors ZwViewParameterSet(szwMatrix frame, double extent);
ZwViewTransformMatrixGet	zwapi_view.h	427		ZW_API_C ezwErrors ZwViewTransformMatrixGet(szwEntityHandle sourceView, szwEntityHandle destinationView, int isReverse, szwMatrix *transformMatrix);
cvxActiveLayerNumGet	zwapi_layer.h	364		ZW_API_C evxErrors cvxActiveLayerNumGet(int *number);
cvxActiveLayerNumSet	zwapi_layer.h	379		ZW_API_C evxErrors cvxActiveLayerNumSet(int number);
cvxAppAction	zwapi_global_apply.h	1101		ZW_API_C evxErrors cvxAppAction(evxAppAction type, svxAppActionParam *param);
cvxAsmAddToFavorites	zwapi_asm_opts.h	124		ZW_API_C evxErrors cvxAsmAddToFavorites(svxEntPath *path);
cvxAsmAutoRegenStateGetByPath	zwapi_asm_opts.h	740		ZW_API_C evxErrors cvxAsmAutoRegenStateGetByPath(const svxEntPath *compPath, int *autoRegen);
cvxAsmAutoRegenStateSetByPath	zwapi_asm_opts.h	722		ZW_API_C evxErrors cvxAsmAutoRegenStateSetByPath(const svxEntPath *compPath, int autoRegen);
cvxAsmChamfer	zwapi_cmd_assembly.h	1220		ZW_API_C evxErrors cvxAsmChamfer(const svxAsmChmf *data, int *idChmf);
cvxAsmChamferInit	zwapi_cmd_assembly.h	1190		ZW_API_C evxErrors cvxAsmChamferInit(evxAsmChmfType type, svxAsmChmf *data);
cvxAsmCut	zwapi_cmd_assembly.h	1120		ZW_API_C evxErrors cvxAsmCut(const svxAsmCut *data, int *idCut);
cvxAsmCutInit	zwapi_cmd_assembly.h	1092		ZW_API_C evxErrors cvxAsmCutInit(svxAsmCut *data);
cvxAsmDissolve	zwapi_asm_opts.h	60		ZW_API_C evxErrors cvxAsmDissolve(const svxEntPath *path);
cvxAsmFavoritesEnable	zwapi_asm_opts.h	169		ZW_API_C int cvxAsmFavoritesEnable(svxEntPath *path);
cvxAsmFillet	zwapi_cmd_assembly.h	1170		ZW_API_C evxErrors cvxAsmFillet(const svxAsmFllt *data, int *idFllt);
cvxAsmFilletInit	zwapi_cmd_assembly.h	1140		ZW_API_C evxErrors cvxAsmFilletInit(evxChamFlltType type, svxAsmFllt *data);
cvxAsmFlexibleAsmSet	zwapi_asm_opts.h	618		ZW_API_C evxErrors cvxAsmFlexibleAsmSet(const svxEntPath *compPath);
cvxAsmFlexiblePartDataFree	zwapi_asm_opts.h	791		ZW_API_C evxErrors cvxAsmFlexiblePartDataFree(svxAsmFlexDesignData *flexDesignData);
cvxAsmFlexiblePartGet	zwapi_asm_opts.h	776		ZW_API_C evxErrors cvxAsmFlexiblePartGet(const svxEntPath *compPath, svxAsmFlexDesignData *flexDesignData);
cvxAsmFlexiblePartSet	zwapi_asm_opts.h	652		ZW_API_C evxErrors cvxAsmFlexiblePartSet(const svxEntPath *compPath, svxAsmFlexDesignData flexDesignData);
cvxAsmGrpComp	zwapi_asm_opts.h	101		ZW_API_C evxErrors cvxAsmGrpComp(svxAsmGrpCompData *data);
cvxAsmRemoveFromFavorites	zwapi_asm_opts.h	147		ZW_API_C evxErrors cvxAsmRemoveFromFavorites(svxEntPath *path);
cvxAsmReorder	zwapi_asm_comp.h	1179		ZW_API_C evxErrors cvxAsmReorder(const vxLongPath fileName, const vxRootName rootName, int idEnt, evxReorderLoc reorderLoc, int idPreEnt);
cvxAsmTreeEcadRefDesGet	zwapi_asm_opts.h	674		ZW_API_C evxErrors cvxAsmTreeEcadRefDesGet(const svxEntPath *compPath, char *text, int nbytes);
cvxAsmTreeEcadRefDesSet	zwapi_asm_opts.h	584		ZW_API_C evxErrors cvxAsmTreeEcadRefDesSet(const svxEntPath *compPath, const char *text);
cvxAsmTreeRegen	zwapi_asm_opts.h	753		ZW_API_C evxErrors cvxAsmTreeRegen();
cvxAsmUpdateCompRef	zwapi_asm_opts.h	187		ZW_API_C evxErrors cvxAsmUpdateCompRef(const char *OldRootName, const char *NewRootName);
cvxAssemCompVisAll	zwapi_asm_comp.h	534		ZW_API_C evxErrors cvxAssemCompVisAll(int *nSize, int **ppath_mode);
cvxAssembleContextGet	zwapi_asm_opts.h	700		ZW_API_C evxErrors cvxAssembleContextGet(svxAssemblyContext **ctxList, int *num);
cvxAutoRegenGet	zwapi_global_apply.h	176		ZW_API_C void cvxAutoRegenGet(int *Status);
cvxAutoRegenSet	zwapi_global_apply.h	185		ZW_API_C void cvxAutoRegenSet(int Status);
cvxAuxFrameSetAxisVec	zwapi_cmd_paramdefine_param.h	1103		ZW_API_C void cvxAuxFrameSetAxisVec(evxAxisType AxisType, const svxVector *AxisDir);
cvxAuxFrameSetDirXYZOrgBuddy	zwapi_cmd_paramdefine_param.h	1120		ZW_API_C void cvxAuxFrameSetDirXYZOrgBuddy(int idData, int idXFld, int idYFld, int idZFld, int idOrgFld);
cvxAuxFrameSetOrigin	zwapi_cmd_paramdefine_param.h	1089		ZW_API_C void cvxAuxFrameSetOrigin(const svxPoint *Origin);
cvxAuxFrameShow	zwapi_cmd_paramdefine_param.h	1076		ZW_API_C void cvxAuxFrameShow(int idData, int entField, int matField);
cvxAxisCrvDistance	zwapi_math.h	152		ZW_API_C evxErrors cvxAxisCrvDistance(const svxAxis *Axis, const svxCurve *Crv, svxPoint *PntOnAxis, svxPoint *PntOnCrv, double *Distance);
cvxAxisDispModeGet	zwapi_display.h	712		ZW_API_C evxErrors cvxAxisDispModeGet(int idAxis, evxAxisDispMode *DspMode);
cvxAxisDispModeSet	zwapi_display.h	731		ZW_API_C evxErrors cvxAxisDispModeSet(int idAxis, evxAxisDispMode DspMode);
cvxAxisDistance	zwapi_math.h	133		ZW_API_C evxErrors cvxAxisDistance(const svxAxis *Axis1, const svxAxis *Axis2, svxPoint *PntOnAxis1, svxPoint *PntOnAxis2, int *Flag);
cvxAxisEvalPoint	zwapi_math_point.h	371		ZW_API_C evxErrors cvxAxisEvalPoint(const svxAxis *Axis, double Distance, svxPoint *Point);
cvxAxisGetData	zwapi_part_datum_query.h	96		ZW_API_C evxErrors cvxAxisGetData(int idAxis, svxAxisData *Axis);
cvxAxisInqDir	zwapi_part_datum_query.h	74		ZW_API_C evxErrors cvxAxisInqDir(int idAxis, svxPoint *pPnt, svxPoint *pDir);
cvxAxisLengthGet	zwapi_part_datum_query.h	119		ZW_API_C evxErrors cvxAxisLengthGet(int idAxis, double *Length);
cvxAxisLengthSet	zwapi_part_datum_query.h	142		ZW_API_C evxErrors cvxAxisLengthSet(int idAxis, double Length);
cvxAxisPntDistance	zwapi_math_point.h	323		ZW_API_C evxErrors cvxAxisPntDistance(const svxAxis *Axis, const svxPoint *Pnt, double *Distance);
cvxAxisPntProject	zwapi_math_point.h	186		ZW_API_C evxErrors cvxAxisPntProject(const svxAxis *Axis, const svxPoint *Pnt, svxPoint *ProjPnt);
cvxAxisTransform	zwapi_math_matrix.h	428	SI	ZW_API_C void cvxAxisTransform(svxMatrix *Mat, svxAxis *Axis);
cvxBalloonAtGet	zwapi_dim.h	713		ZW_API_C evxErrors cvxBalloonAtGet(int idBalloon, svxBalloonAttr *attr);
cvxBalloonAtSet	zwapi_dim.h	733		ZW_API_C evxErrors cvxBalloonAtSet(int idBalloon, const svxBalloonAttr *attr);
cvxBndBoxAdd	zwapi_math_bndbox.h	130		ZW_API_C void cvxBndBoxAdd(svxBndBox *Box, svxPoint *Pnt);
cvxBndBoxCenter	zwapi_math_bndbox.h	99		ZW_API_C evxErrors cvxBndBoxCenter(const svxBndBox *Box, svxPoint *CenterPnt);
cvxBndBoxContain	zwapi_math_bndbox.h	180		ZW_API_C int cvxBndBoxContain(const svxBndBox *BaseBox, const svxBndBox *OtherBox);
cvxBndBoxDist	zwapi_math_bndbox.h	225		ZW_API_C evxErrors cvxBndBoxDist(const svxBndBox *Box1, const svxBndBox *Box2, double *DistMin, double *DistMax);
cvxBndBoxInit	zwapi_math_bndbox.h	38		ZW_API_C void cvxBndBoxInit(svxBndBox *Box);
cvxBndBoxInit2	zwapi_math_bndbox.h	52		ZW_API_C void cvxBndBoxInit2(svxBndBox *Box);
cvxBndBoxMerge	zwapi_math_bndbox.h	144		ZW_API_C void cvxBndBoxMerge(const svxBndBox *Box1, svxBndBox *Box2);
cvxBndBoxPntDist	zwapi_math_bndbox.h	207		ZW_API_C evxErrors cvxBndBoxPntDist(const svxBndBox *Box, const svxPoint *Point, double *DistMin, double *DistMax);
cvxBndBoxPntLoc	zwapi_math_bndbox.h	116		ZW_API_C evxErrors cvxBndBoxPntLoc(const svxBndBox *Box, const svxPoint *Point, evxPntLocation *PntLoc);
cvxBndBoxPnts	zwapi_math_bndbox.h	83		ZW_API_C void cvxBndBoxPnts(svxBndBox *Box, svxPoint *Pnts);
cvxBndBoxSize	zwapi_math_bndbox.h	154		ZW_API_C double cvxBndBoxSize(svxBndBox *Box);
cvxBndBoxTransform	zwapi_math_matrix.h	499	SI	ZW_API_C void cvxBndBoxTransform(svxMatrix *Mat, svxBndBox *Box);
cvxBndBoxVolume	zwapi_math_bndbox.h	164		ZW_API_C double cvxBndBoxVolume(const svxBndBox *Box);
cvxBomDataFree	zwapi_asm_comp.h	942		ZW_API_C void cvxBomDataFree(svx3DBomData *data);
cvxCSYSGetData	zwapi_part_datum_query.h	280		ZW_API_C evxErrors cvxCSYSGetData(int idCSYS, svxCSYSData *CSYS);
cvxCSYSSetData	zwapi_part_datum_query.h	305		ZW_API_C evxErrors cvxCSYSSetData(int idCSYS, const svxCSYSData *CSYS);
cvxCfgTblInfosSet	zwapi_part_config.h	202		ZW_API_C evxErrors cvxCfgTblInfosSet(int idCfg, svxPartCfgInfo *info);
cvxChamFlltSetDataInit	zwapi_cmd_shape.h	742		ZW_API_C evxErrors cvxChamFlltSetDataInit(svxChamFlltSetData *data);
cvxCmClashDetect	zwapi_cm_query.h	108		ZW_API_C evxErrors cvxCmClashDetect(int partIdx, int stockIdx, int cnt, int *idx_op);
cvxCmCompDelete	zwapi_cm_comp.h	87		ZW_API_C evxErrors cvxCmCompDelete(int idx_CmComp);
cvxCmCompGetAttr	zwapi_cm_comp.h	121		ZW_API_C evxErrors cvxCmCompGetAttr(int idx_CmComp, int cnt, evxCmCompAtrr *attr, svxCmAttrValue **pValue);
cvxCmCompGetIdxFromName	zwapi_cm_query.h	215		ZW_API_C evxErrors cvxCmCompGetIdxFromName(const char *comp_name, int *comp_index);
cvxCmCompInqInfo	zwapi_cm_comp.h	165		ZW_API_C evxErrors cvxCmCompInqInfo(int *compCnt, vxPath **compNames, vxPath **compPaths);
cvxCmCompInqInfoByLongPath	zwapi_cm_comp.h	186		ZW_API_C evxErrors cvxCmCompInqInfoByLongPath(int *compCnt, vxLongPath **compNames, vxLongPath **compPaths);
cvxCmCompInsert	zwapi_cm_comp.h	72		ZW_API_C evxErrors cvxCmCompInsert(char *fileName, char *shapeName, int *idx_CmComp);
cvxCmCompSetAttr	zwapi_cm_comp.h	144		ZW_API_C evxErrors cvxCmCompSetAttr(int idx_CmComp, int cnt, evxCmCompAtrr *attr, svxCmAttrValue *value);
cvxCmConfigFileGetString	zwapi_cm_query.h	151		ZW_API_C evxErrors cvxCmConfigFileGetString(const char *form, int field, int casesensitive,
cvxCmFldRename	zwapi_cm_folder.h	165		ZW_API_C evxErrors cvxCmFldRename(int idx_fld, vxLongName fld_newName);
cvxCmFolderGetAttr	zwapi_cm_folder.h	67		ZW_API_C evxErrors cvxCmFolderGetAttr(int idx_folder, int cnt, int *attr, svxCmAttrValue *value);
cvxCmFolderInqOps	zwapi_cm_folder.h	85		ZW_API_C evxErrors cvxCmFolderInqOps(const vxLongPath folder_name, int *op_cnt, int **op_list);
cvxCmFrameDelete	zwapi_cm_frame.h	80		ZW_API_C evxErrors cvxCmFrameDelete(int idx_frame);
cvxCmFrameGetActive	zwapi_cm_frame.h	175		ZW_API_C evxErrors cvxCmFrameGetActive(int *idx_actFrame);
cvxCmFrameGetAttr	zwapi_cm_frame.h	100		ZW_API_C evxErrors cvxCmFrameGetAttr(int idx_frame, evxCmFrameAttr attr, svxCmAttrValue *value);
cvxCmFrameGetMatrix	zwapi_cm_frame.h	158		ZW_API_C evxErrors cvxCmFrameGetMatrix(int idxFrame, svxMatrix *frameMat);
cvxCmFrameInsert	zwapi_cm_frame.h	65		ZW_API_C evxErrors cvxCmFrameInsert(vxName frame_name, svxPoint origin_point, svxPoint x_point, svxPoint y_point, int *idx_frame);
cvxCmFrameInsert2	zwapi_cm_frame.h	121		ZW_API_C evxErrors cvxCmFrameInsert2(const vxName frame_name, svxMatrix frame_mat, int *idx_frame);
cvxCmFtrDelete	zwapi_cm_ftr.h	457		ZW_API_C evxErrors cvxCmFtrDelete(int idx_ftrgrp);
cvxCmFtrGetComp	zwapi_cm_ftr.h	364		ZW_API_C evxErrors cvxCmFtrGetComp(int *comp_cnt, int **idxComp);
cvxCmFtrInqType	zwapi_cm_ftr.h	513		ZW_API_C evxErrors cvxCmFtrInqType(int idx_Ftr, evxCmFtrType *ftrType);
cvxCmFtrInsert	zwapi_cm_ftr.h	268		ZW_API_C evxErrors cvxCmFtrInsert(evxCmFtrType ftrType, int idx_CmComp, int cnt, int *geom, int *idx_FtrGrp);
cvxCmFtrInsertHole	zwapi_cm_ftr.h	411		ZW_API_C evxErrors cvxCmFtrInsertHole(const vxName ftrName, int cnt, int *geom, double *depths, int *idxFtrGrp);
cvxCmFtrInsertNew	zwapi_cm_ftr.h	283		ZW_API_C evxErrors cvxCmFtrInsertNew(evxCmFtrType ftrType, int cnt, int *geom, double *depths, int *idx_FtrGrp);
cvxCmFtrInsertSK	zwapi_cm_ftr.h	344		ZW_API_C evxErrors cvxCmFtrInsertSK(evxCmFtrType ftrType, const vxName ftrName, int idxSk, int cnt, int *geom, int *idxFtrGrp);
cvxCmFtrInsertWithoutHoles	zwapi_cm_ftr.h	315		ZW_API_C evxErrors cvxCmFtrInsertWithoutHoles(evxCmFtrType ftrType, const vxName ftrName, int cnt, int *geom, int *idxFtrGrp);
cvxCmFtrRename	zwapi_cm_ftr.h	474		ZW_API_C evxErrors cvxCmFtrRename(int idx_ftr, vxLongName newFtrName);
cvxCmGeomUpdata	zwapi_cm_comp.h	222		ZW_API_C evxErrors cvxCmGeomUpdata();
cvxCmGetClearance	zwapi_cm_forms.h	118		ZW_API_C evxErrors cvxCmGetClearance(double *dClearZ, double *dAppZ, double *dRtZ, double *dAutoClear, int *iMiniClr);
cvxCmGetCrvId	zwapi_cm_ftr.h	381		ZW_API_C evxErrors cvxCmGetCrvId(int *numLine, int **lstLines);
cvxCmGetOutputNCSet	zwapi_cm_forms.h	210		ZW_API_C evxErrors cvxCmGetOutputNCSet(int idx_nc, svxNcSetting *ncSet);
cvxCmGougeDetect	zwapi_cm_query.h	127		ZW_API_C evxErrors cvxCmGougeDetect(int partIdx, int stockIdx, int cnt, int *idx_op);
cvxCmHolderInsertAsTemplate	zwapi_cm_tool.h	190		ZW_API_C evxErrors cvxCmHolderInsertAsTemplate(const vxLongPath template_path, const vxName file_name,
cvxCmInqAl	zwapi_cm_query.h	72		ZW_API_C evxErrors cvxCmInqAl(evxCmObjType type, int *cnt, int **idx_obj);
cvxCmInqIndexFromName	zwapi_cm_query.h	198		ZW_API_C evxErrors cvxCmInqIndexFromName(evxCmObjType objClass, vxLongName sName, int *index);
cvxCmInqOpName	zwapi_cm_query.h	169		ZW_API_C evxErrors cvxCmInqOpName(int idx_op, vxLongName opName);
cvxCmMachineActive	zwapi_cm_machine.h	143		ZW_API_C evxErrors cvxCmMachineActive(int idx_machine);
cvxCmMachineDelete	zwapi_cm_machine.h	158		ZW_API_C evxErrors cvxCmMachineDelete(int idx_machine);
cvxCmMachineGetAttr	zwapi_cm_machine.h	178		ZW_API_C evxErrors cvxCmMachineGetAttr(int idx_machine, evxCmMachAttr attr, svxCmAttrValue *value);
cvxCmMachineInsert	zwapi_cm_machine.h	126		ZW_API_C evxErrors cvxCmMachineInsert(evxCmMachClass machine_class, evxCmMachType machine_type, evxCmMachSubType sub_type, int *idx_machine);
cvxCmMachineSetAttr	zwapi_cm_machine.h	209		ZW_API_C evxErrors cvxCmMachineSetAttr(int idx_machine, evxCmMachAttr attr, svxCmAttrValue *value);
cvxCmMsgClear	zwapi_cm_forms.h	333		ZW_API_C evxErrors cvxCmMsgClear();
cvxCmObjGetTreeId	zwapi_cm_folder.h	123		ZW_API_C evxErrors cvxCmObjGetTreeId(int idx_in, int *tree_id, evxCmTreeType treeType);
cvxCmObjGetUiPos	zwapi_cm_folder.h	146		ZW_API_C evxErrors cvxCmObjGetUiPos(int idx_in, int *ui_pos, evxCmTreeType treeType);
cvxCmOpAddComp	zwapi_cm_op.h	233		ZW_API_C evxErrors cvxCmOpAddComp(int idx_Op, int idx_CmComp);
cvxCmOpAddFrame	zwapi_cm_frame.h	141		ZW_API_C evxErrors cvxCmOpAddFrame(int idxOp, int idxFrame);
cvxCmOpAddFtr	zwapi_cm_op.h	267		ZW_API_C evxErrors cvxCmOpAddFtr(int idx_Op, int idx_FtrGrp);
cvxCmOpAddTool	zwapi_cm_op.h	317		ZW_API_C evxErrors cvxCmOpAddTool(int idx_Op, int idx_Tool);
cvxCmOpCalTPath	zwapi_cm_op.h	298		ZW_API_C evxErrors cvxCmOpCalTPath(int idx_Op);
cvxCmOpDelete	zwapi_cm_op.h	197		ZW_API_C evxErrors cvxCmOpDelete(int idx_Op);
cvxCmOpDrag	zwapi_cm_op.h	474		ZW_API_C evxErrors cvxCmOpDrag(int drag_idx, evxCmTreeType drag_type, int drop_idx, evxCmTreeType drop_type, int iPos);
cvxCmOpDuplicate	zwapi_cm_op.h	215		ZW_API_C evxErrors cvxCmOpDuplicate(int idx_Op, int *cpyOp);
cvxCmOpGetAttr2	zwapi_cm_op.h	387		ZW_API_C evxErrors cvxCmOpGetAttr2(int idx_op, int field, int item, int *is_on, char *value);
cvxCmOpGetFeedRate	zwapi_cm_op.h	632		ZW_API_C evxErrors cvxCmOpGetFeedRate(int idx_op, svxFeedRate *pzFeedRate);
cvxCmOpGetIdxFromName	zwapi_cm_op.h	406		ZW_API_C evxErrors cvxCmOpGetIdxFromName(vxLongName op_name, int *op_index);
cvxCmOpGetSpindleSpd	zwapi_cm_op.h	616		ZW_API_C evxErrors cvxCmOpGetSpindleSpd(int idx_op, double *spdValue, char *spdUnit, int spdUnitSize);
cvxCmOpInqClass	zwapi_cm_op.h	516		ZW_API_C evxErrors cvxCmOpInqClass(int idx_Op, evxCmOpClass *opClass);
cvxCmOpInqTypeS	zwapi_cm_op.h	560		ZW_API_C evxErrors cvxCmOpInqTypeS(int idx_Op, char *opType, int nByte);
cvxCmOpInsFolder	zwapi_cm_folder.h	101		ZW_API_C evxErrors cvxCmOpInsFolder(int *idx_out);
cvxCmOpInsert	zwapi_cm_op.h	182		ZW_API_C evxErrors cvxCmOpInsert(evxCmOpType opType, int *idx_Op);
cvxCmOpRemoveComp	zwapi_cm_op.h	249		ZW_API_C evxErrors cvxCmOpRemoveComp(int idx_Op, int idx_CmComp);
cvxCmOpRemoveFtr	zwapi_cm_op.h	283		ZW_API_C evxErrors cvxCmOpRemoveFtr(int idx_Op, int idx_ftrgrp);
cvxCmOpRemoveTool	zwapi_cm_op.h	334		ZW_API_C evxErrors cvxCmOpRemoveTool(int idx_Op);
cvxCmOpRename	zwapi_cm_op.h	455		ZW_API_C evxErrors cvxCmOpRename(int idx_op, vxLongName op_newName);
cvxCmOpSetAttr2	zwapi_cm_op.h	368		ZW_API_C evxErrors cvxCmOpSetAttr2(int idx_op, int field, int item, const char *value);
cvxCmOpSetBasicAttr	zwapi_cm_op.h	499		ZW_API_C evxErrors cvxCmOpSetBasicAttr(int idx_op, int field, int item, const char *value);
cvxCmOpSetClass	zwapi_cm_op.h	538		ZW_API_C evxErrors cvxCmOpSetClass(int idx_Op, evxCmOpClass opClass);
cvxCmOpSetFeedRate	zwapi_cm_op.h	598		ZW_API_C evxErrors cvxCmOpSetFeedRate(int idx_op, const svxFeedRate *pzFeedRate);
cvxCmOpSetSpeed	zwapi_cm_op.h	347		ZW_API_C evxErrors cvxCmOpSetSpeed(int idx_op, vxName spdfdName);
cvxCmOpSetSpindleSpd	zwapi_cm_op.h	578		ZW_API_C evxErrors cvxCmOpSetSpindleSpd(int idx_op, double spdValue);
cvxCmOpsOutputNc	zwapi_cm_forms.h	320		ZW_API_C evxErrors cvxCmOpsOutputNc(int op_cnt, int *idx_opList, int *idx_nc);
cvxCmOutputDelNC	zwapi_cm_forms.h	191		ZW_API_C evxErrors cvxCmOutputDelNC(int idx_in, evxCmOutFldType fldType);
cvxCmOutputDelOps	zwapi_cm_forms.h	272		ZW_API_C evxErrors cvxCmOutputDelOps(int idx_nc, int cnt, int *idx_op);
cvxCmOutputInsNC	zwapi_cm_forms.h	174		ZW_API_C evxErrors cvxCmOutputInsNC(int idx_fld, int *idx_out, evxCmOutFldType fldType);
cvxCmOutputInsOps	zwapi_cm_forms.h	254		ZW_API_C evxErrors cvxCmOutputInsOps(int idx_nc, int cnt, int *idx_op);
cvxCmOutputManhours	zwapi_cm_forms.h	154		ZW_API_C evxErrors cvxCmOutputManhours(int *idx_opdef, int cnt, double *manhours);
cvxCmOutputNC	zwapi_cm_forms.h	299		ZW_API_C evxErrors cvxCmOutputNC(int idx_nc, evxCmOutType outType);
cvxCmPlanDispResetMode	zwapi_cm_ftr.h	442		ZW_API_C evxErrors cvxCmPlanDispResetMode();
cvxCmPlanDispSetMode	zwapi_cm_ftr.h	427		ZW_API_C evxErrors cvxCmPlanDispSetMode(evxCmPlanDispMode iMode);
cvxCmPlanSkNew	zwapi_cm_comp.h	210		ZW_API_C evxErrors cvxCmPlanSkNew(svxMatrix *Plane, int *idSketch);
cvxCmProfSetAttr	zwapi_cm_ftr.h	496		ZW_API_C evxErrors cvxCmProfSetAttr(int prof_idx, int curve_idx, double newOffset, double newDraft, int tolloc);
cvxCmSetClearance	zwapi_cm_forms.h	95		ZW_API_C evxErrors cvxCmSetClearance(double dClearZ, double dAppZ, double dRtZ, double dAutoClear, int iMiniClr);
cvxCmSetOpPoint	zwapi_cm_op.h	424		ZW_API_C evxErrors cvxCmSetOpPoint(int idx_op, svxPoint p0, int field);
cvxCmSetOpPoints	zwapi_cm_op.h	438		ZW_API_C evxErrors cvxCmSetOpPoints(int idx_op, int num, svxPoint *pts, int field);
cvxCmSetOutputNCSet	zwapi_cm_forms.h	236		ZW_API_C evxErrors cvxCmSetOutputNCSet(int idx_nc, svxNcSetting *ncSet);
cvxCmSetSAndF	zwapi_cm_forms.h	133		ZW_API_C evxErrors cvxCmSetSAndF(double FeedRough, double FeedFinish, double SpeedRough, double SpeedFinish, char *pName);
cvxCmSolidVerify	zwapi_cm_query.h	89		ZW_API_C evxErrors cvxCmSolidVerify(int *gouge);
cvxCmSpeedInsertAsTemplate	zwapi_cm_tool.h	207	SI	ZW_API_C evxErrors cvxCmSpeedInsertAsTemplate(const vxLongPath template_path, const vxName file_name,
cvxCmToolAddHolderLayer	zwapi_cm_tool.h	333		ZW_API_C evxErrors cvxCmToolAddHolderLayer(int tool_idx, const svxCmToolHolderLayer *holderLayer);
cvxCmToolChangerDelete	zwapi_cm_machine.h	238		ZW_API_C evxErrors cvxCmToolChangerDelete(int idx_toolchanger);
cvxCmToolChangerInsert	zwapi_cm_machine.h	226		ZW_API_C evxErrors cvxCmToolChangerInsert(int idx_toolchanger, int Location, int Diameter, int Height);
cvxCmToolDelHolderLayer	zwapi_cm_tool.h	353		ZW_API_C evxErrors cvxCmToolDelHolderLayer(int tool_idx, int layerIndex);
cvxCmToolDelete	zwapi_cm_tool.h	166		ZW_API_C evxErrors cvxCmToolDelete(int idx_tool);
cvxCmToolGetCoolant	zwapi_cm_tool.h	315		ZW_API_C evxErrors cvxCmToolGetCoolant(int idx_tool, evxCmToolCoolant *coolant);
cvxCmToolGetData	zwapi_cm_tool.h	234		ZW_API_C evxErrors cvxCmToolGetData(int tool_idx, evxCmToolAttr attr, char *value);
cvxCmToolGetFeedRate	zwapi_cm_tool.h	482		ZW_API_C evxErrors cvxCmToolGetFeedRate(int tool_idx, int rowIdx, svxFeedRate *pzFeedRate);
cvxCmToolGetHolderLayers	zwapi_cm_tool.h	376		ZW_API_C evxErrors cvxCmToolGetHolderLayers(int tool_idx, int *layerCnt, svxCmToolHolderLayer **holderLayers);
cvxCmToolGetHolderName	zwapi_cm_tool.h	542		ZW_API_C evxErrors cvxCmToolGetHolderName(int idx_tool, char *holderName, int sizeHolderName);
cvxCmToolGetRegister	zwapi_cm_tool.h	258		ZW_API_C evxErrors cvxCmToolGetRegister(int idx_tool, char *toolId, int sizeToolId, char *Dreg, int sizeDreg, char *Hreg, int sizeHreg);
cvxCmToolGetSpdFdRowCnt	zwapi_cm_tool.h	501		ZW_API_C evxErrors cvxCmToolGetSpdFdRowCnt(int tool_idx, int *rowCnt);
cvxCmToolGetSpindleSpd	zwapi_cm_tool.h	440		ZW_API_C evxErrors cvxCmToolGetSpindleSpd(int tool_idx, int rowIdx, double *spdValue, char *spdUnit, int spdUnitSize);
cvxCmToolInsert	zwapi_cm_tool.h	123		ZW_API_C evxErrors cvxCmToolInsert(evxCmToolType tltype, evxCmToolSubType subtype, int *idx_tool);
cvxCmToolInsertAsTemplate	zwapi_cm_tool.h	149		ZW_API_C evxErrors cvxCmToolInsertAsTemplate(const vxLongPath template_path, const vxName file_name, const vxName library_name, const vxName tool_name, int *idx_tool);
cvxCmToolOpenMillForm	zwapi_cm_tool.h	555		ZW_API_C evxErrors cvxCmToolOpenMillForm(void);
cvxCmToolRenameHolder	zwapi_cm_tool.h	522		ZW_API_C evxErrors cvxCmToolRenameHolder(int idx_tool, const char *holderName);
cvxCmToolSetCoolant	zwapi_cm_tool.h	296		ZW_API_C evxErrors cvxCmToolSetCoolant(int idx_tool, evxCmToolCoolant coolant);
cvxCmToolSetFeedRate	zwapi_cm_tool.h	462		ZW_API_C evxErrors cvxCmToolSetFeedRate(int tool_idx, int rowIdx, const svxFeedRate *pzFeedRate);
cvxCmToolSetHolderLayer	zwapi_cm_tool.h	398		ZW_API_C evxErrors cvxCmToolSetHolderLayer(int tool_idx, int layerIndex, const svxCmToolHolderLayer *holderLayer);
cvxCmToolSetRegister	zwapi_cm_tool.h	277		ZW_API_C evxErrors cvxCmToolSetRegister(int idx_tool, const char *toolId, const char *Dreg, const char *Hreg);
cvxCmToolSetSpindleSpd	zwapi_cm_tool.h	418		ZW_API_C evxErrors cvxCmToolSetSpindleSpd(int tool_idx, int rowIdx, double spdValue);
cvxCmdAction	zwapi_cmd.h	132		ZW_API_C evxErrors cvxCmdAction(evxCmdAction type, svxCmdActionParam *param);
cvxCmdBuffer	zwapi_cmd.h	60	SI	ZW_API_C void cvxCmdBuffer(const char *String, int Priority);
cvxCmdCallback	zwapi_cmd.h	227		ZW_API_C void cvxCmdCallback(const vxName Name, void *Function);
cvxCmdChkLic	zwapi_cmd.h	98		ZW_API_C evxErrors cvxCmdChkLic(const vxName Name);
cvxCmdEval	zwapi_cmd_paramdefine_tpl.h	62		ZW_API_C int cvxCmdEval(vxName Name, int idData);
cvxCmdExec	zwapi_cmd_paramdefine_tpl.h	95		ZW_API_C int cvxCmdExec(int idData);
cvxCmdExec2	zwapi_cmd_paramdefine_tpl.h	111		ZW_API_C evxErrors cvxCmdExec2(int idData);
cvxCmdExecWithOut	zwapi_cmd_paramdefine_tpl.h	127		ZW_API_C evxErrors cvxCmdExecWithOut(int idData, int *idOut);
cvxCmdFunc	zwapi_cmd.h	192		ZW_API_C evxErrors cvxCmdFunc(const vxName Name, void *Function, double Code);
cvxCmdFuncUnload	zwapi_cmd.h	249		ZW_API_C evxErrors cvxCmdFuncUnload(const vxName Name);
cvxCmdInput	zwapi_cmd_paramdefine_tpl.h	159		ZW_API_C evxErrors cvxCmdInput(const vxName Name, int idDataIn, int *idDataOut);
cvxCmdInqActive	zwapi_cmd_paramdefine_tpl.h	191		ZW_API_C void cvxCmdInqActive(vxName Name);
cvxCmdInteract	zwapi_cmd_paramdefine_tpl.h	178		ZW_API_C evxErrors cvxCmdInteract(const vxName Name);
cvxCmdMacro	zwapi_cmd.h	390		ZW_API_C evxErrors cvxCmdMacro(char *Input, char **Output);
cvxCmdMacro2	zwapi_cmd.h	412		ZW_API_C evxErrors cvxCmdMacro2(char *path);
cvxCmdMarker	zwapi_cmd_paramdefine_tpl.h	218		ZW_API_C void cvxCmdMarker(const vxName Okay, const vxName Cancel);
cvxCmdRegisterRcc	zwapi_cmd.h	315		ZW_API_C evxErrors cvxCmdRegisterRcc(vxName File);
cvxCmdSend	zwapi_cmd.h	77	SI	ZW_API_C void cvxCmdSend(char *CommandString);
cvxCmdStateGet	zwapi_cmd_paramdefine_tpl.h	238		ZW_API_C evxErrors cvxCmdStateGet(vxName CmdName, evxCmdState *State);
cvxCmdStateSet	zwapi_cmd_paramdefine_tpl.h	257		ZW_API_C evxErrors cvxCmdStateSet(vxName CmdName, evxCmdState State);
cvxCmdTemplate	zwapi_cmd_paramdefine_tpl.h	318		ZW_API_C evxErrors cvxCmdTemplate(const vxLongPath File);
cvxCmdTemplateUnload	zwapi_cmd_paramdefine_tpl.h	336		ZW_API_C evxErrors cvxCmdTemplateUnload(const vxLongPath File);
cvxCmdUnRegisterRcc	zwapi_cmd.h	335		ZW_API_C evxErrors cvxCmdUnRegisterRcc(vxName File);
cvxCmdVariable	zwapi_cmd.h	275		ZW_API_C void cvxCmdVariable(const vxName Name, void *Variable);
cvxCmdVariableUnload	zwapi_cmd.h	295		ZW_API_C evxErrors cvxCmdVariableUnload(const vxName Name);
cvxColorFilter	zwapi_global_apply.h	612		ZW_API_C void cvxColorFilter(int colorIdx);
cvxColorNear	zwapi_global_apply.h	461		ZW_API_C evxColor cvxColorNear(const svxColor *rgb);
cvxColorRGB	zwapi_global_apply.h	447		ZW_API_C evxErrors cvxColorRGB(evxColor color, svxColor *rgb);
cvxColorToColorf	zwapi_global_apply.h	427		ZW_API_C void cvxColorToColorf(const svxColor *rgb, svxColorf *rgbf);
cvxColorfToColor	zwapi_global_apply.h	407		ZW_API_C void cvxColorfToColor(const svxColorf *rgbf, svxColor *rgb);
cvxComboCurrentItem	zwapi_ui_combobox.h	45		ZW_API_C evxErrors cvxComboCurrentItem(const char *sForm, int fldId, int *curIdx);
cvxComboCurrentText	zwapi_ui_combobox.h	85		ZW_API_C evxErrors cvxComboCurrentText(const char *sForm, int idField, char *text, int sizeText);
cvxComboCurrentTextSet	zwapi_ui_combobox.h	104		ZW_API_C evxErrors cvxComboCurrentTextSet(const char *sForm, int idField, const char *text);
cvxComboItemCount	zwapi_ui_combobox.h	124		ZW_API_C evxErrors cvxComboItemCount(const char *sForm, int idField, int *count);
cvxComboSetCurrentItem	zwapi_ui_combobox.h	64		ZW_API_C evxErrors cvxComboSetCurrentItem(const char *sForm, int field, int item);
cvxCompAddAngularCons	zwapi_cmd_assembly.h	541		ZW_API_C evxErrors cvxCompAddAngularCons(svxEntPath *Ent1, svxEntPath *Ent2, svxConsData *consData, int *idCons);
cvxCompAddCamCons	zwapi_cmd_assembly.h	854		ZW_API_C evxErrors cvxCompAddCamCons(const svxEntPath *Ent, int nCamFaces, const svxEntPath *CamFaces, int *idCons);
cvxCompAddCoincidentCons	zwapi_cmd_assembly.h	414		ZW_API_C evxErrors cvxCompAddCoincidentCons(svxEntPath *Ent1, svxPoint *Pnt1, svxEntPath *Ent2, svxPoint *Pnt2, svxConsData *consData, int *idCons);
cvxCompAddConcentricCons	zwapi_cmd_assembly.h	468		ZW_API_C evxErrors cvxCompAddConcentricCons(svxEntPath *Ent1, svxPoint *Pnt1, svxEntPath *Ent2,
cvxCompAddDistanceCons	zwapi_cmd_assembly.h	591		ZW_API_C evxErrors cvxCompAddDistanceCons(svxEntPath *Ent1, svxPoint *Pnt1, svxEntPath *Ent2,
cvxCompAddFrameCons	zwapi_cmd_assembly.h	668		ZW_API_C evxErrors cvxCompAddFrameCons(svxEntPath *Datum1, svxEntPath *Datum2, svxConsData *consData, int *idCons);
cvxCompAddGearCons	zwapi_cmd_assembly.h	697		ZW_API_C evxErrors cvxCompAddGearCons(const svxEntPath *Gear1, const svxEntPath *Gear2, const svxGearConsData *ConsData, int *idCons);
cvxCompAddLinearCoupleCons	zwapi_cmd_assembly.h	752		ZW_API_C evxErrors cvxCompAddLinearCoupleCons(const svxEntPath *Comp1, const svxEntPath *Dir1,
cvxCompAddLockCons	zwapi_cmd_assembly.h	565		ZW_API_C evxErrors cvxCompAddLockCons(svxEntPath *Comp1, svxEntPath *Comp2, svxConsData *consData, int *idCons);
cvxCompAddMiddleCons	zwapi_cmd_assembly.h	618		ZW_API_C evxErrors cvxCompAddMiddleCons(svxEntPath *BaseEnt1, svxEntPath *BaseEnt2, int nCenter,
cvxCompAddParallelCons	zwapi_cmd_assembly.h	493		ZW_API_C evxErrors cvxCompAddParallelCons(svxEntPath *Ent1, svxEntPath *Ent2, svxConsData *consData, int *idCons);
cvxCompAddPathCons	zwapi_cmd_assembly.h	725		ZW_API_C evxErrors cvxCompAddPathCons(const svxPntOnEntPath *Pnt, int nPaths, const svxEntPath *Paths, const svxPathConsData *ConsData, int *idCons);
cvxCompAddPerpendicularCons	zwapi_cmd_assembly.h	517		ZW_API_C evxErrors cvxCompAddPerpendicularCons(svxEntPath *Ent1, svxEntPath *Ent2, svxConsData *consData, int *idCons);
cvxCompAddRackPinionCons	zwapi_cmd_assembly.h	778		ZW_API_C evxErrors cvxCompAddRackPinionCons(const svxEntPath *Rack, const svxEntPath *Pinion, const svxRackPinionData *ConsData, int *idCons);
cvxCompAddScrewCons	zwapi_cmd_assembly.h	803		ZW_API_C evxErrors cvxCompAddScrewCons(const svxEntPath *ScrewEnt, const svxEntPath *LinearEnt, const svxScrewConsData *ConsData, int *idCons);
cvxCompAddSlotCons	zwapi_cmd_assembly.h	829		ZW_API_C evxErrors cvxCompAddSlotCons(const svxEntPath *Ent, int nSlots, const svxEntPath *Slots, const svxSlotConsData *ConsData, int *idCons);
cvxCompAddSymmetryCons	zwapi_cmd_assembly.h	644		ZW_API_C evxErrors cvxCompAddSymmetryCons(svxEntPath *Plane, svxEntPath *SymEnt1, svxEntPath *SymEnt2, svxConsData *consData, int *idCons);
cvxCompAddTangentCons	zwapi_cmd_assembly.h	438		ZW_API_C evxErrors cvxCompAddTangentCons(svxEntPath *Ent1, svxEntPath *Ent2, svxConsData *consData, int *idCons);
cvxCompAddUniJointCons	zwapi_cmd_assembly.h	881		ZW_API_C evxErrors cvxCompAddUniJointCons(const svxEntPath *Shaft1, const svxPntOnEntPath *HingePnt1, const svxEntPath *Shaft2, const svxPntOnEntPath *HingePnt2, const svxUniJointData *ConsData, int *idCons);
cvxCompAutoHoleMatchIns	zwapi_cmd_assembly.h	123		ZW_API_C evxErrors cvxCompAutoHoleMatchIns(const svxCompInsHoleMatchData *Comp, int *idComp);
cvxCompAutoHoleMatchInsInit	zwapi_cmd_assembly.h	1448		ZW_API_C evxErrors cvxCompAutoHoleMatchInsInit(svxCompInsHoleMatchData *Comp);
cvxCompBomDispDataGet	zwapi_asm_comp.h	929		ZW_API_C evxErrors cvxCompBomDispDataGet(svx3DBomData *data);
cvxCompBomExcludedGet	zwapi_asm_comp.h	849		ZW_API_C evxErrors cvxCompBomExcludedGet(svxEntPath EntPath, int *exclude);
cvxCompBomPathByPart	zwapi_asm_comp.h	967		ZW_API_C evxErrors cvxCompBomPathByPart(const vxLongName part, int *cnt, svxEntPath **paths);
cvxCompBomSettingGet	zwapi_asm_comp.h	874		ZW_API_C evxErrors cvxCompBomSettingGet(svx3DBomSettingsData *data);
cvxCompBomSettingSet	zwapi_asm_comp.h	902		ZW_API_C evxErrors cvxCompBomSettingSet(svx3DBomSettingsData *data);
cvxCompCfgIdGet	zwapi_asm_comp.h	1085		ZW_API_C evxErrors cvxCompCfgIdGet(const svxEntPath *path, int *idCfg);
cvxCompCfgIdSet	zwapi_asm_opts.h	465		ZW_API_C evxErrors cvxCompCfgIdSet(const svxEntPath *path, int idCfg);
cvxCompClearCheck	zwapi_cmd_assembly.h	1384		ZW_API_C evxErrors cvxCompClearCheck(int Count, svxEntPath *Comps, double Clear, int ChkCompShp, int IgnoreHidden,
cvxCompEditPart	zwapi_asm_opts.h	214		ZW_API_C evxErrors cvxCompEditPart(int idComp);
cvxCompEditPartByPath	zwapi_asm_opts.h	238		ZW_API_C evxErrors cvxCompEditPartByPath(const svxEntPath *compPath);
cvxCompExpandStateGet	zwapi_asm_comp.h	765		ZW_API_C evxErrors cvxCompExpandStateGet(const svxEntPath *path, int *isExpand);
cvxCompExpandStateSet	zwapi_asm_comp.h	782		ZW_API_C evxErrors cvxCompExpandStateSet(const svxEntPath *path, int expand);
cvxCompExtract	zwapi_cmd_assembly.h	303		ZW_API_C evxErrors cvxCompExtract(int idShape, svxMatrix *Frame, vxLongName Name, int NewFile, evxResponse Overwrite, int *idComp);
cvxCompFaceAtGet	zwapi_asm_comp_attribute.h	135		ZW_API_C evxErrors cvxCompFaceAtGet(const svxEntPath *CompPath, svxFaceAt *At);
cvxCompFaceAtSet	zwapi_asm_comp_attribute.h	155		ZW_API_C evxErrors cvxCompFaceAtSet(int Count, svxEntPath *CompPath, svxFaceAt *At);
cvxCompFileSaveAs	zwapi_file.h	427		ZW_API_C evxErrors cvxCompFileSaveAs(svxEntPath *CompPath, int UpdateFlag, const vxLongPath File);
cvxCompFind	zwapi_math_insect.h	430		ZW_API_C evxErrors cvxCompFind(evxFaceTrim Trim, svxAxis *Ray, double Dist, int SkipBlank, int *Count, int **Comps);
cvxCompFolderIns	zwapi_asm_comp.h	1110		ZW_API_C evxErrors cvxCompFolderIns(int cnt, const int *idCom, const vxLongName folderName, int *idFolder);
cvxCompFromAsmFtr	zwapi_asm_comp.h	1151		ZW_API_C evxErrors cvxCompFromAsmFtr(svxEntPath *path, int *isFromAsmFtr);
cvxCompGetRefPart	zwapi_asm_comp.h	395		ZW_API_C evxErrors cvxCompGetRefPart(int *Count, vxPath **FileName, vxRootName **RootName);
cvxCompGetRefPartByLongPath	zwapi_asm_comp.h	424		ZW_API_C evxErrors cvxCompGetRefPartByLongPath(int *Count, vxLongPath **FileName, vxRootName **RootName);
cvxCompHighlight	zwapi_asm_comp.h	580		ZW_API_C void cvxCompHighlight(svxEntPath *CompPath, svxColor *color);
cvxCompIferCheck	zwapi_cmd_assembly.h	1305		ZW_API_C evxErrors cvxCompIferCheck(svxEntPath *BaseComp, svxEntPath *ChkComp, int SubAsmAsWhole,
cvxCompIfterDataFree	zwapi_cmd_assembly.h	1354		ZW_API_C evxErrors cvxCompIfterDataFree(int count, svxIferChkResData **resData);
cvxCompInclude	zwapi_cmd_assembly.h	190		ZW_API_C evxErrors cvxCompInclude(const svxCompIncludeData *Comp, int *idComp);
cvxCompInqConsState	zwapi_asm_constraint.h	123		ZW_API_C evxErrors cvxCompInqConsState(int idComp, evxConsState *consState);
cvxCompInqConstraints	zwapi_asm_constraint.h	147		ZW_API_C evxErrors cvxCompInqConstraints(svxEntPath *CompPath, int *count, int **cons);
cvxCompInqOpenShapes	zwapi_asm_comp.h	1042		ZW_API_C evxErrors cvxCompInqOpenShapes(svxEntPath *Comp, int IgnoreHide, int *numOpenShps, svxEntPath **ShpPaths);
cvxCompInqPart	zwapi_asm_comp.h	310		ZW_API_C evxErrors cvxCompInqPart(int idComp, char *File, int nFileBytes, char *Part, int nPartBytes);
cvxCompInqPartByPath	zwapi_asm_comp.h	337		ZW_API_C evxErrors cvxCompInqPartByPath(const svxEntPath *CompPath, vxPath fileName, vxRootName partName);
cvxCompInqPartByPathByLongPath	zwapi_asm_comp.h	366		ZW_API_C evxErrors cvxCompInqPartByPathByLongPath(const svxEntPath *CompPath, char *fileName, int sizeFile, vxRootName partName);
cvxCompInqPaths	zwapi_asm_comp.h	283		ZW_API_C evxErrors cvxCompInqPaths(svxEntPath *CompPath, int Depth, int IgnoreHidden, int *PathCnt, svxEntPath **lstPath);
cvxCompInqRenderMode	zwapi_asm_comp.h	674		ZW_API_C evxErrors cvxCompInqRenderMode(svxEntPath *CompPath, evxRenderMode *RenderMode);
cvxCompIns	zwapi_cmd_assembly.h	80		ZW_API_C evxErrors cvxCompIns(const svxCompData *Comp, int *idComp);
cvxCompInsInit	zwapi_cmd_assembly.h	1408		ZW_API_C evxErrors cvxCompInsInit(svxCompData *Comp);
cvxCompInterferenceCheck	zwapi_cmd_assembly.h	1338		ZW_API_C evxErrors cvxCompInterferenceCheck(svxEntPath *BaseComp, svxEntPath *ChkComp, int SubAsmAsWhole,
cvxCompIsEnvelope	zwapi_asm_comp.h	655		ZW_API_C evxErrors cvxCompIsEnvelope(const svxEntPath *compPath, int *isEnvelope);
cvxCompIsFileLost	zwapi_asm_comp.h	747		ZW_API_C evxErrors cvxCompIsFileLost(const svxEntPath *path, int *isFileLost);
cvxCompIsLightweightByPath	zwapi_asm_opts.h	307		ZW_API_C evxErrors cvxCompIsLightweightByPath(const svxEntPath *compPath, int *isLightweight);
cvxCompIsUnplaced	zwapi_asm_comp.h	700		ZW_API_C evxErrors cvxCompIsUnplaced(int idx_Comp, int *isUnplaced);
cvxCompIsUnplacedByPath	zwapi_asm_comp.h	722		ZW_API_C evxErrors cvxCompIsUnplacedByPath(const svxEntPath *path, int *isUnplaced);
cvxCompIsVirtual	zwapi_asm_comp.h	635		ZW_API_C evxErrors cvxCompIsVirtual(svxEntPath *CompPath, int *isVirtual);
cvxCompIsectShpChk	zwapi_cmd_assembly.h	1247		ZW_API_C evxErrors cvxCompIsectShpChk(svxEntPath *BaseShpPath, svxEntPath *OpShpPath, int *fInterfer);
cvxCompIsectShpChk2	zwapi_cmd_assembly.h	1273		ZW_API_C evxErrors cvxCompIsectShpChk2(svxEntPath *BaseShpPath, svxEntPath *OpShpPath, int fClosedChk, int *fInterfer);
cvxCompIsectShpShp	zwapi_math_insect.h	520		ZW_API_C int cvxCompIsectShpShp(const svxEntPath *basePath, const svxEntPath *opPath, evxFaceTrim trim, int *count, svxCurve **curves);
cvxCompLightweightSetByPath	zwapi_asm_opts.h	330		ZW_API_C evxErrors cvxCompLightweightSetByPath(const svxEntPath *compPaths, int compCount, int load, int isRecursive);
cvxCompMakeVirtual	zwapi_asm_comp.h	615		ZW_API_C evxErrors cvxCompMakeVirtual(svxEntPath *CompPath);
cvxCompMerge	zwapi_cmd_assembly.h	229		ZW_API_C evxErrors cvxCompMerge(evxBoolType Combine, int idComp, int *idShape);
cvxCompMerge2	zwapi_cmd_assembly.h	268		ZW_API_C evxErrors cvxCompMerge2(evxBoolType Combine, int idComp, int MergeDim, int MergeWire, int *idShape);
cvxCompMirror	zwapi_cmd_assembly.h	1073		ZW_API_C evxErrors cvxCompMirror(const svxAsmMirror *data, int *idMirror);
cvxCompMirrorInit	zwapi_cmd_assembly.h	1042		ZW_API_C evxErrors cvxCompMirrorInit(evxAsmMirrorType type, svxAsmMirror *data);
cvxCompMove	zwapi_cmd_assembly.h	1022		ZW_API_C evxErrors cvxCompMove(const svxAsmMove *data);
cvxCompMoveInit	zwapi_cmd_assembly.h	994		ZW_API_C evxErrors cvxCompMoveInit(evxAsmMoveType type, svxAsmMove *data);
cvxCompNameWithOrderNumberGet	zwapi_asm_comp.h	1241		ZW_API_C evxErrors cvxCompNameWithOrderNumberGet(const svxEntPath *compPath, char *compName, const int nbytes);
cvxCompPtn	zwapi_cmd_assembly.h	974		ZW_API_C evxErrors cvxCompPtn(const svxAsmPtnData *data, int *idPattern);
cvxCompPtnInit	zwapi_cmd_assembly.h	946		ZW_API_C evxErrors cvxCompPtnInit(evxAsmPatternType type, svxAsmPtnData *data);
cvxCompRegen	zwapi_asm_opts.h	260		ZW_API_C evxErrors cvxCompRegen(svxEntPath *Path, int flag);
cvxCompRegenSet	zwapi_asm_comp.h	991		ZW_API_C evxErrors cvxCompRegenSet(int idComp, int Regen);
cvxCompSelectedStateGet	zwapi_asm_comp.h	804		ZW_API_C evxErrors cvxCompSelectedStateGet(const svxEntPath *path, int *isSelected);
cvxCompSelectedStateSet	zwapi_asm_comp.h	826		ZW_API_C evxErrors cvxCompSelectedStateSet(const svxEntPath *path, int selected);
cvxCompSetPart	zwapi_asm_opts.h	290		ZW_API_C evxErrors cvxCompSetPart(int idComp, const vxLongPath File, const vxRootName Part);
cvxCompSetRenderMode	zwapi_asm_opts.h	348		ZW_API_C evxErrors cvxCompSetRenderMode(svxEntPath *CompPath, evxRenderMode RenderMode);
cvxCompShapeInqOpenEdges	zwapi_asm_comp.h	1061		ZW_API_C evxErrors cvxCompShapeInqOpenEdges(svxEntPath *ShpPath, int *numEdg, svxEntPath **edgPaths);
cvxCompShift	zwapi_asm_opts.h	370		ZW_API_C evxErrors cvxCompShift(int idComp);
cvxCompSuppress	zwapi_asm_opts.h	393		ZW_API_C evxErrors cvxCompSuppress(int idComp, int suppress);
cvxCompSuppressByPath	zwapi_asm_opts.h	418		ZW_API_C evxErrors cvxCompSuppressByPath(int Count, svxEntPath *CompPaths, int suppress);
cvxCompSuppressGet	zwapi_asm_comp.h	492		ZW_API_C evxErrors cvxCompSuppressGet(int idComp, int *suppress);
cvxCompSuppressGetByPath	zwapi_asm_comp.h	516		ZW_API_C evxErrors cvxCompSuppressGetByPath(svxEntPath *path, int *suppress);
cvxCompUnHighlight	zwapi_asm_comp.h	595		ZW_API_C void cvxCompUnHighlight(svxEntPath *CompPath);
cvxCompUserAtDel	zwapi_asm_comp_attribute.h	111		ZW_API_C evxErrors cvxCompUserAtDel(svxEntPath *Comp, int Count, svxAttribute *UserAt);
cvxCompUserAtGet	zwapi_asm_comp_attribute.h	56		ZW_API_C evxErrors cvxCompUserAtGet(svxEntPath *Comp, int *Count, svxAttribute **UserAt);
cvxCompUserAtSet	zwapi_asm_comp_attribute.h	83		ZW_API_C evxErrors cvxCompUserAtSet(svxEntPath *Comp, int Count, svxAttribute *UserAt);
cvxCompVisGet	zwapi_asm_comp.h	557		ZW_API_C evxErrors cvxCompVisGet(svxEntPath *CompPath, int *Vis);
cvxCompVisSet	zwapi_asm_opts.h	442		ZW_API_C evxErrors cvxCompVisSet(svxEntPath *CompPath, int Vis);
cvxCompWithLayoutIns	zwapi_cmd_assembly.h	166		ZW_API_C evxErrors cvxCompWithLayoutIns(const svxCompInsWithLayoutData *Comp, int *idComp);
cvxCompWithLayoutInsInit	zwapi_cmd_assembly.h	1429		ZW_API_C evxErrors cvxCompWithLayoutInsInit(evxLayoutType LayoutType, evxPositionType PositionType, svxCompInsWithLayoutData *Comp);
cvxConfigGetColor	zwapi_config.h	56		ZW_API_C void cvxConfigGetColor(const char *Name, evxColor *Color);
cvxConfigGetInteger	zwapi_config.h	78		ZW_API_C evxErrors cvxConfigGetInteger(const char *Name, int *Value);
cvxConfigGetNumber	zwapi_config.h	100		ZW_API_C evxErrors cvxConfigGetNumber(const char *Name, double *Value);
cvxConfigGetOption	zwapi_config.h	141		ZW_API_C int cvxConfigGetOption(const char *Name, const char *Options);
cvxConfigGetRgb	zwapi_config.h	169		ZW_API_C evxErrors cvxConfigGetRgb(const char *Name, svxColor *Rgb);
cvxConfigGetString	zwapi_config.h	193		ZW_API_C evxErrors cvxConfigGetString(const char *Name, char *Str, int nBytes);
cvxConfigGetYesNo	zwapi_config.h	216		ZW_API_C evxErrors cvxConfigGetYesNo(const char *Name, int *YesNo);
cvxConfigPathGet	zwapi_config.h	238		ZW_API_C evxErrors cvxConfigPathGet(char *path, int sizepath);
cvxConfigSetColor	zwapi_config.h	267		ZW_API_C evxErrors cvxConfigSetColor(const char *Name, evxColor Color);
cvxConfigSetInteger	zwapi_config.h	288		ZW_API_C evxErrors cvxConfigSetInteger(const char *Name, int Value);
cvxConfigSetNumber	zwapi_config.h	309		ZW_API_C evxErrors cvxConfigSetNumber(const char *Name, double Value);
cvxConfigSetOption	zwapi_config.h	331		ZW_API_C evxErrors cvxConfigSetOption(const char *Name, const char *Option);
cvxConfigSetRgb	zwapi_config.h	358		ZW_API_C evxErrors cvxConfigSetRgb(const char *Name, svxColor *Rgb);
cvxConfigSetString	zwapi_config.h	379		ZW_API_C evxErrors cvxConfigSetString(const char *Name, char *Str);
cvxConfigSetYesNo	zwapi_config.h	401		ZW_API_C evxErrors cvxConfigSetYesNo(const char *Name, int YesNo);
cvxConsDel	zwapi_asm_opts.h	532		ZW_API_C evxErrors cvxConsDel(int count, int *idCons);
cvxConsEnable	zwapi_asm_opts.h	511		ZW_API_C evxErrors cvxConsEnable(int count, int *idCons, int enable);
cvxConsInqConsData	zwapi_asm_constraint.h	103		ZW_API_C evxErrors cvxConsInqConsData(int idCons, svxConsData *ConsData);
cvxConsInqRefEnts	zwapi_asm_constraint.h	79		ZW_API_C evxErrors cvxConsInqRefEnts(int idCons, int *count, svxEntPath **entPaths);
cvxConsInqType	zwapi_asm_constraint.h	52		ZW_API_C evxErrors cvxConsInqType(int idCons, evxConsType *consType);
cvxConsRedefine	zwapi_asm_opts.h	489		ZW_API_C evxErrors cvxConsRedefine(int idCons);
cvxCrashPromptDisable	zwapi_message.h	168		ZW_API_C void cvxCrashPromptDisable();
cvxCrashPromptEnable	zwapi_message.h	177		ZW_API_C void cvxCrashPromptEnable();
cvxCrvContinuityTolListInit	zwapi_math_nurbscurve.h	274		ZW_API_C evxErrors cvxCrvContinuityTolListInit(svxCrvContinuityTolList *data);
cvxCrvEval	zwapi_math_nurbscurve.h	58		ZW_API_C evxErrors cvxCrvEval(int idCurve, double T, svxPoint *Point, svxVector *Normal);
cvxCrvEval2	zwapi_math_nurbscurve.h	92		ZW_API_C evxErrors cvxCrvEval2(const int idCurve, const double t, const int level, svxEvalCurv *eval);
cvxCrvEvalCrvtr	zwapi_math_nurbscurve.h	157		ZW_API_C evxErrors cvxCrvEvalCrvtr(const int idCurve, const double t, svxPoint *point, svxPoint *normal, double *curvature);
cvxCrvExtremum	zwapi_math_nurbscurve.h	517		ZW_API_C evxErrors cvxCrvExtremum(int idCurve, int *Count, svxPoint **Pnts, svxBndBox *BndBox);
cvxCrvGetCusps	zwapi_math_nurbscurve.h	545		ZW_API_C evxErrors cvxCrvGetCusps(int idCurve, int *Count, double **T, svxPoint **Cusps);
cvxCrvGetInflections	zwapi_math_nurbscurve.h	463		ZW_API_C evxErrors cvxCrvGetInflections(int idCurve, int *Count, double **T, svxPoint **InfPnts);
cvxCrvGetPntAtDist	zwapi_math_nurbscurve.h	435		ZW_API_C evxErrors cvxCrvGetPntAtDist(int idCurve, double StartT, double Length, double *T, svxPoint *Point);
cvxCrvGetPntAtLenFraction	zwapi_math_nurbscurve.h	387		ZW_API_C evxErrors cvxCrvGetPntAtLenFraction(int idCurve, double Fraction, svxPoint *Point);
cvxCrvInqContinuity	zwapi_math_nurbscurve.h	253		ZW_API_C evxErrors cvxCrvInqContinuity(int Count, int *Curves, int *Continuity);
cvxCrvInqExtreme	zwapi_math_nurbscurve.h	490		ZW_API_C evxErrors cvxCrvInqExtreme(int idCurve, const svxVector *Dir, int *isPerp, svxPoint *Point);
cvxCrvInqMultiContinuity	zwapi_math_nurbscurve.h	313		ZW_API_C evxErrors cvxCrvInqMultiContinuity(int cnt, const int *curves, const svxCrvContinuityTolList *tols, int *cntContinuity, svxCrvContinuityData **data);
cvxCrvIsLine	zwapi_math_nurbscurve.h	179		ZW_API_C int cvxCrvIsLine(int idCurve);
cvxCrvLen	zwapi_math_nurbscurve.h	570		ZW_API_C evxErrors cvxCrvLen(int idCurve, double *Len);
cvxCrvLen2	zwapi_math_nurbscurve.h	591		ZW_API_C evxErrors cvxCrvLen2(int idCurve, double T1, double T2, double *Length);
cvxCrvMinMaxRad	zwapi_math_nurbscurve.h	227		ZW_API_C evxErrors cvxCrvMinMaxRad(int idCurve, double *minRad, double *maxRad, int *isFlat);
cvxCrvParam	zwapi_math_nurbscurve.h	202		ZW_API_C evxErrors cvxCrvParam(int idCurve, svxLimit *T);
cvxCrvPlaneParallelChk	zwapi_math.h	100		ZW_API_C evxErrors cvxCrvPlaneParallelChk(const svxPoint *plnPnt, const svxVector *plnNormal, const svxCurve *Crv, double tol, int *isParallel, double *Distance);
cvxCrvPntProj	zwapi_math_nurbscurve.h	410		ZW_API_C evxErrors cvxCrvPntProj(int idCurve, svxPoint *Pnt, double *T, svxPoint *ProjPnt);
cvxCrvTransform	zwapi_math_matrix.h	463	SI	ZW_API_C void cvxCrvTransform(svxMatrix *Mat, svxCurve *Crv);
cvxCursorRestore	zwapi_ui_guiset.h	203		ZW_API_C void cvxCursorRestore(void);
cvxCursorSet	zwapi_ui_guiset.h	194		ZW_API_C void cvxCursorSet(evxCursorType Type);
cvxCurveFree	zwapi_part_objs.h	145	SI	ZW_API_C void cvxCurveFree(svxCurve *Crv);
cvxCustomViewActivate	zwapi_view.h	258		ZW_API_C evxErrors cvxCustomViewActivate(int idView);
cvxCustomViewAdd	zwapi_view.h	235		ZW_API_C evxErrors cvxCustomViewAdd(char *Name, int LyrVis, int ObjVis, int *idView);
cvxCustomViewDel	zwapi_view.h	279		ZW_API_C evxErrors cvxCustomViewDel(int idView);
cvxCustomViewId	zwapi_view.h	298		ZW_API_C evxErrors cvxCustomViewId(vxName Name, int *idView);
cvxCustomViewListGet	zwapi_view.h	318		ZW_API_C evxErrors cvxCustomViewListGet(int *count, int **customViewList);
cvxDataClear	zwapi_cmd_paramdefine_param.h	917		ZW_API_C evxErrors cvxDataClear(int idData, int idField);
cvxDataDel	zwapi_cmd_paramdefine_param.h	934		ZW_API_C evxErrors cvxDataDel(int idData, int idField);
cvxDataDelItem	zwapi_cmd_paramdefine_param.h	953		ZW_API_C evxErrors cvxDataDelItem(int idData, int idField, int iEnt);
cvxDataDelUnHi	zwapi_cmd_paramdefine_param.h	970		ZW_API_C evxErrors cvxDataDelUnHi(int idData, int idField);
cvxDataFree	zwapi_cmd_paramdefine_param.h	986		ZW_API_C evxErrors cvxDataFree(int idData);
cvxDataGet	zwapi_cmd_paramdefine_param.h	446		ZW_API_C evxErrors cvxDataGet(int idData, int idField, svxData *Data);
cvxDataGetAll	zwapi_cmd_paramdefine_param.h	882		ZW_API_C evxErrors cvxDataGetAll(int idData, int *numFld, svxFldData **fldData);
cvxDataGetColor	zwapi_cmd_paramdefine_param.h	466		ZW_API_C evxErrors cvxDataGetColor(int idData, int idField, svxColor *Color);
cvxDataGetEnt	zwapi_cmd_paramdefine_param.h	488		ZW_API_C evxErrors cvxDataGetEnt(int idData, int idField, int *idEntity, int *idParent);
cvxDataGetEnts	zwapi_cmd_paramdefine_param.h	512		ZW_API_C evxErrors cvxDataGetEnts(int idData, int idField, int *Count, int **idEnts);
cvxDataGetItemData	zwapi_cmd_paramdefine_param.h	854		ZW_API_C evxErrors cvxDataGetItemData(int Item, svxData *Data);
cvxDataGetItemList	zwapi_cmd_paramdefine_param.h	836		ZW_API_C evxErrors cvxDataGetItemList(int idData, int idField, int *Count, int **idItems);
cvxDataGetList	zwapi_cmd_paramdefine_param.h	541		ZW_API_C evxErrors cvxDataGetList(int idData, int idField, int *Count, svxData **Data);
cvxDataGetMatrix	zwapi_cmd_paramdefine_param.h	811		ZW_API_C evxErrors cvxDataGetMatrix(int idData, int idField, svxMatrix *Matrix);
cvxDataGetNum	zwapi_cmd_paramdefine_param.h	560		ZW_API_C evxErrors cvxDataGetNum(int idData, int idField, double *Number);
cvxDataGetOpt	zwapi_cmd_paramdefine_param.h	577		ZW_API_C int cvxDataGetOpt(int idData, int idField);
cvxDataGetPath	zwapi_cmd_paramdefine_param.h	614		ZW_API_C int cvxDataGetPath(int idData, int idField, int *FirstEnt, svxEntPath *Ent);
cvxDataGetPaths	zwapi_cmd_paramdefine_param.h	638		ZW_API_C evxErrors cvxDataGetPaths(int idData, int idField, int *count, svxEntPath **paths);
cvxDataGetPnt	zwapi_cmd_paramdefine_param.h	657		ZW_API_C evxErrors cvxDataGetPnt(int idData, int idField, svxPoint *Pnt);
cvxDataGetPntOnEnt	zwapi_cmd_paramdefine_param.h	704		ZW_API_C evxErrors cvxDataGetPntOnEnt(int idData, int idField, svxPoint *pnt, svxEntPath *path);
cvxDataGetPnts	zwapi_cmd_paramdefine_param.h	682		ZW_API_C evxErrors cvxDataGetPnts(int idData, int idField, int *Count, svxPoint **Pnts);
cvxDataGetPntsOnEnts	zwapi_cmd_paramdefine_param.h	731		ZW_API_C evxErrors cvxDataGetPntsOnEnts(int idData, int idField, int *count, svxPoint **pnts, svxEntPath **paths);
cvxDataGetPromote	zwapi_cmd_paramdefine_param.h	756		ZW_API_C evxErrors cvxDataGetPromote(int idData, int idField, int *Promote);
cvxDataGetText	zwapi_cmd_paramdefine_param.h	791		ZW_API_C evxErrors cvxDataGetText(int idData, int idField, int NumBytes, char *Text);
cvxDataGrpRem	zwapi_cmd_paramdefine_param.h	1005		ZW_API_C evxErrors cvxDataGrpRem(int idData, int idField, int idItem);
cvxDataInit	zwapi_cmd_paramdefine_param.h	44		ZW_API_C evxErrors cvxDataInit(const vxName Template, int *idData);
cvxDataInqActive	zwapi_cmd_paramdefine_param.h	1024		ZW_API_C evxErrors cvxDataInqActive(int *idData);
cvxDataInqParent	zwapi_cmd_paramdefine_param.h	1040		ZW_API_C evxErrors cvxDataInqParent(int *idData);
cvxDataName	zwapi_cmd_paramdefine_param.h	1055		ZW_API_C char *cvxDataName(int idData);
cvxDataSet	zwapi_cmd_paramdefine_param.h	87		ZW_API_C evxErrors cvxDataSet(int idData, int idField, svxData *Data);
cvxDataSetColor	zwapi_cmd_paramdefine_param.h	107		ZW_API_C evxErrors cvxDataSetColor(int idData, int idField, svxColor *Color);
cvxDataSetDirOnEntPath	zwapi_cmd_paramdefine_param.h	346		ZW_API_C evxErrors cvxDataSetDirOnEntPath(int idData, int idField, const svxDirOnEntPath *dirData);
cvxDataSetMatrix	zwapi_cmd_paramdefine_param.h	364		ZW_API_C evxErrors cvxDataSetMatrix(int idData, int idField, const svxMatrix *mat);
cvxDataSetPath	zwapi_cmd_paramdefine_param.h	125		ZW_API_C evxErrors cvxDataSetPath(int idData, int idField, svxEntPath *Ent);
cvxDataSetPntByPath	zwapi_cmd_paramdefine_param.h	249		ZW_API_C evxErrors cvxDataSetPntByPath(int idData, int idField, svxEntPath *entPath, svxPoint *pnt);
cvxDataSetPntOnCrv	zwapi_cmd_paramdefine_param.h	176		ZW_API_C evxErrors cvxDataSetPntOnCrv(int idData, int idField, int idCrv, svxPoint *Pnt);
cvxDataSetPntOnCrvPath	zwapi_cmd_paramdefine_param.h	277		ZW_API_C evxErrors cvxDataSetPntOnCrvPath(int idData, int idField, int critPnt, const svxEntPath *crvPath, const svxPoint *pnt);
cvxDataSetPntOnEnt	zwapi_cmd_paramdefine_param.h	300		ZW_API_C evxErrors cvxDataSetPntOnEnt(int idData, int idField, const svxPntOnEnt *pntData);
cvxDataSetPntOnEntPath	zwapi_cmd_paramdefine_param.h	323		ZW_API_C evxErrors cvxDataSetPntOnEntPath(int idData, int idField, const svxPntOnEntPath *pntData);
cvxDataSetPntOnFace	zwapi_cmd_paramdefine_param.h	197		ZW_API_C evxErrors cvxDataSetPntOnFace(int idData, int idField, int idComp, int idFace);
cvxDataSetPntOnFace2	zwapi_cmd_paramdefine_param.h	219		ZW_API_C evxErrors cvxDataSetPntOnFace2(int idData, int idField, int idFace, svxPoint *Pnt);
cvxDataSetPromote	zwapi_cmd_paramdefine_param.h	151		ZW_API_C evxErrors cvxDataSetPromote(int idData, int idField, int Promote);
cvxDataToFeature	zwapi_cmd_paramdefine_param.h	403		ZW_API_C evxErrors cvxDataToFeature(int idData, int idFeature, int ExcludeRegen);
cvxDataXXX	zwapi_part_history.h	286		after it is done querying "idData" with the cvxDataXXX() functions.
cvxDataZero	zwapi_cmd_paramdefine_param.h	60		ZW_API_C void cvxDataZero(svxData *Data);
cvxDatumDispAttrGet	zwapi_display.h	673		ZW_API_C evxErrors cvxDatumDispAttrGet(int idDatum, svxWireAt *DispAt);
cvxDatumDispAttrSet	zwapi_display.h	692		ZW_API_C evxErrors cvxDatumDispAttrSet(int idDatum, const svxWireAt *DispAt);
cvxDatumDispModeGet	zwapi_display.h	653		ZW_API_C evxErrors cvxDatumDispModeGet(int idDatum, evxDatumDispMode *DispMode);
cvxDatumDispModeSet	zwapi_display.h	634		ZW_API_C void cvxDatumDispModeSet(int idDatum, evxDatumDispMode DispMode);
cvxDatumLocalVis	zwapi_display.h	618		ZW_API_C void cvxDatumLocalVis(int iVisible);
cvxDimAtGetBySub	zwapi_dim.h	493		ZW_API_C evxErrors cvxDimAtGetBySub(int idDim, int subDim, svxDimAttr *dmAttr);
cvxDimDispAtGet	zwapi_dim.h	513		ZW_API_C evxErrors cvxDimDispAtGet(int idDim, svxDimDispAttr *dispAttr);
cvxDimDispAtSet	zwapi_dim.h	533		ZW_API_C evxErrors cvxDimDispAtSet(int idDim, const svxDimDispAttr *dispAttr);
cvxDimFCSDataGet	zwapi_dim.h	158		ZW_API_C evxErrors cvxDimFCSDataGet(int idFCS, int *numOfFcs, svxFCSData **FcsData, vxLongName Note1, vxLongName Note2);
cvxDimInqDimBundles	zwapi_dim.h	134		ZW_API_C evxErrors cvxDimInqDimBundles(int idDim, int *Count, int **idBundles);
cvxDimInqDimLines	zwapi_dim.h	431		ZW_API_C evxErrors cvxDimInqDimLines(int idDim, int *count, svxCurve **DimCrvs);
cvxDimInqDimPnts	zwapi_dim.h	398		ZW_API_C evxErrors cvxDimInqDimPnts(int idDim, int *count, svxPoint **DimPnts);
cvxDimInqExtLines	zwapi_dim.h	460		ZW_API_C evxErrors cvxDimInqExtLines(int idDim, int *count, svxCurve **DimCrvs);
cvxDimInqPos	zwapi_dim.h	375		ZW_API_C evxErrors cvxDimInqPos(int idDim, svxPoint *pPos);
cvxDimInqState	zwapi_dim.h	111		ZW_API_C evxErrors cvxDimInqState(int idDim, evxDimState *state);
cvxDimInqText	zwapi_dim.h	253		ZW_API_C evxErrors cvxDimInqText(int idDim, int subDim, char **pStr);
cvxDimInqTextType	zwapi_dim.h	290		ZW_API_C evxErrors cvxDimInqTextType(int idDim, int *Type);
cvxDimInqTxtPnt	zwapi_dim.h	331		ZW_API_C evxErrors cvxDimInqTxtPnt(int idDim, svxPoint *TextPnt);
cvxDimInqType	zwapi_dim.h	54		ZW_API_C evxErrors cvxDimInqType(int idDim, evxDimType *type);
cvxDimInqTypeEx	zwapi_dim.h	74		ZW_API_C evxErrors cvxDimInqTypeEx(int idDim, evxDimTypeEx *typeEx);
cvxDimInqVar	zwapi_dim.h	183		ZW_API_C evxErrors cvxDimInqVar(int idDim, svxVariable *Var);
cvxDimIsRadius	zwapi_dim.h	92		ZW_API_C evxErrors cvxDimIsRadius(int idDim, int *isRadius);
cvxDimLineAtGet	zwapi_dim.h	593		ZW_API_C evxErrors cvxDimLineAtGet(int idDim, svxDimLineAttr *lineAttr);
cvxDimLineAtSet	zwapi_dim.h	613		ZW_API_C evxErrors cvxDimLineAtSet(int idDim, const svxDimLineAttr *lineAttr);
cvxDimMiscAtGet	zwapi_dim.h	633		ZW_API_C evxErrors cvxDimMiscAtGet(int idDim, svxDimMiscAttr *miscAttr);
cvxDimMiscAtSet	zwapi_dim.h	653		ZW_API_C evxErrors cvxDimMiscAtSet(int idDim, const svxDimMiscAttr *miscAttr);
cvxDimModTextType	zwapi_dim.h	311		ZW_API_C evxErrors cvxDimModTextType(int idDim, int Type, char *text);
cvxDimModTxt	zwapi_dim.h	272		ZW_API_C evxErrors cvxDimModTxt(int idDim, int subDim, char *pStr);
cvxDimModTxtPnt	zwapi_dim.h	353		ZW_API_C evxErrors cvxDimModTxtPnt(int idDim, int center, svxPoint *TextPnt);
cvxDimTextAtGet	zwapi_dim.h	673		ZW_API_C evxErrors cvxDimTextAtGet(int idDim, svxDimTextAttr *textAttr);
cvxDimTextAtSet	zwapi_dim.h	693		ZW_API_C evxErrors cvxDimTextAtSet(int idDim, const svxDimTextAttr *textAttr);
cvxDimTolAtGet	zwapi_dim.h	553		ZW_API_C evxErrors cvxDimTolAtGet(int idDim, svxDimTolAttr *tolAttr);
cvxDimTolAtSet	zwapi_dim.h	573		ZW_API_C evxErrors cvxDimTolAtSet(int idDim, const svxDimTolAttr *tolAttr);
cvxDimValMod	zwapi_dim.h	206		ZW_API_C evxErrors cvxDimValMod(int idDim, char *exp);
cvxDimValModNoUpdate	zwapi_dim.h	227		ZW_API_C evxErrors cvxDimValModNoUpdate(int idDim, char *exp);
cvxDispColorGet	zwapi_display.h	276		ZW_API_C void cvxDispColorGet(evxDispAttrib Type, evxColor *Color);
cvxDispColorSet	zwapi_display.h	292		ZW_API_C void cvxDispColorSet(evxDispAttrib Type, evxColor Color);
cvxDispDataUpdate	zwapi_display.h	185		ZW_API_C void cvxDispDataUpdate(void);
cvxDispGetLights	zwapi_display.h	471		ZW_API_C evxErrors cvxDispGetLights(int *Count, svxLight **Lights);
cvxDispModeGet	zwapi_display.h	198		ZW_API_C void cvxDispModeGet(evxDispMode *Mode);
cvxDispModeSet	zwapi_display.h	211		ZW_API_C void cvxDispModeSet(evxDispMode Mode);
cvxDispRedraw	zwapi_display.h	175		ZW_API_C void cvxDispRedraw(void);
cvxDispRgbGet	zwapi_display.h	229		ZW_API_C void cvxDispRgbGet(evxDispAttrib Type, svxColor *Rgb);
cvxDispRgbSet	zwapi_display.h	254		ZW_API_C void cvxDispRgbSet(evxDispAttrib Type, const svxColor *Rgb);
cvxDispSceneUpdate	zwapi_display.h	415		ZW_API_C evxErrors cvxDispSceneUpdate();
cvxDispSetLights	zwapi_display.h	513		ZW_API_C evxErrors cvxDispSetLights(int Count, svxLight *Lights);
cvxDispSetLightsInit	zwapi_display.h	490		ZW_API_C evxErrors cvxDispSetLightsInit(svxLight *data);
cvxDispState	zwapi_display.h	356		ZW_API_C void cvxDispState(int Option, vxDispState State);
cvxDispSwitch	zwapi_display.h	316		ZW_API_C void cvxDispSwitch(evxDispItem Item, int isOn);
cvxDispSwitchGet	zwapi_display.h	333		ZW_API_C void cvxDispSwitchGet(evxDispItem Item, int *isOn);
cvxDispWindowRectGet	zwapi_display.h	434		ZW_API_C evxErrors cvxDispWindowRectGet(const int includeFrame, const int isGlobal, int *x, int *y, int *w, int *h);
cvxDispZoomAll	zwapi_display.h	553		ZW_API_C void cvxDispZoomAll(int Redraw);
cvxDispZoomAllIncludeDim	zwapi_display.h	562		ZW_API_C void cvxDispZoomAllIncludeDim(int Redraw);
cvxDispZoomAt	zwapi_display.h	572		ZW_API_C void cvxDispZoomAt(const svxPoint point, const float factor);
cvxDispZoomIn	zwapi_display.h	605		ZW_API_C evxErrors cvxDispZoomIn(int ZoomIn, const svxPoint2f StartPoint, const svxPoint2f EndPoint);
cvxDispZoomLimits	zwapi_display.h	584		ZW_API_C evxErrors cvxDispZoomLimits(void);
cvxDwgActivate	zwapi_dwg_drawing.h	258		ZW_API_C evxErrors cvxDwgActivate(vxLongName drawingName);
cvxDwgAlignmentGet	zwapi_dwg_view.h	455		ZW_API_C evxErrors cvxDwgAlignmentGet(int idView, int *align);
cvxDwgAngDimAdd	zwapi_cmd_dwg_dimension.h	323		ZW_API_C evxErrors cvxDwgAngDimAdd(const svxDwgAngDimData *angDimData, int *idDim);
cvxDwgArcDimAdd	zwapi_cmd_dwg_dimension.h	371		ZW_API_C evxErrors cvxDwgArcDimAdd(const svxDwgArcDimData *arcDimData, int *idDim);
cvxDwgAtGet	zwapi_dwg_attribute.h	43		ZW_API_C evxErrors cvxDwgAtGet(int idDrawing, svxDrawingAt *drawingAt);
cvxDwgAtItemGet	zwapi_dwg_attribute.h	90		ZW_API_C evxErrors cvxDwgAtItemGet(evxAtItemId itemId, svxAttribute *At);
cvxDwgAtSet	zwapi_dwg_attribute.h	63		ZW_API_C evxErrors cvxDwgAtSet(int idDrawing, svxDrawingAt *drawingAt);
cvxDwgAutoBlnAdd	zwapi_cmd_dwg_dimension.h	562		ZW_API_C evxErrors cvxDwgAutoBlnAdd(const svxDwgAtBlnData *atBlnInfo, int *idDimCount, int **idDimList);
cvxDwgAutoBlnAddInit	zwapi_cmd_dwg_dimension.h	533		ZW_API_C evxErrors cvxDwgAutoBlnAddInit(svxDwgAtBlnData *data);
cvxDwgAutoDimAdd	zwapi_cmd_dwg_dimension.h	52		ZW_API_C evxErrors cvxDwgAutoDimAdd(const svxDimAuto *pDimData, int *idDim);
cvxDwgAutoDimAddInit	zwapi_cmd_dwg_dimension.h	71		ZW_API_C evxErrors cvxDwgAutoDimAddInit(svxDimAuto *data);
cvxDwgBalloonDimAdd	zwapi_cmd_dwg_dimension.h	511		ZW_API_C evxErrors cvxDwgBalloonDimAdd(const svxDwgBalloonDim *pData, int *idDim);
cvxDwgBalloonTextGet	zwapi_cmd_dwg_dimension.h	1198		ZW_API_C evxErrors cvxDwgBalloonTextGet(int idBalloon, char *text, int nbytes);
cvxDwgBalloonTextSet	zwapi_cmd_dwg_dimension.h	1178		ZW_API_C evxErrors cvxDwgBalloonTextSet(int idBalloon, evxDwgBalloonTextCondition condition, evxDwgBalloonTextSubCondition subCondition, const char *text);
cvxDwgBaseLineDimAdd	zwapi_cmd_dwg_dimension.h	133		ZW_API_C evxErrors cvxDwgBaseLineDimAdd(const svxDwgLineGrpDim *pData, int *idDim);
cvxDwgBrkLineAtGet	zwapi_dwg_view.h	525		ZW_API_C evxErrors cvxDwgBrkLineAtGet(int brkLnViewId, svxDwgBrkLineAt *brkLnAt);
cvxDwgBrkLineAtSet	zwapi_dwg_view.h	502		ZW_API_C evxErrors cvxDwgBrkLineAtSet(int brkLnViewId, const svxDwgBrkLineAt *brkLnAt);
cvxDwgCenMarkCirDimAdd	zwapi_cmd_dwg_dimension.h	810		ZW_API_C evxErrors cvxDwgCenMarkCirDimAdd(const svxCenMarkCirDimData *cmcDimData, int *idDim);
cvxDwgCenMarkCirDimAddInit	zwapi_cmd_dwg_dimension.h	783		ZW_API_C evxErrors cvxDwgCenMarkCirDimAddInit(svxCenMarkCirDimData *data);
cvxDwgCenterLineDimAdd	zwapi_cmd_dwg_dimension.h	870		ZW_API_C evxErrors cvxDwgCenterLineDimAdd(const svxCenterLine *pzCenterLine, int *idDim);
cvxDwgCenterLineDimAddInit	zwapi_cmd_dwg_dimension.h	832		ZW_API_C evxErrors cvxDwgCenterLineDimAddInit(svxCenterLine *data);
cvxDwgCenterMarkDimAdd	zwapi_cmd_dwg_dimension.h	764		ZW_API_C evxErrors cvxDwgCenterMarkDimAdd(const svxCenterMark *pzCenterMark, int *idDim);
cvxDwgCenterMarkDimAddInit	zwapi_cmd_dwg_dimension.h	728		ZW_API_C evxErrors cvxDwgCenterMarkDimAddInit(svxCenterMark *data);
cvxDwgContinuousDimAdd	zwapi_cmd_dwg_dimension.h	164		ZW_API_C evxErrors cvxDwgContinuousDimAdd(const svxDwgLineGrpDim *pData, int *idDim);
cvxDwgCrossHatch	zwapi_cmd_dwg_drawing.h	101		ZW_API_C evxErrors cvxDwgCrossHatch(int countEnts, int *idEnts, int countPnts, svxPoint2 *insides, int isSplit, svxHatchAttr *hatch, int *idEnt);
cvxDwgCrossHatchInit	zwapi_cmd_dwg_drawing.h	69		ZW_API_C evxErrors cvxDwgCrossHatchInit(svxHatchAttr *data);
cvxDwgDatumDimAdd	zwapi_cmd_dwg_dimension.h	656		ZW_API_C evxErrors cvxDwgDatumDimAdd(const svxDatumDimData *datumData, int *idDim);
cvxDwgDatumTargDimAdd	zwapi_cmd_dwg_dimension.h	703		ZW_API_C evxErrors cvxDwgDatumTargDimAdd(const svxDatumTargDimData *datumTData, int *idDim);
cvxDwgDatumTargDimAddInit	zwapi_cmd_dwg_dimension.h	675		ZW_API_C evxErrors cvxDwgDatumTargDimAddInit(svxDatumTargDimData *data);
cvxDwgDimAtGet	zwapi_dwg_dim.h	240		ZW_API_C evxErrors cvxDwgDimAtGet(int idDim, svxDimAttr *dmAttr);
cvxDwgDimAtSet	zwapi_dwg_dim.h	264		ZW_API_C evxErrors cvxDwgDimAtSet(int idDim, svxDimAttr *dmAttr);
cvxDwgEntMoveAlongDirection	zwapi_cmd_dwg_drawing.h	203		ZW_API_C evxErrors cvxDwgEntMoveAlongDirection(int idEnt, svxVector2 *Direction, double Distance, svxPoint2 *BasePoint, double angle, double scale);
cvxDwgEntMovePntToPnt	zwapi_cmd_dwg_drawing.h	174		ZW_API_C evxErrors cvxDwgEntMovePntToPnt(int idEnt, svxPoint2 *Start, svxPoint2 *End, evxDrawingMoveDirType type, double angle, double scale);
cvxDwgFind	zwapi_dwg_drawing.h	173		ZW_API_C evxErrors cvxDwgFind(const vxRootName rootName, const vxLongName drawingName, int *idDrawing);
cvxDwgFtrCtrlDimAdd	zwapi_cmd_dwg_dimension.h	632		ZW_API_C evxErrors cvxDwgFtrCtrlDimAdd(const svxDwgFtrCtrl *pData, int *idDim);
cvxDwgGeomGetView	zwapi_dwg_geometry.h	230		ZW_API_C evxErrors cvxDwgGeomGetView(int idGeom, int *idView);
cvxDwgGetDimTextBox	zwapi_dwg_dim.h	122		ZW_API_C evxErrors cvxDwgGetDimTextBox(int idDim, double *tbWid, double *tbHgt, double *chSlp, svxPoint2 *txtPt);
cvxDwgGetTableSize	zwapi_dwg_table.h	144		ZW_API_C evxErrors cvxDwgGetTableSize(int iTblIdx, int *pRowNum, int *pColNum);
cvxDwgHatchAssoCrvsGet	zwapi_dwg_geometry.h	141		ZW_API_C evxErrors cvxDwgHatchAssoCrvsGet(int idHatch, int *count, int **AssocCrvs);
cvxDwgHatchAttrSet	zwapi_dwg_geometry.h	117		ZW_API_C evxErrors cvxDwgHatchAttrSet(int idHatch, svxHatchAttr HatchAttr);
cvxDwgHoleCallOutDimAdd	zwapi_cmd_dwg_dimension.h	423		ZW_API_C evxErrors cvxDwgHoleCallOutDimAdd(const svxDwgHoleCallOutDim *pData, int *numDim, int **idDims);
cvxDwgHoleCallOutDimAddInit	zwapi_cmd_dwg_dimension.h	406	SI	Interface cvxDwgHoleCallOutDimAddInit() can initialize variables of this function.
cvxDwgHoleCallOutDimAddinit	zwapi_cmd_dwg_dimension.h	393		ZW_API_C evxErrors cvxDwgHoleCallOutDimAddinit(svxDwgHoleCallOutDim *data);
cvxDwgHoleMark	zwapi_cmd_dwg_dimension.h	1153		ZW_API_C evxErrors cvxDwgHoleMark(const svxDwgHoleMark *data);
cvxDwgHoleMarkInit	zwapi_cmd_dwg_dimension.h	1126		ZW_API_C evxErrors cvxDwgHoleMarkInit(evxDwgHoleMarkType type, svxDwgHoleMark *data);
cvxDwgInqActive	zwapi_dwg_drawing.h	275		ZW_API_C evxErrors cvxDwgInqActive(char *drawingName, int nBytes);
cvxDwgInqBorderTitle	zwapi_dwg_drawing.h	193		ZW_API_C evxErrors cvxDwgInqBorderTitle(int idDrawing, int *idBorder, int *idBorderSkt, int *idTitle, int *idTitleSkt);
cvxDwgInqBundleDataByDim	zwapi_dwg_dim.h	217		ZW_API_C evxErrors cvxDwgInqBundleDataByDim(int idDim, int *count, svxDwgBundleDimData **data);
cvxDwgInqDimByDrawing	zwapi_dwg_dim.h	194		ZW_API_C evxErrors cvxDwgInqDimByDrawing(int idDrawing, int *count, int **idDims);
cvxDwgInqDimByView	zwapi_dwg_dim.h	158		ZW_API_C evxErrors cvxDwgInqDimByView(int idView, int *count, int **idDims);
cvxDwgInqDimEnts	zwapi_dwg_dim.h	79		ZW_API_C evxErrors cvxDwgInqDimEnts(int idDim, int *count, int **idEnts);
cvxDwgInqDimGripPnts	zwapi_dwg_dim.h	101		ZW_API_C evxErrors cvxDwgInqDimGripPnts(int idDim, int *Num, svxPoint **Pnts);
cvxDwgInqDims	zwapi_dwg_dim.h	55		ZW_API_C evxErrors cvxDwgInqDims(int idDrawing, evxDimType *dimTypeList, int dimTypeCount, int *count, int **dims);
cvxDwgInqGeom	zwapi_dwg_geometry.h	49		ZW_API_C evxErrors cvxDwgInqGeom(int idDrawing, int *count, int **idEnts);
cvxDwgInqHatchAttr	zwapi_dwg_geometry.h	95		ZW_API_C evxErrors cvxDwgInqHatchAttr(int idHatch, svxHatchAttr *HatchAttr);
cvxDwgInqHatchIdByDrawing	zwapi_dwg_geometry.h	189		ZW_API_C evxErrors cvxDwgInqHatchIdByDrawing(int idDrawing, int *count, int **idHatchs);
cvxDwgInqHatchIdByView	zwapi_dwg_geometry.h	165		ZW_API_C evxErrors cvxDwgInqHatchIdByView(int idView, int *count, int **idHatchs);
cvxDwgInqList	zwapi_dwg_drawing.h	133		ZW_API_C evxErrors cvxDwgInqList(int idRoot, int *count, int **idDrawings);
cvxDwgInqName	zwapi_dwg_drawing.h	153		ZW_API_C evxErrors cvxDwgInqName(int idDrawing, char *drawingName, int nBytes);
cvxDwgInqPart	zwapi_dwg_drawing.h	212		ZW_API_C evxErrors cvxDwgInqPart(char *rootName, int *iCount, svxCompName **partList);
cvxDwgInqSymEnts	zwapi_dwg_symbol.h	114		ZW_API_C evxErrors cvxDwgInqSymEnts(int idSym, int *Count, int **idEnts);
cvxDwgInqSymObjList	zwapi_dwg_symbol.h	71		ZW_API_C evxErrors cvxDwgInqSymObjList(int idSym, int *count, int **listId);
cvxDwgInqSymType	zwapi_dwg_symbol.h	92		ZW_API_C evxErrors cvxDwgInqSymType(int idSym, evxSymbolType *type);
cvxDwgInqTableType	zwapi_dwg_table.h	69		ZW_API_C evxErrors cvxDwgInqTableType(int idTable, evxTableType *type);
cvxDwgInqTables	zwapi_dwg_table.h	48		ZW_API_C evxErrors cvxDwgInqTables(int idDrawing, evxTableType type, int *count, int **tables);
cvxDwgInqText	zwapi_dwg_geometry.h	72		ZW_API_C evxErrors cvxDwgInqText(int idDrawing, int *count, int **idEnts);
cvxDwgInqViewMod	zwapi_dwg_view.h	75		ZW_API_C evxErrors cvxDwgInqViewMod(int idDrawing, int *modified);
cvxDwgInqViewType	zwapi_dwg_view.h	98		ZW_API_C evxErrors cvxDwgInqViewType(int idView, evxViewType *type);
cvxDwgInqViewTypeEx	zwapi_dwg_view.h	124		ZW_API_C evxErrors cvxDwgInqViewTypeEx(int viewId, evxViewTypeEx *viewType);
cvxDwgInqViews	zwapi_dwg_view.h	53		ZW_API_C evxErrors cvxDwgInqViews(int idDrawing, evxViewType type, int *count, int **views);
cvxDwgInsertSymbol	zwapi_cmd_dwg_dimension.h	1048		ZW_API_C evxErrors cvxDwgInsertSymbol(const vxLongPath fileName, const vxLongName symName, svxPoint2 *pnt, int *symId);
cvxDwgIsectSym	zwapi_cmd_dwg_dimension.h	1103		ZW_API_C evxErrors cvxDwgIsectSym(const svxDwgIsectSym *data, int *idSym);
cvxDwgLabelCoorDimAdd	zwapi_cmd_dwg_dimension.h	451		ZW_API_C evxErrors cvxDwgLabelCoorDimAdd(const svxLabelCoorDimData *coorDimData, int *idDim);
cvxDwgLabelDimAdd	zwapi_cmd_dwg_dimension.h	475		ZW_API_C evxErrors cvxDwgLabelDimAdd(const svxDimLabel *pLabel, int *idDim);
cvxDwgLineDimAdd	zwapi_cmd_dwg_dimension.h	102		ZW_API_C evxErrors cvxDwgLineDimAdd(const svxDwgLineDim *pData, int *idDim);
cvxDwgLineOffsetDimAdd	zwapi_cmd_dwg_dimension.h	225		ZW_API_C evxErrors cvxDwgLineOffsetDimAdd(const svxDwgLineOffsetDim *pData, int *idDim);
cvxDwgLnrChmDimAdd	zwapi_cmd_dwg_dimension.h	299		ZW_API_C evxErrors cvxDwgLnrChmDimAdd(const svxDwgLnrChmDimData *dimData, int *idDim);
cvxDwgLnrChmDimAddInit	zwapi_cmd_dwg_dimension.h	271		ZW_API_C evxErrors cvxDwgLnrChmDimAddInit(svxDwgLnrChmDimData *data);
cvxDwgOrdinateDimAdd	zwapi_cmd_dwg_dimension.h	196		ZW_API_C evxErrors cvxDwgOrdinateDimAdd(const svxDwgOrdinateDim *pData, int *idDim);
cvxDwgRadDimAdd	zwapi_cmd_dwg_dimension.h	347		ZW_API_C evxErrors cvxDwgRadDimAdd(const svxRadDimData *radDimData, int *idDim);
cvxDwgRefEntDataGet	zwapi_dwg_geometry.h	209		ZW_API_C evxErrors cvxDwgRefEntDataGet(int idRefEnt, svxRefEntData *data);
cvxDwgRegen	zwapi_dwg_drawing.h	301		ZW_API_C evxErrors cvxDwgRegen(int count, int *idViews, int isRegenUnModifiedView, int isRegenTable, int isPrompt, int isRegenSketch);
cvxDwgRotateView	zwapi_cmd_dwg_layout.h	678		ZW_API_C evxErrors cvxDwgRotateView(const svxDwgRotView *pData);
cvxDwgRotateViewInit	zwapi_cmd_dwg_layout.h	663	SI	Interface cvxDwgRotateViewInit() can initialize variables of this function.
cvxDwgRotateViewinit	zwapi_cmd_dwg_layout.h	652		ZW_API_C evxErrors cvxDwgRotateViewinit(svxDwgRotView *data);
cvxDwgSetRefPart	zwapi_dwg_drawing.h	240		ZW_API_C evxErrors cvxDwgSetRefPart(const char *File, const char *Root, int idxView, svxCompName *oldPart, svxCompName *newPart);
cvxDwgSheetAdd	zwapi_dwg_drawing.h	47		ZW_API_C evxErrors cvxDwgSheetAdd(vxLongName Name, int *idSheet);
cvxDwgSheetDel	zwapi_dwg_drawing.h	68		ZW_API_C evxErrors cvxDwgSheetDel(int count, int *idSheet);
cvxDwgSheetScaleGet	zwapi_dwg_drawing.h	88		ZW_API_C evxErrors cvxDwgSheetScaleGet(int idSheet, double *scale);
cvxDwgSheetScaleSet	zwapi_dwg_drawing.h	107		ZW_API_C evxErrors cvxDwgSheetScaleSet(int idSheet, double scale);
cvxDwgStkBlnAdd	zwapi_cmd_dwg_dimension.h	608		ZW_API_C evxErrors cvxDwgStkBlnAdd(const svxDwgStkBlnData *stkBlnData, int *idDimCount, int **idDimList);
cvxDwgStkBlnAddInit	zwapi_cmd_dwg_dimension.h	581		ZW_API_C evxErrors cvxDwgStkBlnAddInit(svxDwgStkBlnData *data);
cvxDwgStyleManagerWithTextAtGet	zwapi_dwg_drawing.h	340		ZW_API_C evxErrors cvxDwgStyleManagerWithTextAtGet(evxDwgStyleManagerMethod type, void *data);
cvxDwgSymAtGet	zwapi_dwg_symbol.h	139		ZW_API_C evxErrors cvxDwgSymAtGet(int idSym, svxSymAttr *symAttr);
cvxDwgSymAtSet	zwapi_dwg_symbol.h	159		ZW_API_C evxErrors cvxDwgSymAtSet(int idSym, svxSymAttr *symAttr);
cvxDwgSymImgAtGet	zwapi_dwg_symbol.h	177		ZW_API_C evxErrors cvxDwgSymImgAtGet(int idSymImg, svxSymImg *data);
cvxDwgSymImgAtSet	zwapi_dwg_symbol.h	196		ZW_API_C evxErrors cvxDwgSymImgAtSet(int idSymImg, const svxSymImg *data);
cvxDwgSymImgNew	zwapi_cmd_dwg_dimension.h	1002		ZW_API_C evxErrors cvxDwgSymImgNew(svxSymImg *data, int embed, int locked, int *idSymImg);
cvxDwgSymImgNewInit	zwapi_cmd_dwg_dimension.h	1021		ZW_API_C evxErrors cvxDwgSymImgNewInit(svxSymImg *data);
cvxDwgSymInsPointGet	zwapi_dwg_symbol.h	349		ZW_API_C evxErrors cvxDwgSymInsPointGet(int idSym, svxPoint2 *pnt);
cvxDwgSymInsPointSet	zwapi_dwg_symbol.h	373		ZW_API_C evxErrors cvxDwgSymInsPointSet(int idSym, svxPoint2 *pnt);
cvxDwgSymLinkExport	zwapi_dwg_symbol.h	437		ZW_API_C evxErrors cvxDwgSymLinkExport(const int idSymLink, vxPath filePath);
cvxDwgSymLinkExportByLongPath	zwapi_dwg_symbol.h	462		ZW_API_C evxErrors cvxDwgSymLinkExportByLongPath(const int idSymLink, char *filePath, int sizePath);
cvxDwgSymLinkGet	zwapi_dwg_symbol.h	392		ZW_API_C evxErrors cvxDwgSymLinkGet(const int idSymLink, vxPath filePath);
cvxDwgSymLinkGetByLongPath	zwapi_dwg_symbol.h	416		ZW_API_C evxErrors cvxDwgSymLinkGetByLongPath(const int idSymLink, char *filePath, int sizePath);
cvxDwgSymSurfDataGet	zwapi_dwg_symbol.h	220		ZW_API_C evxErrors cvxDwgSymSurfDataGet(int idSymSurf, svxSymSurf *data);
cvxDwgSymSurfDataSet	zwapi_dwg_symbol.h	239		ZW_API_C evxErrors cvxDwgSymSurfDataSet(int idSymSurf, svxSymSurf *data);
cvxDwgSymSurfNew	zwapi_cmd_dwg_dimension.h	970		ZW_API_C evxErrors cvxDwgSymSurfNew(int idEnt, svxPoint2 *refPoint, const svxSymSurf *data, int *idSymSurf);
cvxDwgSymSurfNewInit	zwapi_cmd_dwg_dimension.h	943		ZW_API_C evxErrors cvxDwgSymSurfNewInit(svxSymSurf *data);
cvxDwgSymWeldDataGet	zwapi_dwg_symbol.h	266		ZW_API_C evxErrors cvxDwgSymWeldDataGet(const int idSymWeld, svxSymWeld *data);
cvxDwgSymWeldDataSet	zwapi_dwg_symbol.h	288		ZW_API_C evxErrors cvxDwgSymWeldDataSet(const int idSymWeld, const svxSymWeld *data);
cvxDwgSymWeldNew	zwapi_cmd_dwg_dimension.h	900		ZW_API_C evxErrors cvxDwgSymWeldNew(int idEnt, svxPoint2 *refPoint, const svxSymWeld *data, int *idSymWeld);
cvxDwgSymWeldNewInit	zwapi_cmd_dwg_dimension.h	923		ZW_API_C evxErrors cvxDwgSymWeldNewInit(svxSymWeld *data);
cvxDwgSymmetryDimAdd	zwapi_cmd_dwg_dimension.h	249		ZW_API_C evxErrors cvxDwgSymmetryDimAdd(const svxDwgSymmetryDimData *symmetryDimData, int *idDim);
cvxDwgTableAdjustSize	zwapi_dwg_table.h	160		ZW_API_C evxErrors cvxDwgTableAdjustSize(int idTable);
cvxDwgTableAtGet	zwapi_dwg_table.h	95		ZW_API_C evxErrors cvxDwgTableAtGet(int idTable, svxTableAttr *attr);
cvxDwgTableAtSet	zwapi_dwg_table.h	122		ZW_API_C evxErrors cvxDwgTableAtSet(int idTable, const svxTableAttr *attr, int applyToCells);
cvxDwgTableBom	zwapi_cmd_dwg_layout.h	533		ZW_API_C evxErrors cvxDwgTableBom(const svxDwgBom *pData, int *idTbl);
cvxDwgTableBomInit	zwapi_cmd_dwg_layout.h	483		ZW_API_C evxErrors cvxDwgTableBomInit(svxDwgBom *data);
cvxDwgTableCellAtGet	zwapi_dwg_table.h	468		ZW_API_C evxErrors cvxDwgTableCellAtGet(int idTable, int Row, int Col, svxTextAt *TextAt);
cvxDwgTableCellAtSet	zwapi_dwg_table.h	504		ZW_API_C evxErrors cvxDwgTableCellAtSet(int idTable, int Row, int Col, svxTextAt *TextAt);
cvxDwgTableCellGet	zwapi_dwg_table.h	564		ZW_API_C evxErrors cvxDwgTableCellGet(int idTable, int Row, int Col, char *Value, int nBytes);
cvxDwgTableCellSet	zwapi_dwg_table.h	536		ZW_API_C evxErrors cvxDwgTableCellSet(int idTable, int Row, int Col, char *Value);
cvxDwgTableCellsMerge	zwapi_dwg_table.h	597		ZW_API_C void cvxDwgTableCellsMerge(int idTable, int startRow, int endRow, int startCol, int endCol, int kFirstData);
cvxDwgTableCellsUnMerge	zwapi_dwg_table.h	621		ZW_API_C void cvxDwgTableCellsUnMerge(int idTable, int minRow, int maxRow, int minCol, int maxCol);
cvxDwgTableColDelete	zwapi_dwg_table.h	435		ZW_API_C evxErrors cvxDwgTableColDelete(int idTable, int Col);
cvxDwgTableColInsert	zwapi_dwg_table.h	412		ZW_API_C evxErrors cvxDwgTableColInsert(int idTable, int Col);
cvxDwgTableColWidthGet	zwapi_dwg_table.h	365		ZW_API_C evxErrors cvxDwgTableColWidthGet(int idTable, int Col, double *Width);
cvxDwgTableColWidthSet	zwapi_dwg_table.h	389		ZW_API_C evxErrors cvxDwgTableColWidthSet(int idTable, int Col, double Width);
cvxDwgTableExport	zwapi_dwg_table.h	225		ZW_API_C evxErrors cvxDwgTableExport(int idTable, const vxLongPath path);
cvxDwgTableInsPntGet	zwapi_dwg_table.h	206		ZW_API_C evxErrors cvxDwgTableInsPntGet(int idTable, svxPoint2 *pnt);
cvxDwgTableInsPntSet	zwapi_dwg_table.h	184		ZW_API_C evxErrors cvxDwgTableInsPntSet(int idTable, svxPoint2 *pnt);
cvxDwgTableInsert	zwapi_cmd_dwg_layout.h	552		ZW_API_C evxErrors cvxDwgTableInsert(const svxDwgTblInsert *pData);
cvxDwgTableLinkToExcel	zwapi_dwg_table.h	242		ZW_API_C evxErrors cvxDwgTableLinkToExcel(int idTable, const vxLongPath path);
cvxDwgTableRowDelete	zwapi_dwg_table.h	340		ZW_API_C evxErrors cvxDwgTableRowDelete(int idTable, int Row);
cvxDwgTableRowHeightGet	zwapi_dwg_table.h	270		ZW_API_C evxErrors cvxDwgTableRowHeightGet(int idTable, int row, double *height);
cvxDwgTableRowHeightSet	zwapi_dwg_table.h	294		ZW_API_C evxErrors cvxDwgTableRowHeightSet(int idTable, int Row, double Height);
cvxDwgTableRowInsert	zwapi_dwg_table.h	317		ZW_API_C evxErrors cvxDwgTableRowInsert(int idTable, int Row);
cvxDwgUserSymNew	zwapi_cmd_dwg_dimension.h	1079		ZW_API_C evxErrors cvxDwgUserSymNew(int count, int *idEnt, svxPoint2 *BasePnt, const vxRootName Name, int *idBlock);
cvxDwgUserSymObjGet	zwapi_dwg_symbol.h	327		ZW_API_C evxErrors cvxDwgUserSymObjGet(const int idSymUser, int *nObj, int **idObjs);
cvxDwgUserTableCreate	zwapi_cmd_dwg_layout.h	591		ZW_API_C evxErrors cvxDwgUserTableCreate(const vxName name, int iRow, int iCol, svxPoint2 *pnt, int origin, int *idTable);
cvxDwgUserTableCreateByTemplate	zwapi_cmd_dwg_layout.h	630		ZW_API_C evxErrors cvxDwgUserTableCreateByTemplate(const vxName name, const vxLongPath tplPath, svxPoint2 *pnt, int origin, int *idTable);
cvxDwgViewAlignedSection	zwapi_cmd_dwg_layout.h	301		ZW_API_C evxErrors cvxDwgViewAlignedSection(const svxAlignSecViewData *alignSecViewData, int *idView);
cvxDwgViewAlignedSectionInit	zwapi_cmd_dwg_layout.h	279		ZW_API_C evxErrors cvxDwgViewAlignedSectionInit(svxAlignSecViewData *data);
cvxDwgViewAtGet	zwapi_dwg_view.h	152		ZW_API_C evxErrors cvxDwgViewAtGet(int idView, svxViewAt *viewAttr);
cvxDwgViewAtSet	zwapi_dwg_view.h	179		ZW_API_C evxErrors cvxDwgViewAtSet(int idView, svxViewAt *viewAttr);
cvxDwgViewAuxiliary	zwapi_cmd_dwg_layout.h	204		ZW_API_C evxErrors cvxDwgViewAuxiliary(const svxAuxViewData *auxViewData, int *idView);
cvxDwgViewAuxiliaryInit	zwapi_cmd_dwg_layout.h	176		ZW_API_C evxErrors cvxDwgViewAuxiliaryInit(svxAuxViewData *data);
cvxDwgViewBrkLine	zwapi_cmd_dwg_layout.h	460		ZW_API_C evxErrors cvxDwgViewBrkLine(const svxBrkLineData *brkLineInfo, int *brkLnViewId);
cvxDwgViewBrkLineInit	zwapi_cmd_dwg_layout.h	433		ZW_API_C evxErrors cvxDwgViewBrkLineInit(svxBrkLineData *data);
cvxDwgViewBrokenSection	zwapi_cmd_dwg_layout.h	362		ZW_API_C evxErrors cvxDwgViewBrokenSection(svxDwgBrokenSectionData *data, int *idView);
cvxDwgViewBrokenSectionInit	zwapi_cmd_dwg_layout.h	323		ZW_API_C evxErrors cvxDwgViewBrokenSectionInit(svxDwgBrokenSectionData *data);
cvxDwgViewDetail	zwapi_cmd_dwg_layout.h	411		ZW_API_C evxErrors cvxDwgViewDetail(const svxDwgDetailData *data, int *idView);
cvxDwgViewDetailInit	zwapi_cmd_dwg_layout.h	384		ZW_API_C evxErrors cvxDwgViewDetailInit(svxDwgDetailData *data);
cvxDwgViewDottedBorderGet	zwapi_dwg_view.h	253		ZW_API_C evxErrors cvxDwgViewDottedBorderGet(int idView, svxPoint2 *UpperLeft,
cvxDwgViewEntitiesAssociate	zwapi_dwg_view.h	389		ZW_API_C evxErrors cvxDwgViewEntitiesAssociate(int idView, int count, const int *idEnts);
cvxDwgViewFullSection	zwapi_cmd_dwg_layout.h	257		ZW_API_C evxErrors cvxDwgViewFullSection(const svxFulSecViewData *fulSecViewData, int *idView);
cvxDwgViewFullSectionInit	zwapi_cmd_dwg_layout.h	226		ZW_API_C evxErrors cvxDwgViewFullSectionInit(svxFulSecViewData *data);
cvxDwgViewGeomGetShapeId	zwapi_dwg_geometry.h	325		ZW_API_C evxErrors cvxDwgViewGeomGetShapeId(int geomId, char *fileName, int fileNameBytes, char *partName,
cvxDwgViewGeomInqList	zwapi_dwg_geometry.h	292		ZW_API_C evxErrors cvxDwgViewGeomInqList(int viewId, int option, int *count, int **indices);
cvxDwgViewInqChildView	zwapi_dwg_view.h	346		ZW_API_C evxErrors cvxDwgViewInqChildView(int idView, int *count, int **idViews);
cvxDwgViewInqOrgPnt	zwapi_dwg_view.h	478		ZW_API_C evxErrors cvxDwgViewInqOrgPnt(int idView, svxPoint2 *pnt, int *idEnt);
cvxDwgViewInqParentView	zwapi_dwg_view.h	367		ZW_API_C evxErrors cvxDwgViewInqParentView(int idView, int *parentView);
cvxDwgViewInqPart	zwapi_dwg_view.h	276		ZW_API_C evxErrors cvxDwgViewInqPart(int idView, svxCompName *part);
cvxDwgViewInqPartConfig	zwapi_dwg_view.h	299		ZW_API_C evxErrors cvxDwgViewInqPartConfig(int idView, vxName partCfg);
cvxDwgViewInqPartConfigByLongName	zwapi_dwg_view.h	323		ZW_API_C evxErrors cvxDwgViewInqPartConfigByLongName(int idView, char *partCfg, int size);
cvxDwgViewInqProjection	zwapi_dwg_view.h	413		ZW_API_C evxErrors cvxDwgViewInqProjection(int idView, evxViewProjAngle *projection);
cvxDwgViewInqRefEnts	zwapi_dwg_geometry.h	378		ZW_API_C evxErrors cvxDwgViewInqRefEnts(int viewId, int *count, int **idRefEnts);
cvxDwgViewLayout	zwapi_cmd_dwg_layout.h	70		ZW_API_C evxErrors cvxDwgViewLayout(svxViewLayoutData *data);
cvxDwgViewLayoutInit	zwapi_cmd_dwg_layout.h	44		ZW_API_C evxErrors cvxDwgViewLayoutInit(svxViewLayoutData *data);
cvxDwgViewLocationGet	zwapi_dwg_view.h	435		ZW_API_C evxErrors cvxDwgViewLocationGet(int idView, svxPoint2 *point);
cvxDwgViewLockGet	zwapi_dwg_view.h	228		ZW_API_C evxErrors cvxDwgViewLockGet(int idView, int *isLock);
cvxDwgViewLockSet	zwapi_dwg_view.h	204		ZW_API_C evxErrors cvxDwgViewLockSet(int idView, int lock);
cvxDwgViewPnt2DTo3D	zwapi_dwg_geometry.h	499		ZW_API_C evxErrors cvxDwgViewPnt2DTo3D(int pnt2DId, svxPoint *pnt3D);
cvxDwgViewPnt3DTo2D	zwapi_dwg_geometry.h	523		ZW_API_C evxErrors cvxDwgViewPnt3DTo2D(int viewId, svxPoint pnt3D, svxPoint2 *pnt2D);
cvxDwgViewProjection	zwapi_cmd_dwg_layout.h	154		ZW_API_C evxErrors cvxDwgViewProjection(int idBaseView, svxPoint2 *location, int Projection, int DimType, svxViewAt *ViewAttr, int *idProjView);
cvxDwgViewRefBlankGet	zwapi_dwg_geometry.h	400		ZW_API_C evxErrors cvxDwgViewRefBlankGet(int idRefEnt, int *blank);
cvxDwgViewRefBlankSet	zwapi_dwg_geometry.h	422		ZW_API_C evxErrors cvxDwgViewRefBlankSet(int idRefEnt, int blank);
cvxDwgViewRefCompVisSet	zwapi_dwg_geometry.h	352		ZW_API_C evxErrors cvxDwgViewRefCompVisSet(int idView, const vxLongPath fileName, const vxRootName partName, int show);
cvxDwgViewRefEntAtGet	zwapi_dwg_geometry.h	448		ZW_API_C evxErrors cvxDwgViewRefEntAtGet(int idRefEnt, int *clrValid, int *typeValid, int *widthValid, svxLineAt *entAt);
cvxDwgViewRefEntAtSet	zwapi_dwg_geometry.h	474		ZW_API_C evxErrors cvxDwgViewRefEntAtSet(int idRefEnt, int clrValid, int typeValid, int widthValid, const svxLineAt *entAt);
cvxDwgViewRotate	zwapi_cmd_dwg_layout.h	698		ZW_API_C evxErrors cvxDwgViewRotate(int idView, double angle);
cvxDwgViewStandard	zwapi_cmd_dwg_layout.h	120		ZW_API_C evxErrors cvxDwgViewStandard(const svxViewStandardData *data, int *idView);
cvxDwgViewStandardInit	zwapi_cmd_dwg_layout.h	89		ZW_API_C evxErrors cvxDwgViewStandardInit(svxViewStandardData *data);
cvxEchoColorAtGet	zwapi_cmd_paramdefine_tpl.h	390		ZW_API_C void cvxEchoColorAtGet(svxWireAt *at);
cvxEchoColorAtSet	zwapi_cmd_paramdefine_tpl.h	377		ZW_API_C void cvxEchoColorAtSet(svxWireAt *at);
cvxEchoColorGet	zwapi_cmd_paramdefine_tpl.h	352		ZW_API_C void cvxEchoColorGet(evxColor *Color);
cvxEchoColorSet	zwapi_cmd_paramdefine_tpl.h	364		ZW_API_C void cvxEchoColorSet(evxColor Color);
cvxEchoCustomEnd	zwapi_cmd_paramdefine_tpl.h	446		ZW_API_C void cvxEchoCustomEnd();
cvxEchoCustomStart	zwapi_cmd_paramdefine_tpl.h	435		ZW_API_C void cvxEchoCustomStart();
cvxEchoDraw	zwapi_cmd_paramdefine_tpl.h	454		ZW_API_C void cvxEchoDraw();
cvxEchoEnd	zwapi_cmd_paramdefine_tpl.h	481		ZW_API_C void cvxEchoEnd();
cvxEchoEscDisable	zwapi_cmd_paramdefine_tpl.h	506		ZW_API_C void cvxEchoEscDisable();
cvxEchoEscRestore	zwapi_cmd_paramdefine_tpl.h	515		ZW_API_C void cvxEchoEscRestore();
cvxEchoStart	zwapi_cmd_paramdefine_tpl.h	468		ZW_API_C void cvxEchoStart();
cvxEdgeDiscreteDataFree	zwapi_part_dim.h	275		ZW_API_C evxErrors cvxEdgeDiscreteDataFree(svxEdgeDiscreteData *data);
cvxEntActivate	zwapi_general_ent.h	1797		ZW_API_C int cvxEntActivate(svxEntPath *NewPath, int UpdateGUI, int *idEntity, svxEntPath *OldPath);
cvxEntAddPick	zwapi_general_ent.h	497		ZW_API_C evxErrors cvxEntAddPick(int idx_ent);
cvxEntBlank	zwapi_general_ent.h	223		ZW_API_C evxErrors cvxEntBlank(int Show, int Count, int *idEnts);
cvxEntBndBox	zwapi_general_ent.h	1218		ZW_API_C evxErrors cvxEntBndBox(int idEntity, svxBndBox *Box);
cvxEntBndBoxByPath	zwapi_general_ent.h	1254		ZW_API_C evxErrors cvxEntBndBoxByPath(svxEntPath *path, int fTartCord, svxBndBox *bndBox);
cvxEntByLabel	zwapi_general_ent.h	1307		ZW_API_C evxErrors cvxEntByLabel(int *Label, int Exact, int *idEntity);
cvxEntByName	zwapi_general_ent.h	1352		ZW_API_C evxErrors cvxEntByName(const char *Name, int *idEntity);
cvxEntByName2	zwapi_general_ent.h	1377		ZW_API_C evxErrors cvxEntByName2(const vxLongPath File, const vxRootName Root, const vxName Name, int *idEntity);
cvxEntByUid	zwapi_general_ent.h	1420		ZW_API_C evxErrors cvxEntByUid(const svxUid *Uid, int *idEntity);
cvxEntClassName	zwapi_general_ent.h	1493	SI	ZW_API_C void cvxEntClassName(int ClassNumber, char *ClassName);
cvxEntClassNum	zwapi_general_ent.h	1513		ZW_API_C int cvxEntClassNum(int idEntity);
cvxEntClassNumByPath	zwapi_general_ent.h	1533		ZW_API_C int cvxEntClassNumByPath(svxEntPath *entPath);
cvxEntColorGet	zwapi_general_ent.h	627		ZW_API_C evxErrors cvxEntColorGet(int idEntity, evxColor *Color);
cvxEntColorSet	zwapi_general_ent.h	654		ZW_API_C evxErrors cvxEntColorSet(evxColor Color, int Count, int *idEnts);
cvxEntComp	zwapi_general_ent.h	1734		ZW_API_C evxErrors cvxEntComp(int idEntity, int *idComp, char *File, int nFileBytes, char *Parent, int nParentBytes);
cvxEntEndPnt	zwapi_general_ent.h	1627		ZW_API_C evxErrors cvxEntEndPnt(int idEntity, svxPoint *Start, svxPoint *End);
cvxEntErase	zwapi_general_ent.h	1761		ZW_API_C evxErrors cvxEntErase(svxEntPath *Ent);
cvxEntExists	zwapi_general_ent.h	351		ZW_API_C int cvxEntExists(int idEntity, evxEntType EntType);
cvxEntFind	zwapi_general_ent.h	1449		ZW_API_C evxErrors cvxEntFind(evxEntFind EntType, svxPoint *RefPnt, int *idEntity, svxPoint *Pnt, double *Dist);
cvxEntFind2	zwapi_general_ent.h	1469		ZW_API_C evxErrors cvxEntFind2(svxEntFind *Data);
cvxEntGetAngle	zwapi_math.h	250		ZW_API_C evxErrors cvxEntGetAngle(int ent1, int ent2, double *angle);
cvxEntGetDistance	zwapi_math.h	197		ZW_API_C evxErrors cvxEntGetDistance(int ent1, int ent2, svxPoint *p1, svxPoint *p2, double *dist);
cvxEntGetDistanceByPath	zwapi_math.h	222		ZW_API_C evxErrors cvxEntGetDistanceByPath(svxEntPath *EntPath1, svxEntPath *EntPath2, svxPoint *Point1, svxPoint *Point2, double *MinDistance);
cvxEntHighlight	zwapi_general_ent.h	260		ZW_API_C void cvxEntHighlight(int idEntity);
cvxEntHighlightByPath	zwapi_general_ent.h	295		ZW_API_C void cvxEntHighlightByPath(const svxEntPath *entityPath);
cvxEntInqPathPicked	zwapi_general_ent.h	438		ZW_API_C evxErrors cvxEntInqPathPicked(int *Count, svxEntPath **Paths);
cvxEntInqPathSelected	zwapi_general_ent.h	415		ZW_API_C evxErrors cvxEntInqPathSelected(int *Count, svxEntPath **Paths);
cvxEntInqPicked	zwapi_general_ent.h	394		ZW_API_C evxErrors cvxEntInqPicked(int *Count, int **Ents);
cvxEntInqSelected	zwapi_general_ent.h	372		ZW_API_C evxErrors cvxEntInqSelected(int *Count, int **Ents);
cvxEntIsBlanked	zwapi_general_ent.h	242		ZW_API_C int cvxEntIsBlanked(int idEntity);
cvxEntIsCurve	zwapi_general_ent.h	1552		ZW_API_C int cvxEntIsCurve(int idEntity);
cvxEntIsElectrode	zwapi_general_ent.h	1570		ZW_API_C int cvxEntIsElectrode(int idEntity);
cvxEntLabelGet	zwapi_general_ent.h	964		ZW_API_C evxErrors cvxEntLabelGet(int idEntity, int **Label);
cvxEntLabelSet	zwapi_general_ent.h	987		ZW_API_C evxErrors cvxEntLabelSet(int idEntity, int *Label);
cvxEntLayer	zwapi_general_ent.h	1084		ZW_API_C evxErrors cvxEntLayer(int idEntity, vxName Layer);
cvxEntLayerId	zwapi_general_ent.h	1106		ZW_API_C evxErrors cvxEntLayerId(int idEntity, int *LayerId);
cvxEntLineAtGet	zwapi_general_ent.h	800		ZW_API_C evxErrors cvxEntLineAtGet(int idLine, svxLineAt *At);
cvxEntLineAtSet	zwapi_general_ent.h	826		ZW_API_C evxErrors cvxEntLineAtSet(svxLineAt *At, int Count, int *idEnts);
cvxEntMatrix	zwapi_general_ent.h	1128		ZW_API_C evxErrors cvxEntMatrix(int idEntity, svxMatrix *Matrix);
cvxEntMatrix2	zwapi_general_ent.h	1152		ZW_API_C evxErrors cvxEntMatrix2(svxEntPath Entity, svxMatrix *Matrix);
cvxEntMatrixSet	zwapi_general_ent.h	1174		ZW_API_C evxErrors cvxEntMatrixSet(int idEntity, svxMatrix *Matrix);
cvxEntName	zwapi_general_ent.h	1011		ZW_API_C evxErrors cvxEntName(int idEntity, char *Name, int nBytes);
cvxEntNameByPath	zwapi_general_ent.h	1399		ZW_API_C evxErrors cvxEntNameByPath(const svxEntPath *Path, vxLongName Name);
cvxEntNameSet	zwapi_general_ent.h	1039		ZW_API_C evxErrors cvxEntNameSet(int idEntity, const char *Name);
cvxEntNew	zwapi_general_ent.h	79		ZW_API_C int cvxEntNew(int StartOp, evxEntType Type);
cvxEntNewAll	zwapi_general_ent.h	156		ZW_API_C evxErrors cvxEntNewAll(int startOp, evxEntType type, int *count, int **idEnts);
cvxEntNewList	zwapi_general_ent.h	116		ZW_API_C void cvxEntNewList(int StartOp, evxEntType Type, int *Count, int **idEnts);
cvxEntParent	zwapi_general_ent.h	1671		ZW_API_C evxErrors cvxEntParent(int idEntity, int *idFeature);
cvxEntPathAddPick	zwapi_general_ent.h	517		ZW_API_C evxErrors cvxEntPathAddPick(svxEntPath *entPath);
cvxEntPathAppendEnt	zwapi_tool_entpath.h	77		ZW_API_C evxErrors cvxEntPathAppendEnt(svxEntPath *entPath, int idEntity);
cvxEntPathAppendPath	zwapi_tool_entpath.h	94		ZW_API_C evxErrors cvxEntPathAppendPath(svxEntPath *dstPath, const svxEntPath *srcPath);
cvxEntPathCmp	zwapi_tool_entpath.h	141		ZW_API_C int cvxEntPathCmp(const svxEntPath *EntPath1, const svxEntPath *EntPath2);
cvxEntPathGetParentComp	zwapi_tool_entpath.h	159		ZW_API_C int cvxEntPathGetParentComp(const svxEntPath *entPath, svxEntPath *parentComp);
cvxEntPathInit	zwapi_tool_entpath.h	45		ZW_API_C evxErrors cvxEntPathInit(int idEntity, int idParent, svxEntPath *entPath);
cvxEntPathInqActive	zwapi_tool_entpath.h	60		ZW_API_C evxErrors cvxEntPathInqActive(svxEntPath *entPath);
cvxEntPathToRoot	zwapi_tool_entpath.h	123		ZW_API_C evxErrors cvxEntPathToRoot(svxEntPath *EntPath);
cvxEntPnt	zwapi_general_ent.h	1605		ZW_API_C evxErrors cvxEntPnt(int idEntity, svxPoint *Pnt);
cvxEntRefEnt	zwapi_general_ent.h	1697		ZW_API_C evxErrors cvxEntRefEnt(int idRefEnt, int *idEnt);
cvxEntRgbGet	zwapi_general_ent.h	678		ZW_API_C evxErrors cvxEntRgbGet(int idEntity, svxColor *Color);
cvxEntRgbSet	zwapi_general_ent.h	708		ZW_API_C evxErrors cvxEntRgbSet(svxColor Color, int Count, int *idEnts);
cvxEntRgbSetNoAt	zwapi_general_ent.h	729		ZW_API_C evxErrors cvxEntRgbSetNoAt(svxColor Color, int Count, int *idEnts);
cvxEntSetNameTag	zwapi_general_ent.h	1062		ZW_API_C evxErrors cvxEntSetNameTag(int idx_ent, char *name);
cvxEntSketch	zwapi_general_ent.h	1648		ZW_API_C void cvxEntSketch(int idEntity, int *idSketch);
cvxEntTextAtGet	zwapi_text.h	117		ZW_API_C evxErrors cvxEntTextAtGet(int idText, svxTextAt *At);
cvxEntTextAtSet	zwapi_text.h	136		ZW_API_C evxErrors cvxEntTextAtSet(int idText, svxTextAt *At);
cvxEntTextInq	zwapi_text.h	78		ZW_API_C evxErrors cvxEntTextInq(int idText, char **Text);
cvxEntTextLocGet	zwapi_text.h	154		ZW_API_C evxErrors cvxEntTextLocGet(int idText, svxTextLoc *loc);
cvxEntTextMod	zwapi_text.h	98		ZW_API_C evxErrors cvxEntTextMod(int idText, char *Text);
cvxEntTextNew	zwapi_cmd_sk_cmds.h	365		ZW_API_C evxErrors cvxEntTextNew(char *String, int Type, svxPoint2 Pnt[2], int *idEnt);
cvxEntTransGet	zwapi_general_ent.h	778		ZW_API_C evxErrors cvxEntTransGet(int idEnts, int *iTrans);
cvxEntTransSet	zwapi_general_ent.h	756		ZW_API_C evxErrors cvxEntTransSet(int iTrans, int Count, int *idEnts);
cvxEntUidGet	zwapi_general_ent.h	861		ZW_API_C evxErrors cvxEntUidGet(int idEntity, svxUid *Uid);
cvxEntUidSet	zwapi_general_ent.h	889		ZW_API_C evxErrors cvxEntUidSet(int idEntity, const svxUid *Uid);
cvxEntUnHighlight	zwapi_general_ent.h	277	SI	ZW_API_C void cvxEntUnHighlight(int idEntity);
cvxEntUnHighlightByPath	zwapi_general_ent.h	313		ZW_API_C void cvxEntUnHighlightByPath(const svxEntPath *entityPath);
cvxEntUnPickAll	zwapi_general_ent.h	449	SI	ZW_API_C void cvxEntUnPickAll();
cvxEntUnPickByPath	zwapi_general_ent.h	478		ZW_API_C evxErrors cvxEntUnPickByPath(const svxEntPath *path);
cvxEntUnPickLast	zwapi_general_ent.h	460	SI	ZW_API_C void cvxEntUnPickLast();
cvxEntUnhighlightAll	zwapi_general_ent.h	328	SI	ZW_API_C void cvxEntUnhighlightAll(void);
cvxEntUserAtDel	zwapi_general_ent.h	604		ZW_API_C evxErrors cvxEntUserAtDel(int idEnt, int count, svxAttribute *At);
cvxEntUserAtGet	zwapi_general_ent.h	555		ZW_API_C evxErrors cvxEntUserAtGet(int idEnt, int *count, svxAttribute **At);
cvxEntUserAtSet	zwapi_general_ent.h	578		ZW_API_C evxErrors cvxEntUserAtSet(int idEnt, int count, svxAttribute *At);
cvxEqGetDescById	zwapi_var.h	123		ZW_API_C evxErrors cvxEqGetDescById(int idEqn, char *desc, int size);
cvxEqGetExpByName	zwapi_var.h	103		ZW_API_C evxErrors cvxEqGetExpByName(char *name, char *exp, int size);
cvxEqLoadFile	zwapi_var.h	247		ZW_API_C evxErrors cvxEqLoadFile(const vxLongPath fullpath, evxEqnSetOpt option);
cvxEqRegen	zwapi_var.h	264		ZW_API_C evxErrors cvxEqRegen(int idEqn);
cvxEqSetDescById	zwapi_var.h	142		ZW_API_C evxErrors cvxEqSetDescById(int idEqn, char *desc);
cvxErrDisable	zwapi_message.h	48		ZW_API_C void cvxErrDisable(void);
cvxErrEnable	zwapi_message.h	56		ZW_API_C void cvxErrEnable(void);
cvxErrMsgGet	zwapi_message.h	397		ZW_API_C const char *cvxErrMsgGet(evxErrors error);
cvxEscCheck	zwapi_global_apply.h	479		ZW_API_C int cvxEscCheck(void);
cvxEscDisable	zwapi_global_apply.h	491		ZW_API_C void cvxEscDisable(int *EscapeState);
cvxEscEnd	zwapi_global_apply.h	536		ZW_API_C void cvxEscEnd(void);
cvxEscRestore	zwapi_global_apply.h	502		ZW_API_C void cvxEscRestore(int EscapeState);
cvxEscStart	zwapi_global_apply.h	526		ZW_API_C void cvxEscStart(void);
cvxFaceEval	zwapi_brep_face.h	768		ZW_API_C evxErrors cvxFaceEval(int idFace, double U, double V, svxPoint *Point, svxVector *Normal);
cvxFaceEval2	zwapi_brep_face.h	805		ZW_API_C evxErrors cvxFaceEval2(int idFace, double U, double V, svxPoint *Point, svxVector *Normal, svxVector *Utan, svxVector *Vtan);
cvxFaceEvalGeom	zwapi_brep_face.h	939		ZW_API_C evxErrors cvxFaceEvalGeom(int idFace, double U, double V, int Level, svxEvalSurf *EvalSrf);
cvxFaceGetArea	zwapi_brep_face.h	158		ZW_API_C evxErrors cvxFaceGetArea(const int faceId, const double tolerance, double *area);
cvxFaceGetMaxCurvature	zwapi_brep_face.h	185		ZW_API_C evxErrors cvxFaceGetMaxCurvature(const int faceId, const svxPoint2 uvPoint,
cvxFaceInqBend	zwapi_brep_face.h	664		ZW_API_C evxErrors cvxFaceInqBend(int idFace, int *bendFlag, double *bendRad, double *neutralRad,
cvxFaceInqExtreme	zwapi_brep_face.h	730		ZW_API_C evxErrors cvxFaceInqExtreme(int idFace, const svxVector *Dir, int *Count, int **idEnts, svxPoint *Point);
cvxFaceIsConcave	zwapi_brep_face.h	683		ZW_API_C int cvxFaceIsConcave(int idFace);
cvxFaceIsPlanar	zwapi_brep_face.h	702		ZW_API_C int cvxFaceIsPlanar(int idFace);
cvxFaceParam	zwapi_brep_face.h	828		ZW_API_C evxErrors cvxFaceParam(int idFace, svxLimit *U, svxLimit *V);
cvxFacePntLoc	zwapi_brep_face.h	850		ZW_API_C evxErrors cvxFacePntLoc(int idFace, double U, double V, evxPntLocation *Loc);
cvxFacePntProj	zwapi_brep_face.h	873		ZW_API_C evxErrors cvxFacePntProj(int idFace, svxPoint *Point, double *U, double *V);
cvxFaceRadialIntegrity	zwapi_brep_face.h	896		ZW_API_C evxErrors cvxFaceRadialIntegrity(int idFace, double *URatio, double *VRatio);
cvxFaceRadius	zwapi_brep_face.h	638		ZW_API_C evxErrors cvxFaceRadius(int idFace, double *Radius);
cvxFaceReverse	zwapi_cmd_freeform.h	492		ZW_API_C evxErrors cvxFaceReverse(int numFaces, int *idFaces);
cvxFaceReverseDir	zwapi_cmd_freeform.h	518		ZW_API_C evxErrors cvxFaceReverseDir(int numFaces, int *idFaces);
cvxFacetsFree	zwapi_part_facets.h	735		ZW_API_C void cvxFacetsFree(svxFacets *Facets);
cvxFieldCaretSet	zwapi_ui_form.h	791		ZW_API_C void cvxFieldCaretSet(char *Form, int idField, int Position);
cvxFieldClear	zwapi_ui_form.h	672		ZW_API_C void cvxFieldClear(char *Form, int idField);
cvxFieldDisable	zwapi_ui_form.h	690		ZW_API_C void cvxFieldDisable(char *Form, int idField);
cvxFieldEnable	zwapi_ui_form.h	708		ZW_API_C void cvxFieldEnable(char *Form, int idField);
cvxFieldEnableGet	zwapi_ui_form.h	728		ZW_API_C int cvxFieldEnableGet(char *Form, int idField);
cvxFieldFocusSet	zwapi_ui_form.h	631		ZW_API_C void cvxFieldFocusSet(char *Form, int idField);
cvxFieldImageSet	zwapi_ui_form.h	773		ZW_API_C void cvxFieldImageSet(char *Form, int idField, char *Image);
cvxFieldInitFont	zwapi_ui_form.h	898		ZW_API_C evxErrors cvxFieldInitFont(const char *Form, int idField, const char *Name, int hasZwFont);
cvxFieldNumItems	zwapi_ui_form.h	653		ZW_API_C void cvxFieldNumItems(char *Form, int idField, int *NumItems);
cvxFieldTipSet	zwapi_ui_form.h	810		ZW_API_C evxErrors cvxFieldTipSet(const char *sForm, int idField, const char *tip);
cvxFieldXXX	zwapi_cmd_paramdefine_tpl.h	295		some cvxFieldXXX() and cvxItemXXX() functions.
cvxFileAction	zwapi_file.h	933		ZW_API_C evxErrors cvxFileAction(evxDocAction type, svxDocActionParam *param);
cvxFileActivate	zwapi_file.h	964		ZW_API_C evxErrors cvxFileActivate(const vxLongPath Name);
cvxFileClose	zwapi_file.h	441		ZW_API_C void cvxFileClose(void);
cvxFileClose2	zwapi_file.h	468		ZW_API_C void cvxFileClose2(const vxLongPath Name, int Option);
cvxFileCustomDataDel	zwapi_file.h	1563		ZW_API_C evxErrors cvxFileCustomDataDel(const vxLongPath file);
cvxFileCustomDataGet	zwapi_file.h	1548		ZW_API_C evxErrors cvxFileCustomDataGet(const vxLongPath file, char **data, int *dataLength);
cvxFileCustomDataSet	zwapi_file.h	1527		ZW_API_C evxErrors cvxFileCustomDataSet(const vxLongPath file, const char *data, int dataLength);
cvxFileDescriptionGet	zwapi_file.h	1508		ZW_API_C evxErrors cvxFileDescriptionGet(const vxLongPath Name, vxLongName Description);
cvxFileDescriptionSet	zwapi_file.h	1489		ZW_API_C void cvxFileDescriptionSet(const vxLongPath Name, const char *Description);
cvxFileDirectory	zwapi_file.h	979		ZW_API_C void cvxFileDirectory(vxPath Dir);
cvxFileDirectoryByLongPath	zwapi_file.h	999		ZW_API_C void cvxFileDirectoryByLongPath(char *Directory, int sizeDire);
cvxFileExport	zwapi_file.h	745		ZW_API_C evxErrors cvxFileExport(evxExportType Type, const vxLongPath Path, void *Data);
cvxFileExportInit	zwapi_file.h	709		ZW_API_C evxErrors cvxFileExportInit(evxExportType type, int imgType, void *data);
cvxFileExportMulti	zwapi_file.h	792		ZW_API_C evxErrors cvxFileExportMulti(int Count, const vxPath *FileList, evxFileType Filter, evxExportType Type, const vxPath Path, void *Data);
cvxFileExportMultiByLongPath	zwapi_file.h	835		ZW_API_C evxErrors cvxFileExportMultiByLongPath(int Count, const vxLongPath *FileList, evxFileType Filter, evxExportType Type, const vxLongPath Path, void *Data);
cvxFileImport	zwapi_file.h	591		ZW_API_C evxErrors cvxFileImport(svxImportData *importData);
cvxFileImportInit	zwapi_file.h	561		ZW_API_C evxErrors cvxFileImportInit(svxImportData *data, evxImportType type, void *general);
cvxFileImportMulti	zwapi_file.h	629		ZW_API_C evxErrors cvxFileImportMulti(int Count, const vxPath *PathList, int IncSubFolder, const vxPath SavePath, evxImportType Type, const void *Setting);
cvxFileImportMultiByLongPath	zwapi_file.h	666		ZW_API_C evxErrors cvxFileImportMultiByLongPath(int Count, const vxLongPath *PathList, int IncSubFolder, const vxLongPath SavePath, evxImportType Type, const void *Setting);
cvxFileImportStl	zwapi_file.h	685		ZW_API_C evxErrors cvxFileImportStl(const char *path, int *idOut);
cvxFileInqActive	zwapi_file.h	1016		ZW_API_C void cvxFileInqActive(char *Name, int nBytes);
cvxFileInqAsm	zwapi_file.h	1339		ZW_API_C evxErrors cvxFileInqAsm(char *Name, int nBytes);
cvxFileInqAssemMode	zwapi_file.h	1351		ZW_API_C char cvxFileInqAssemMode(void);
cvxFileInqAssociatedList	zwapi_file.h	1232		ZW_API_C evxErrors cvxFileInqAssociatedList(int *count, vxPath **fileList);
cvxFileInqAssociatedListByLongName	zwapi_file.h	1302		ZW_API_C evxErrors cvxFileInqAssociatedListByLongName(const char *fileName, int nDepth, int *count, vxLongPath **fileList);
cvxFileInqAssociatedListByLongPath	zwapi_file.h	1252		ZW_API_C evxErrors cvxFileInqAssociatedListByLongPath(int *count, vxLongPath **fileList);
cvxFileInqAssociatedListByName	zwapi_file.h	1277		ZW_API_C evxErrors cvxFileInqAssociatedListByName(const char *fileName, int nDepth, int *count, vxPath **fileList);
cvxFileInqOpen	zwapi_file.h	1083		ZW_API_C void cvxFileInqOpen(char *Name, int nBytes);
cvxFileInqSubType	zwapi_file.h	1067		ZW_API_C evxErrors cvxFileInqSubType(const vxLongPath fileName, evxFileSubtype *fileSubtype);
cvxFileIsModified	zwapi_file.h	1212		ZW_API_C evxErrors cvxFileIsModified(const vxLongPath Name, int *Modified);
cvxFileIsUDF	zwapi_file.h	1416		ZW_API_C evxErrors cvxFileIsUDF(const vxLongPath path, const vxLongPath file, int *isUDF);
cvxFileKeep	zwapi_file.h	183		ZW_API_C int cvxFileKeep(int fKeepOpen);
cvxFileLoadList	zwapi_file.h	1143		ZW_API_C evxErrors cvxFileLoadList(const int state, int *count, vxPath **fileList);
cvxFileLoadListByLongPath	zwapi_file.h	1167		ZW_API_C evxErrors cvxFileLoadListByLongPath(int state, int *count, vxLongPath **fileList);
cvxFileNameCheck	zwapi_file.h	48		ZW_API_C int cvxFileNameCheck(char *fileName, int nBytes);
cvxFileNameLenIsOverrange	zwapi_file_path.h	705		ZW_API_C evxErrors cvxFileNameLenIsOverrange(const char *file_name);
cvxFileNew	zwapi_file.h	93		ZW_API_C evxErrors cvxFileNew(const vxLongPath Name);
cvxFileNew2	zwapi_file.h	115		ZW_API_C evxErrors cvxFileNew2(const vxLongPath Name, char *Description);
cvxFileNewSingle	zwapi_file.h	143		ZW_API_C evxErrors cvxFileNewSingle(const vxLongPath fileName, evxFileType fileType, evxFileSubtype fileSubtype, const char *templateName, char *fileDescription);
cvxFileOpen	zwapi_file.h	206		ZW_API_C evxErrors cvxFileOpen(const vxLongPath Name);
cvxFileOpenList	zwapi_file.h	1101		ZW_API_C void cvxFileOpenList(int *count, vxPath **fileList);
cvxFileOpenListByLongPath	zwapi_file.h	1119		ZW_API_C void cvxFileOpenListByLongPath(int *count, vxLongPath **fileList);
cvxFilePathLenIsOverrange	zwapi_file_path.h	721		ZW_API_C evxErrors cvxFilePathLenIsOverrange(const char *file_path);
cvxFilePreviewExtract	zwapi_file.h	1319		ZW_API_C evxErrors cvxFilePreviewExtract(const vxLongPath SrcFile, const vxLongPath BmpFile);
cvxFilePrint	zwapi_file.h	1394		ZW_API_C evxErrors cvxFilePrint(const svxFilePrintData *data);
cvxFilePrintInit	zwapi_file.h	1373		ZW_API_C evxErrors cvxFilePrintInit(svxFilePrintData *data);
cvxFileReOpen	zwapi_file.h	236		ZW_API_C evxErrors cvxFileReOpen(const vxLongPath Name);
cvxFileReplace	zwapi_file.h	261		ZW_API_C evxErrors cvxFileReplace(const vxLongPath filePath, const vxLongPath newData, int fDel);
cvxFileSave	zwapi_file.h	278		ZW_API_C evxErrors cvxFileSave(int Close);
cvxFileSave2	zwapi_file.h	293		ZW_API_C evxErrors cvxFileSave2(int Close);
cvxFileSave3	zwapi_file.h	314		ZW_API_C evxErrors cvxFileSave3(int Close, int DisPrompt, int Related);
cvxFileSaveAll	zwapi_file.h	326		ZW_API_C evxErrors cvxFileSaveAll(void);
cvxFileSaveAs	zwapi_file.h	345		ZW_API_C evxErrors cvxFileSaveAs(const vxLongPath Path);
cvxFileSessionClear	zwapi_file.h	501		ZW_API_C evxErrors cvxFileSessionClear(const vxLongPath file);
cvxFileTypeGet	zwapi_file.h	1030		ZW_API_C void cvxFileTypeGet(int *MultiObject);
cvxFileTypeSet	zwapi_file.h	1044		ZW_API_C void cvxFileTypeSet(int MultiObject);
cvxFileVersionGet	zwapi_file.h	1192		ZW_API_C evxErrors cvxFileVersionGet(const vxLongPath file, int *version);
cvxFilesSaveTo	zwapi_file.h	369		ZW_API_C evxErrors cvxFilesSaveTo(int Count, const vxPath *FileList, const vxPath Path);
cvxFilesSaveToByLongPath	zwapi_file.h	393		ZW_API_C evxErrors cvxFilesSaveToByLongPath(int Count, const vxLongPath *FileList, const vxLongPath Path);
cvxFilterActiveGet	zwapi_global_apply.h	627		ZW_API_C evxErrors cvxFilterActiveGet(vxName Filter);
cvxFilterItemApply	zwapi_ui_form.h	749		ZW_API_C void cvxFilterItemApply(const char *filterItem);
cvxFilterListGet	zwapi_global_apply.h	598		ZW_API_C void cvxFilterListGet(int *count, vxName *filterList);
cvxFldDataFree	zwapi_cmd_paramdefine_param.h	896		ZW_API_C void cvxFldDataFree(int Count, svxFldData **fldData);
cvxFontMap	zwapi_global_apply.h	231		ZW_API_C void cvxFontMap(const char *zw3dFont, vxLongName mapFont);
cvxFormActiveField	zwapi_ui_form.h	445		ZW_API_C void cvxFormActiveField(int *idField);
cvxFormAddTo	zwapi_ui_form.h	226		ZW_API_C void cvxFormAddTo(const char *Form, evxFormAddTo addTo);
cvxFormAdjustSize	zwapi_ui_form.h	209		ZW_API_C evxErrors cvxFormAdjustSize(const char *Form);
cvxFormCallback	zwapi_ui_form.h	414		ZW_API_C void cvxFormCallback(vxName Name, void *Function);
cvxFormCreate	zwapi_ui_form.h	43		ZW_API_C evxErrors cvxFormCreate(char *Form, int Display);
cvxFormDataGet	zwapi_ui_form.h	326		ZW_API_C evxErrors cvxFormDataGet(char *Form, char **Data);
cvxFormDataSet	zwapi_ui_form.h	345		ZW_API_C evxErrors cvxFormDataSet(char *Form, char *Data);
cvxFormFieldGetCallback	zwapi_ui_form.h	431		ZW_API_C evxErrors cvxFormFieldGetCallback(const char *form, int iField, void **callback);
cvxFormFieldVisSet	zwapi_ui_form.h	502		ZW_API_C evxErrors cvxFormFieldVisSet(const char *form, int field, int state);
cvxFormFunc	zwapi_ui_form.h	385		ZW_API_C void cvxFormFunc(vxName Name, void *Function, double Code);
cvxFormGetSize	zwapi_ui_form.h	175		ZW_API_C evxErrors cvxFormGetSize(const char *Form, int *Width, int *Height);
cvxFormHide	zwapi_ui_form.h	72		ZW_API_C void cvxFormHide(char *Form);
cvxFormInqFld	zwapi_ui_form.h	528		ZW_API_C evxErrors cvxFormInqFld(vxName Name, int *Count, svxTplFld **Fields);
cvxFormInsertTo	zwapi_ui_form.h	244		ZW_API_C evxErrors cvxFormInsertTo(const svxFormInfo *FormInfo, int Index, evxFormAddTo AddTo);
cvxFormKill	zwapi_ui_form.h	88		ZW_API_C void cvxFormKill(char *Form);
cvxFormLogKill	zwapi_ui_form.h	102		ZW_API_C void cvxFormLogKill(char *Form);
cvxFormRefresh	zwapi_ui_form.h	117		ZW_API_C void cvxFormRefresh(char *Form);
cvxFormRemoveFrom	zwapi_ui_form.h	257		ZW_API_C void cvxFormRemoveFrom(const char *Form, evxFormAddTo removeFrom);
cvxFormResize	zwapi_ui_form.h	193		ZW_API_C evxErrors cvxFormResize(char *Form, int Width, int Height);
cvxFormShow	zwapi_ui_form.h	58		ZW_API_C void cvxFormShow(char *Form);
cvxFormState	zwapi_ui_form.h	461		ZW_API_C int cvxFormState(char *Form);
cvxFormTitleGet	zwapi_ui_form.h	279		ZW_API_C void cvxFormTitleGet(char *Form, int NumBytes, char *Title);
cvxFormTitleSet	zwapi_ui_form.h	294		ZW_API_C void cvxFormTitleSet(char *Form, char *Title);
cvxFormUpdate	zwapi_ui_form.h	606		ZW_API_C void cvxFormUpdate(int idField);
cvxFormVisibleSet	zwapi_ui_form.h	484		ZW_API_C evxErrors cvxFormVisibleSet(evxEnvironment Env, const char *Form, int State, evxFormAddTo Type);
cvxFormWait	zwapi_ui_form.h	144		ZW_API_C int cvxFormWait(char *Form);
cvxFormWaitExit	zwapi_ui_form.h	156		ZW_API_C void cvxFormWaitExit(int ReturnValue);
cvxFtrIsSubPart	zwapi_part_history.h	190		ZW_API_C int cvxFtrIsSubPart(int idFtr);
cvxGetAngle	zwapi_userinput.h	116		ZW_API_C evxErrors cvxGetAngle(const char *Prompt, double *Angle);
cvxGetDistance	zwapi_userinput.h	132		ZW_API_C evxErrors cvxGetDistance(const char *Prompt, double *Distance);
cvxGetEnt	zwapi_userinput.h	177		ZW_API_C evxErrors cvxGetEnt(const char *Prompt, evxEntInpOpt Opt, int EmptyOk, int *idEntity);
cvxGetEntPath	zwapi_userinput.h	225		ZW_API_C evxErrors cvxGetEntPath(const char *Prompt, evxEntInpOpt Opt, int EmptyOk, svxEntPath *Path);
cvxGetEntPaths	zwapi_userinput.h	252		ZW_API_C evxErrors cvxGetEntPaths(const char *Prompt, evxEntInpOpt Opt, int EmptyOk, int *Count, svxEntPath **Paths);
cvxGetEntPathsMultiFilter	zwapi_userinput.h	304		ZW_API_C evxErrors cvxGetEntPathsMultiFilter(const char *Prompt, evxEntInpOpt *pOpt, int npOpt, int EmptyOk, int *Count, svxEntPath **Paths);
cvxGetEnts	zwapi_userinput.h	202		ZW_API_C evxErrors cvxGetEnts(const char *Prompt, evxEntInpOpt Opt, int EmptyOk, int *Count, int **idEnts);
cvxGetEntsMultiFilter	zwapi_userinput.h	278		ZW_API_C evxErrors cvxGetEntsMultiFilter(const char *Prompt, evxEntInpOpt *pOpt, int npOpt, int EmptyOk, int *Count, int **idEnts);
cvxGetExternalPick	zwapi_userinput.h	351		ZW_API_C evxErrors cvxGetExternalPick(const char *Prompt, evxPntInpOpt Opt, int EmptyOk, svxPoint *Point, svxEntPath *EntPath, svxMatrix *Matrix);
cvxGetFile	zwapi_userinput.h	494		ZW_API_C void cvxGetFile(int Open, const char *Prompt, const char *Default, const char *Filter, char *Path);
cvxGetFileActiveField	zwapi_userinput.h	604		ZW_API_C void cvxGetFileActiveField(int Open, const char *Prompt, const char *Default, const char *Filter);
cvxGetFileByLongPath	zwapi_userinput.h	538		ZW_API_C void cvxGetFileByLongPath(int Open, const char *Prompt, const char *Default, const char *Filter, char *Path, int sizePath);
cvxGetFolder	zwapi_userinput.h	630		ZW_API_C void cvxGetFolder(const char *Prompt, char *Default, vxPath path);
cvxGetFolderActiveField	zwapi_userinput.h	700		ZW_API_C void cvxGetFolderActiveField(const char *Prompt, const char *Default);
cvxGetFolderByLongPath	zwapi_userinput.h	658		ZW_API_C void cvxGetFolderByLongPath(const char *Prompt, char *Default, char *Path, int sizePath);
cvxGetNumber	zwapi_userinput.h	151		ZW_API_C evxErrors cvxGetNumber(const char *Prompt, double *Number);
cvxGetPoint	zwapi_userinput.h	378		ZW_API_C evxErrors cvxGetPoint(const char *Prompt, evxPntInpOpt Opt, int EmptyOk, svxPoint *Point, int *idEntity);
cvxGetPointOnEnt	zwapi_userinput.h	423		ZW_API_C evxErrors cvxGetPointOnEnt(const char *prompt, evxPntInpOpt opt, int emptyOk, svxPoint *point, svxEntPath *path);
cvxGetPoints	zwapi_userinput.h	399		ZW_API_C evxErrors cvxGetPoints(const char *Prompt, evxPntInpOpt Opt, int EmptyOk, int *Count, svxPoint **Points);
cvxGetPointsOnEnts	zwapi_userinput.h	445		ZW_API_C evxErrors cvxGetPointsOnEnts(const char *prompt, evxPntInpOpt opt, int emptyOk, int *count, svxPoint **points, svxEntPath **paths);
cvxGetResponse	zwapi_userinput.h	726		ZW_API_C int cvxGetResponse(int Option, const char *Message);
cvxGetString	zwapi_userinput.h	744		ZW_API_C int cvxGetString(const char *Prompt, const char *Default, int NumBytes, char *String);
cvxGetViewRect	zwapi_view.h	212		ZW_API_C evxErrors cvxGetViewRect(int includeFrame, int isGlobal, int *tlX, int *tlY, int *brX, int *brY);
cvxGlobalGet	zwapi_global_apply.h	98		ZW_API_C evxErrors cvxGlobalGet(evxGlobal Global, void *Data);
cvxGlobalSet	zwapi_global_apply.h	124		ZW_API_C evxErrors cvxGlobalSet(evxGlobal Global, void *Data);
cvxHatchPtnDataInit	zwapi_cmd_sk_create.h	164		ZW_API_C evxErrors cvxHatchPtnDataInit(svxHatchPtnData *data);
cvxHelpDocLoad	zwapi_global_apply.h	1067		ZW_API_C evxErrors cvxHelpDocLoad(const vxLongPath filePath);
cvxHistBackup	zwapi_part_opts.h	79		ZW_API_C evxErrors cvxHistBackup(void);
cvxHistDisable	zwapi_part_opts.h	497		ZW_API_C void cvxHistDisable(void);
cvxHistEnable	zwapi_part_opts.h	508		ZW_API_C void cvxHistEnable(void);
cvxHistRedefine	zwapi_part_opts.h	181		ZW_API_C evxErrors cvxHistRedefine(vxName Operation);
cvxHistSkipTo	zwapi_part_opts.h	206		ZW_API_C evxErrors cvxHistSkipTo(char *Expression, vxName Operation, int *idOp);
cvxHostId	zwapi_global_apply.h	694		ZW_API_C void cvxHostId(double *idNetwork, double *idDongle);
cvxInstPartAsShp	zwapi_asm_reuselibrary.h	97		ZW_API_C evxErrors cvxInstPartAsShp(const svxCompData *Comp);
cvxInstShpGetMatrix	zwapi_brep_shape.h	388		ZW_API_C evxErrors cvxInstShpGetMatrix(int idShape, svxMatrix *Matrix);
cvxIsectBndBoxBndBox	zwapi_math_insect.h	548		ZW_API_C int cvxIsectBndBoxBndBox(const svxBndBox *Box1, const svxBndBox *Box2);
cvxIsectBndBoxPlane	zwapi_math_insect.h	565		ZW_API_C int cvxIsectBndBoxPlane(const svxBndBox *Box, const svxPoint *PntOnPln, const svxVector *NormalOfPln);
cvxIsectCrvCrv	zwapi_math_insect.h	50		ZW_API_C evxErrors cvxIsectCrvCrv(int idCurve1, int idCurve2, int TangentOk, int *Count, svxPoint **Points);
cvxIsectCrvFace	zwapi_math_insect.h	75		ZW_API_C evxErrors cvxIsectCrvFace(int idCurve, int idFace, int Trim, int TangentOk, int *Count, svxPoint **Points);
cvxIsectFaceFace	zwapi_math_insect.h	105		ZW_API_C evxErrors cvxIsectFaceFace(int idFace1, int idFace2, evxFaceTrim Trim, int TangentOk, int *Count, svxCurve **Curves);
cvxIsectPlanePlane	zwapi_math_insect.h	586		ZW_API_C int cvxIsectPlanePlane(const svxPoint *PntOnPln1, const svxVector *NormalOfPln1, const svxPoint *PntOnPln2, const svxVector *NormalOfPln2, svxAxis *IsectLine);
cvxIsectRayBndBox	zwapi_math_insect.h	449		ZW_API_C int cvxIsectRayBndBox(const svxAxis *Ray, const svxBndBox *Box, svxPoint *IsectPnt);
cvxIsectRayComp	zwapi_math_insect.h	365		ZW_API_C evxErrors cvxIsectRayComp(int idComp, evxFaceTrim Trim, svxAxis *Ray, svxPoint *Point);
cvxIsectRayComps	zwapi_math_insect.h	399		ZW_API_C evxErrors cvxIsectRayComps(int nComps, svxEntPath *CompPaths, evxFaceTrim Trim,
cvxIsectRayCrv	zwapi_math_insect.h	131		ZW_API_C evxErrors cvxIsectRayCrv(svxAxis *Ray, int idCurve, int TangentOk, int *Count, svxPoint **Points);
cvxIsectRayFace	zwapi_math_insect.h	159		ZW_API_C evxErrors cvxIsectRayFace(int idFace, evxFaceTrim Trim, svxAxis *Ray, svxPoint *Point, svxPoint2 *UV);
cvxIsectRayFaceInfinite	zwapi_math_insect.h	189		ZW_API_C evxErrors cvxIsectRayFaceInfinite(int idFace, evxFaceTrim Trim, const svxAxis *Ray, int Infinite, int *Number, svxPoint **Pnts, svxPoint2 **UVs);
cvxIsectRayPart	zwapi_math_insect.h	311		ZW_API_C evxErrors cvxIsectRayPart(evxFaceTrim Trim, svxAxis *Ray, svxPoint *Point, int *idFace);
cvxIsectRayPartVis	zwapi_math_insect.h	333		ZW_API_C evxErrors cvxIsectRayPartVis(evxFaceTrim Trim, svxAxis *Ray, svxPoint *Point, int *idFace);
cvxIsectRayPlane	zwapi_math_insect.h	210		ZW_API_C int cvxIsectRayPlane(svxAxis *Ray, svxMatrix *Plane, svxPoint *Point);
cvxIsectRayShape	zwapi_math_insect.h	244		ZW_API_C evxErrors cvxIsectRayShape(int idShape, evxFaceTrim Trim, svxAxis *Ray, svxPoint *Point, int *idFace);
cvxIsectRayShapes	zwapi_math_insect.h	279		ZW_API_C evxErrors cvxIsectRayShapes(int nShapes, int *idShapes, evxFaceTrim Trim, svxAxis *Ray, int *Number, svxPoint **Points, int **idFaces);
cvxItemAdd	zwapi_ui_form.h	922		ZW_API_C void cvxItemAdd(char *Form, int idField, const char *Text);
cvxItemCbxSet	zwapi_ui_form.h	1092		ZW_API_C void cvxItemCbxSet(char *Form, int idField, int idItem, int isOn);
cvxItemDel	zwapi_ui_form.h	1041		ZW_API_C void cvxItemDel(char *Form, int idField, int idItem);
cvxItemFind	zwapi_ui_form.h	1069		ZW_API_C void cvxItemFind(char *Form, int idField, char *Text, int *idItem);
cvxItemGet	zwapi_ui_form.h	948		ZW_API_C void cvxItemGet(char *Form, int idField, int idItem, char *Text);
cvxItemGetCheckState	zwapi_ui_form.h	1211		ZW_API_C evxErrors cvxItemGetCheckState(char *Form, int idField, int idItem, int *checkState);
cvxItemModify	zwapi_ui_form.h	1021		ZW_API_C void cvxItemModify(const char *Form, int idField, int idItem, const char *Text);
cvxItemSelect	zwapi_ui_form.h	1111		ZW_API_C void cvxItemSelect(char *Form, int idField, int idItem);
cvxItemSelectText	zwapi_ui_form.h	1130		ZW_API_C void cvxItemSelectText(char *Form, int idField, char *Text);
cvxItemSelected	zwapi_ui_form.h	1151		ZW_API_C void cvxItemSelected(char *Form, int idField, int *idItem);
cvxItemSet	zwapi_ui_form.h	988		ZW_API_C void cvxItemSet(char *Form, int idField, int idItem, char *Text);
cvxItemStateGet	zwapi_ui_form.h	1171		ZW_API_C void cvxItemStateGet(char *Form, int idField, int idItem, int *isOn);
cvxItemStateSet	zwapi_ui_form.h	1190		ZW_API_C void cvxItemStateSet(char *Form, int idField, int idItem, int isOn);
cvxItemVisibleGet	zwapi_ui_form.h	1251		ZW_API_C evxErrors cvxItemVisibleGet(const char *Form, int idField, int idItem, int *state);
cvxItemVisibleSet	zwapi_ui_form.h	1231		ZW_API_C evxErrors cvxItemVisibleSet(const char *Form, int idField, int idItem, int state);
cvxLabelMatch	zwapi_global_apply.h	647		ZW_API_C int cvxLabelMatch(int *Label1, int *Label2);
cvxLangGet	zwapi_global_apply.h	198		ZW_API_C void cvxLangGet(vxName Language);
cvxLastErrGet	zwapi_message.h	376		ZW_API_C evxErrors cvxLastErrGet();
cvxLastErrSet	zwapi_message.h	385		ZW_API_C void cvxLastErrSet(evxErrors error);
cvxLastWarningMsgEnable	zwapi_message.h	91		ZW_API_C void cvxLastWarningMsgEnable(int enable);
cvxLayerActivate	zwapi_layer.h	109		ZW_API_C evxErrors cvxLayerActivate(vxName Name);
cvxLayerAdd	zwapi_layer.h	41		ZW_API_C evxErrors cvxLayerAdd(char *Name);
cvxLayerAdd2	zwapi_layer.h	62		ZW_API_C evxErrors cvxLayerAdd2(const svxLayerInfo *psLayerInfo, int *number);
cvxLayerAssign	zwapi_layer.h	269		ZW_API_C evxErrors cvxLayerAssign(char *Name, int numEnts, int *idEnts);
cvxLayerDel	zwapi_layer.h	78		ZW_API_C evxErrors cvxLayerDel(vxName Name);
cvxLayerDel2	zwapi_layer.h	92		ZW_API_C evxErrors cvxLayerDel2(int number);
cvxLayerExists	zwapi_layer.h	196		ZW_API_C int cvxLayerExists(vxName Name);
cvxLayerExists2	zwapi_layer.h	212		ZW_API_C int cvxLayerExists2(int Number);
cvxLayerGetAllCategory	zwapi_layer.h	350		ZW_API_C evxErrors cvxLayerGetAllCategory(int *numCate, vxLongName **categories);
cvxLayerId	zwapi_layer.h	230		ZW_API_C evxErrors cvxLayerId(vxName name, int *id);
cvxLayerIdModify	zwapi_layer.h	163		ZW_API_C evxErrors cvxLayerIdModify(int srcNumber, int tarNumber);
cvxLayerInfoExport	zwapi_layer.h	835		ZW_API_C evxErrors cvxLayerInfoExport(const vxLongPath file);
cvxLayerInfoGet	zwapi_layer.h	789		ZW_API_C evxErrors cvxLayerInfoGet(int number, svxLayerInfo *pLayerInfo);
cvxLayerInfoImport	zwapi_layer.h	852		ZW_API_C evxErrors cvxLayerInfoImport(const vxLongPath file, int overWrite);
cvxLayerInfoSet	zwapi_layer.h	819		ZW_API_C evxErrors cvxLayerInfoSet(int number, const svxLayerInfo *pLayerInfo);
cvxLayerInqActive	zwapi_layer.h	180		ZW_API_C void cvxLayerInqActive(vxName Name);
cvxLayerInqEnts	zwapi_layer.h	250		ZW_API_C evxErrors cvxLayerInqEnts(int Number, int *numEnt, svxEntPath **Paths);
cvxLayerList	zwapi_layer.h	289		ZW_API_C evxErrors cvxLayerList(int *Count, vxName **Names);
cvxLayerName	zwapi_layer.h	307		ZW_API_C evxErrors cvxLayerName(int Number, vxName Name);
cvxLayerNum	zwapi_layer.h	326		ZW_API_C evxErrors cvxLayerNum(vxName Name, int *Number);
cvxLayerRefresh	zwapi_layer.h	862	SI	ZW_API_C void cvxLayerRefresh();
cvxLayerShowAll	zwapi_layer.h	143	SI	ZW_API_C evxErrors cvxLayerShowAll(void);
cvxLayerStateGet	zwapi_layer.h	398		ZW_API_C evxErrors cvxLayerStateGet(vxName Name, int *isVisible, int *isFrozen);
cvxLayerStateSet	zwapi_layer.h	434		ZW_API_C evxErrors cvxLayerStateSet(vxName Name, int isVisible, int isFrozen);
cvxLayerSync	zwapi_layer.h	126	SI	ZW_API_C evxErrors cvxLayerSync(void);
cvxLibPartAdjust	zwapi_asm_reuselibrary.h	122		ZW_API_C evxErrors cvxLibPartAdjust(int idComp, const vxLongPath File, const vxRootName Part, const char *ValStr, const char *InstanceName);
cvxLibPartIns	zwapi_asm_reuselibrary.h	69		ZW_API_C int cvxLibPartIns(const svxCompData *Comp, const char *InstanceName,
cvxLicActivate	zwapi_license.h	104		ZW_API_C evxErrors cvxLicActivate(const char *pzEntitlement);
cvxLicEvaluationGet	zwapi_license.h	73		ZW_API_C int cvxLicEvaluationGet(char szEvaluation[36]);
cvxLicIdentifierGet	zwapi_license.h	56		ZW_API_C evxErrors cvxLicIdentifierGet(char szIdentifier[36]);
cvxLicModulesGet	zwapi_license.h	41		ZW_API_C evxErrors cvxLicModulesGet(char szModules[1024]);
cvxLicRemove	zwapi_license.h	120		ZW_API_C evxErrors cvxLicRemove(const char *pzEntitlement);
cvxLicStandaloneEvaluationGet	zwapi_license.h	88		ZW_API_C int cvxLicStandaloneEvaluationGet();
cvxLicTypeCheck	zwapi_license.h	134		ZW_API_C int cvxLicTypeCheck();
cvxListCallbackParamGet	zwapi_ui_listwidget.h	54		ZW_API_C evxErrors cvxListCallbackParamGet(const char *form, int idField, svxListCallBackParam *param);
cvxListItemToolTipGet	zwapi_ui_listwidget.h	96		ZW_API_C evxErrors cvxListItemToolTipGet(const char *form, int field, int row, char *toolTip, int size);
cvxListItemToolTipSet	zwapi_ui_listwidget.h	74		ZW_API_C evxErrors cvxListItemToolTipSet(const char *form, int field, int row, const char *toolTip);
cvxMacroInqPath	zwapi_cmd.h	433		ZW_API_C evxErrors cvxMacroInqPath(vxPath path, vxPath file);
cvxMacroInqPathByLongPath	zwapi_cmd.h	462		ZW_API_C evxErrors cvxMacroInqPathByLongPath(char *path, int sizepath, char *file, int sizefile);
cvxMatEigen	zwapi_math_matrix.h	65		ZW_API_C evxErrors cvxMatEigen(const double Mat3x3[3][3], double *Values, svxVector *Vectors);
cvxMatFromEuler	zwapi_math_matrix.h	369		ZW_API_C evxErrors cvxMatFromEuler(evxEulerAngSeq Seq, const svxMatEuler *pzMatEuler, svxMatrix *pMat);
cvxMatGetPntVecs	zwapi_math_matrix.h	190		ZW_API_C evxErrors cvxMatGetPntVecs(const svxMatrix *Mat, svxPoint *Origin, svxVector *xAxis, svxVector *yAxis, svxVector *zAxis);
cvxMatInit	zwapi_math_matrix.h	81	SI	ZW_API_C void cvxMatInit(svxMatrix *Mat);
cvxMatInvert	zwapi_math_matrix.h	100		ZW_API_C void cvxMatInvert(svxMatrix *Mat, svxMatrix *InvMat);
cvxMatMult	zwapi_math_matrix.h	119		ZW_API_C void cvxMatMult(svxMatrix *Mat1, svxMatrix *Mat2, svxMatrix *Mat3);
cvxMatPntVec	zwapi_math_matrix.h	141		ZW_API_C void cvxMatPntVec(svxPoint *Origin, svxVector *zAxis, svxMatrix *Mat);
cvxMatPntVecs	zwapi_math_matrix.h	168		ZW_API_C evxErrors cvxMatPntVecs(svxPoint *Origin, svxVector *xAxis, svxVector *yAxis, svxMatrix *Mat);
cvxMatRotate	zwapi_math_matrix.h	209		ZW_API_C void cvxMatRotate(svxMatrix *Mat, double Angle, svxAxis *Axis);
cvxMatScale	zwapi_math_matrix.h	230		ZW_API_C void cvxMatScale(svxMatrix *Mat, svxPoint *Point, double sX, double sY, double sZ);
cvxMatSetIdentity	zwapi_math_matrix.h	246	SI	ZW_API_C void cvxMatSetIdentity(svxMatrix *Mat);
cvxMatToEuler	zwapi_math_matrix.h	334		ZW_API_C evxErrors cvxMatToEuler(evxEulerAngSeq Seq, svxMatrix *pMat, svxMatEuler *pzMatEuler);
cvxMatTransform	zwapi_math_matrix.h	263	SI	ZW_API_C void cvxMatTransform(svxMatrix *Mat, svxMatrix *Frame);
cvxMatTranslate	zwapi_math_matrix.h	282		ZW_API_C void cvxMatTranslate(svxMatrix *Mat, double dX, double dY, double dZ);
cvxMatView	zwapi_math_matrix.h	299	SI	ZW_API_C void cvxMatView(svxMatrix *Mat, evxViewStd Type);
cvxMemAlloc	zwapi_memory.h	42		ZW_API_C evxErrors cvxMemAlloc(int NumBytes, void **MemPointer);
cvxMemFree	zwapi_memory.h	155		ZW_API_C void cvxMemFree(void **MemPointer);
cvxMemResize	zwapi_memory.h	61		ZW_API_C evxErrors cvxMemResize(int NumBytes, void **MemPointer);
cvxMemZero	zwapi_memory.h	118		ZW_API_C void cvxMemZero(void *MemPointer, int NumBytes);
cvxMessageBox	zwapi_message.h	361		ZW_API_C evxErrors cvxMessageBox(int MsgType, int WndMode, const char *Title, const char *Message,
cvxMoveSetAuxFrameElem	zwapi_cmd_paramdefine_param.h	1141		ZW_API_C void cvxMoveSetAuxFrameElem(int iElem);
cvxMsgAreaClose	zwapi_message.h	212		ZW_API_C void cvxMsgAreaClose(void);
cvxMsgAreaOpen	zwapi_message.h	220		ZW_API_C void cvxMsgAreaOpen(void);
cvxMsgAreaState	zwapi_message.h	237		ZW_API_C void cvxMsgAreaState(int Disable);
cvxMsgAreaStateGet	zwapi_message.h	252		ZW_API_C evxErrors cvxMsgAreaStateGet(int *action);
cvxMsgDisable	zwapi_message.h	70		ZW_API_C void cvxMsgDisable(void);
cvxMsgDisp	zwapi_message.h	297		ZW_API_C void cvxMsgDisp(const char *Text);
cvxMsgDisp2	zwapi_message.h	318		ZW_API_C void cvxMsgDisp2(const char *Text, int level);
cvxMsgEnable	zwapi_message.h	78		ZW_API_C void cvxMsgEnable(void);
cvxMsgFileLoad	zwapi_message.h	274		ZW_API_C evxErrors cvxMsgFileLoad(const vxLongPath File, int *idFile);
cvxMsgPtr	zwapi_message.h	288		ZW_API_C char *cvxMsgPtr(int idFile, int MessageNum);
cvxNameIsOkay	zwapi_global_apply.h	674		ZW_API_C int cvxNameIsOkay(char *name, int size, int option);
cvxNameValidCheck	zwapi_file.h	69		ZW_API_C int cvxNameValidCheck(char *name, int nBytes);
cvxNewCommand	zwapi_cmd.h	38		ZW_API_C void cvxNewCommand(void);
cvxNoteGet	zwapi_global_apply.h	146		ZW_API_C evxErrors cvxNoteGet(char **Note);
cvxNoteSet	zwapi_global_apply.h	163		ZW_API_C evxErrors cvxNoteSet(char *Note);
cvxNotifyExit	zwapi_global_apply.h	703		ZW_API_C void cvxNotifyExit(int opt);
cvxOpCount	zwapi_xn.h	36		ZW_API_C int cvxOpCount(void);
cvxPMIInqAssoEnts	zwapi_part_dim.h	185		ZW_API_C evxErrors cvxPMIInqAssoEnts(int idPMI, int *count, svxEntPath **entPaths);
cvxPMIInqBaseEnt	zwapi_part_dim.h	158		ZW_API_C evxErrors cvxPMIInqBaseEnt(int idPMI, int *idBaseObj);
cvxPMIInqType	zwapi_part_dim.h	138		ZW_API_C evxErrors cvxPMIInqType(int idPMI, evxPMIEntType *type);
cvxPMIInqValid	zwapi_part_dim.h	205		ZW_API_C evxErrors cvxPMIInqValid(int idPMI, int *isValid);
cvxPartActiveAsLCS	zwapi_cmd_datum.h	442		ZW_API_C evxErrors cvxPartActiveAsLCS(int id);
cvxPartAddAngleDim	zwapi_cmd_pmi.h	105		ZW_API_C evxErrors cvxPartAddAngleDim(int idEnt1, int idEnt2, const svxPoint *TextPnt, int idPlane, int *idDim);
cvxPartAddArcDim	zwapi_cmd_pmi.h	187		ZW_API_C evxErrors cvxPartAddArcDim(int idEnt, const char *text, const svxPoint *TextPnt, int idPlane, int *idDim);
cvxPartAddBalloon	zwapi_cmd_pmi.h	468		ZW_API_C evxErrors cvxPartAddBalloon(svxPoint *TextPnt, char *text, int fImage, int idPlane, int *idDim);
cvxPartAddCenLinDim	zwapi_cmd_pmi.h	389		ZW_API_C evxErrors cvxPartAddCenLinDim(int idEnt, int idPlane, int *idDim);
cvxPartAddCenMarkDim	zwapi_cmd_pmi.h	413		ZW_API_C evxErrors cvxPartAddCenMarkDim(int idEnt, int idPlane, int *idDim);
cvxPartAddChamferDim	zwapi_cmd_pmi.h	161		ZW_API_C evxErrors cvxPartAddChamferDim(int idEnt1, int idEnt2, const svxPoint *TextPnt, int idPlane, int *idDim);
cvxPartAddCoorDim	zwapi_cmd_pmi.h	220		ZW_API_C evxErrors cvxPartAddCoorDim(svxPoint *LeaderPnt, int idParent, const svxPoint *TextPnt, int idDatum, int idPlane, int *idDim);
cvxPartAddDatumDim	zwapi_cmd_pmi.h	276		ZW_API_C evxErrors cvxPartAddDatumDim(int idEnt, svxPoint *leadPnt, const svxPoint *TextPnt, char *text, int idPlane, int *idDim);
cvxPartAddDatumTargetDim	zwapi_cmd_pmi.h	307		ZW_API_C evxErrors cvxPartAddDatumTargetDim(int idEnt, int radRype, double diameter, double width, double height, svxPoint *leadPnt, const svxPoint *TextPnt, char *text, int idPlane, int *idDim);
cvxPartAddFcsDim	zwapi_cmd_pmi.h	337		ZW_API_C evxErrors cvxPartAddFcsDim(int idEnt, svxPoint *leadPnt, const svxPoint *TextPnt, char *text, int idPlane, int *idDim);
cvxPartAddLabelDim	zwapi_cmd_pmi.h	249		ZW_API_C evxErrors cvxPartAddLabelDim(int idEnt, svxPoint *leadPnt, const svxPoint *TextPnt, char *text, int idPlane, int *idDim);
cvxPartAddLineDim	zwapi_cmd_pmi.h	52		ZW_API_C evxErrors cvxPartAddLineDim(int idEnt1, int idEnt2, const svxPoint *TextPnt, int idPlane, int *idDim);
cvxPartAddPMIText	zwapi_cmd_pmi.h	441		ZW_API_C evxErrors cvxPartAddPMIText(svxPoint *TextPnt, char *text, int idPlane, int *idDim);
cvxPartAddRadDim	zwapi_cmd_pmi.h	134		ZW_API_C evxErrors cvxPartAddRadDim(int idEnt, int radType, const char *text, const svxPoint *TextPnt, int idPlane, int *idDim);
cvxPartAddSymSrfDim	zwapi_cmd_pmi.h	365		ZW_API_C evxErrors cvxPartAddSymSrfDim(int idEnt, svxPoint *leadPnt, const svxPoint *TextPnt, svxRoughTexts *textGrp, int idPlane, int *idDim);
cvxPartAddSymmetryDim	zwapi_cmd_pmi.h	78		ZW_API_C evxErrors cvxPartAddSymmetryDim(svxPntOnEnt EntId, svxPntOnEnt CenterLineId, svxPntOnEnt TextPnt, int idPlane, int *idDim);
cvxPartAlign	zwapi_cmd_assembly.h	902		ZW_API_C evxErrors cvxPartAlign(svxAlign *Align);
cvxPartAnchor	zwapi_cmd_assembly.h	922		ZW_API_C evxErrors cvxPartAnchor(int idEntity);
cvxPartArc	zwapi_cmd_wireframe.h	350		ZW_API_C evxErrors cvxPartArc(const svxArcData *arcData, int *idArc);
cvxPartArc3pt	zwapi_cmd_wireframe.h	284		ZW_API_C evxErrors cvxPartArc3pt(svxPoint *Start, svxPoint *End, svxPoint *Mid, int *idEnt);
cvxPartArcInit	zwapi_cmd_wireframe.h	327		ZW_API_C evxErrors cvxPartArcInit(svxArcData *arcData);
cvxPartArcRad	zwapi_cmd_wireframe.h	309		ZW_API_C evxErrors cvxPartArcRad(svxMatrix *Plane, double Radius, double Start, double End, int *idEnt);
cvxPartAtGet	zwapi_part_attribute.h	233		ZW_API_C evxErrors cvxPartAtGet(vxRootName Name, svxPartAttribute *At);
cvxPartAtItemDel	zwapi_part_attribute.h	535		ZW_API_C evxErrors cvxPartAtItemDel(evxAtItemId itemId, vxLongName label);
cvxPartAtItemDesGet	zwapi_part_attribute.h	562		ZW_API_C evxErrors cvxPartAtItemDesGet(evxAtItemId itemId, const char *AtLable, char *AtDes, int nBytes);
cvxPartAtItemDesSet	zwapi_part_attribute.h	586		ZW_API_C evxErrors cvxPartAtItemDesSet(evxAtItemId itemId, const char *AtLable, const char *AtDes);
cvxPartAtItemGet	zwapi_part_attribute.h	387		ZW_API_C evxErrors cvxPartAtItemGet(evxAtItemId itemId, svxAttribute *At);
cvxPartAtItemGetInFile	zwapi_part_attribute.h	461		ZW_API_C evxErrors cvxPartAtItemGetInFile(const vxLongPath File, const vxRootName Root, evxAtItemId itemId, svxAttribute *At);
cvxPartAtItemLockGet	zwapi_part_attribute.h	607		ZW_API_C evxErrors cvxPartAtItemLockGet(char *AtLable, evxAtItemLockStatus *AtLockState);
cvxPartAtItemLockGetInFile	zwapi_part_attribute.h	669		ZW_API_C evxErrors cvxPartAtItemLockGetInFile(const vxLongPath File, const vxRootName Root, char *AtLable, evxAtItemLockStatus *AtLockState);
cvxPartAtItemLockSet	zwapi_part_attribute.h	632		ZW_API_C evxErrors cvxPartAtItemLockSet(char *AtLable, evxAtItemLockStatus AtLockState);
cvxPartAtItemLockSetInFile	zwapi_part_attribute.h	708		ZW_API_C evxErrors cvxPartAtItemLockSetInFile(const vxLongPath File, const vxRootName Root, const char *AtLable, evxAtItemLockStatus AtLockState);
cvxPartAtItemSet	zwapi_part_attribute.h	417		ZW_API_C evxErrors cvxPartAtItemSet(evxAtItemId itemId, svxAttribute *At);
cvxPartAtItemSetInFile	zwapi_part_attribute.h	506		ZW_API_C evxErrors cvxPartAtItemSetInFile(const vxLongPath File, const vxRootName Root, evxAtItemId itemId, svxAttribute *At);
cvxPartAtMod	zwapi_part_attribute.h	285		ZW_API_C evxErrors cvxPartAtMod(vxRootName Name, svxPartAttribute *At);
cvxPartAtSet	zwapi_part_attribute.h	326		ZW_API_C evxErrors cvxPartAtSet(vxRootName Name, svxPartAttribute *At);
cvxPartAxisNew	zwapi_cmd_datum.h	58		ZW_API_C evxErrors cvxPartAxisNew(svxAxisData *Axis, int *idAxis);
cvxPartBackup	zwapi_part_opts.h	63		ZW_API_C evxErrors cvxPartBackup(void);
cvxPartBlendCrvs	zwapi_cmd_wireframe.h	1042		ZW_API_C evxErrors cvxPartBlendCrvs(const svxCrvBlendData *data, int *idEnt);
cvxPartBlendCrvsConsInit	zwapi_cmd_wireframe.h	1000		ZW_API_C evxErrors cvxPartBlendCrvsConsInit(svxCrvBlendCons *consData, evxCrvBlendObjType objType);
cvxPartBlendCrvsInit	zwapi_cmd_wireframe.h	1018		ZW_API_C evxErrors cvxPartBlendCrvsInit(svxCrvBlendData *data);
cvxPartBool	zwapi_cmd_shape.h	1404		ZW_API_C evxErrors cvxPartBool(evxBoolType Type, int idBase, int Count, int *Shapes, int Keep);
cvxPartBool2	zwapi_cmd_shape.h	1440		ZW_API_C evxErrors cvxPartBool2(evxBoolType Type, int BaseCount, int *BaseList, int OpCount, int *OpList, int *ResultCount, int **ResultList);
cvxPartBool3	zwapi_cmd_shape.h	1482		ZW_API_C evxErrors cvxPartBool3(evxBoolType Type, int BaseCount, int *BaseList, int OpCount,
cvxPartBox	zwapi_cmd_shape.h	89		ZW_API_C evxErrors cvxPartBox(svxBoxData *Box, int *idShape);
cvxPartBoxInit	zwapi_cmd_shape.h	56		ZW_API_C evxErrors cvxPartBoxInit(svxBoxData *data);
cvxPartCSYSNew	zwapi_cmd_datum.h	418		ZW_API_C evxErrors cvxPartCSYSNew(svxCSYSData *CSYS, int *idCSYS);
cvxPartCSYSNewInit	zwapi_cmd_datum.h	390		ZW_API_C evxErrors cvxPartCSYSNewInit(evxCSYSMethods method, svxCSYSData *data);
cvxPartCalcAttrGet	zwapi_part_attribute.h	68		ZW_API_C evxErrors cvxPartCalcAttrGet(int idPart, svxPartCalcAttrData *attr);
cvxPartCfgActivate	zwapi_part_config.h	70		ZW_API_C evxErrors cvxPartCfgActivate(int idCfg);
cvxPartCfgTblAdd	zwapi_part_config.h	50		ZW_API_C evxErrors cvxPartCfgTblAdd(vxName cfgName, char *cfgDes, int *idCfg);
cvxPartCfgTblAttrSet	zwapi_part_config.h	300		ZW_API_C evxErrors cvxPartCfgTblAttrSet(int markDel, int idCfg, int cnt, evxAtItemId *types, svxAttribute *attrs);
cvxPartCfgTblColorSet	zwapi_part_config.h	324		ZW_API_C evxErrors cvxPartCfgTblColorSet(int markDelClr, int idCfg, svxColor color);
cvxPartCfgTblInstNameSet	zwapi_part_config.h	347		ZW_API_C evxErrors cvxPartCfgTblInstNameSet(int markDelInstName, int idCfg, vxLongName instanceName);
cvxPartCfgTblVarsSet	zwapi_part_config.h	374		ZW_API_C evxErrors cvxPartCfgTblVarsSet(int markDelVars, int idCfg, int cnt, svxVariable *vars);
cvxPartChamAng	zwapi_cmd_shape.h	702		ZW_API_C evxErrors cvxPartChamAng(int Count, int *Edges, int idFace, double Setback, double Angle);
cvxPartChamAsym	zwapi_cmd_shape.h	723		ZW_API_C evxErrors cvxPartChamAsym(int Count, int *Edges, int idFace, double Setback1, double Setback2);
cvxPartChamConst	zwapi_cmd_shape.h	681		ZW_API_C evxErrors cvxPartChamConst(int Count, int *Edges, double Setback);
cvxPartChamferAll	zwapi_cmd_shape.h	785		ZW_API_C evxErrors cvxPartChamferAll(const svxChamFlltData *Chamfer, int *idChamfer);
cvxPartChamferAllInit	zwapi_cmd_shape.h	761		ZW_API_C evxErrors cvxPartChamferAllInit(svxChamFlltData *data);
cvxPartCir3pt	zwapi_cmd_wireframe.h	462		ZW_API_C evxErrors cvxPartCir3pt(svxPoint *P1, svxPoint *P2, svxPoint *P3, int *idEnt);
cvxPartCirRad	zwapi_cmd_wireframe.h	484		ZW_API_C evxErrors cvxPartCirRad(svxMatrix *Plane, double Radius, int *idEnt);
cvxPartCircle	zwapi_cmd_wireframe.h	391		ZW_API_C evxErrors cvxPartCircle(const svxCircleData *circleData, int *idCircle);
cvxPartCircleInit	zwapi_cmd_wireframe.h	368		ZW_API_C evxErrors cvxPartCircleInit(svxCircleData *circleData);
cvxPartCircularBiRail	zwapi_cmd_freeform.h	243		ZW_API_C evxErrors cvxPartCircularBiRail(const svxCircularBiRailData *data, int *idFace);
cvxPartCircularBiRailInit	zwapi_cmd_freeform.h	218		ZW_API_C evxErrors cvxPartCircularBiRailInit(evxCircularBiRailMethod method, svxCircularBiRailData *data);
cvxPartClosePartAt	zwapi_part_attribute.h	358		ZW_API_C void cvxPartClosePartAt();
cvxPartClosePreview	zwapi_part_view.h	193		ZW_API_C void cvxPartClosePreview();
cvxPartCombinedProj	zwapi_cmd_wireframe.h	951		ZW_API_C evxErrors cvxPartCombinedProj(const svxCrvCombinedProjData *data, int *cntEnts, int **idEnts);
cvxPartConcentricArc	zwapi_cmd_wireframe.h	1460		ZW_API_C evxErrors cvxPartConcentricArc(int refArc, double radius, int *idEnt);
cvxPartCone	zwapi_cmd_shape.h	187		ZW_API_C evxErrors cvxPartCone(svxConeData *Cone, int *idShape);
cvxPartConeInit	zwapi_cmd_shape.h	157		ZW_API_C evxErrors cvxPartConeInit(svxConeData *data);
cvxPartConicBiRail	zwapi_cmd_freeform.h	289		ZW_API_C evxErrors cvxPartConicBiRail(const svxConicBiRailData *data, int *idFace);
cvxPartConicBiRailInit	zwapi_cmd_freeform.h	263		ZW_API_C evxErrors cvxPartConicBiRailInit(evxConicBiRailMethod method, svxConicBiRailData *data);
cvxPartCopy	zwapi_cmd_shape.h	2429		ZW_API_C evxErrors cvxPartCopy(const svxCopyData *Copy, int *idCopy);
cvxPartCopyDirDis	zwapi_cmd_shape.h	2302		ZW_API_C evxErrors cvxPartCopyDirDis(int idEntity, svxVector *Dir, double Dis, int *idCopy);
cvxPartCopyInit	zwapi_cmd_shape.h	2402		ZW_API_C evxErrors cvxPartCopyInit(svxCopyData *data);
cvxPartCopyPntToPnt	zwapi_cmd_shape.h	2329		ZW_API_C evxErrors cvxPartCopyPntToPnt(int idEntity, svxAxis *Start, svxAxis *End, int *idCopy);
cvxPartCopyTransform	zwapi_cmd_shape.h	2355		ZW_API_C evxErrors cvxPartCopyTransform(int idEntity, const svxMatrix *Mat, int *idCopy);
cvxPartCopyTransformList	zwapi_cmd_shape.h	2383		ZW_API_C evxErrors cvxPartCopyTransformList(const int Count, const int *Entities, const svxMatrix *Mat, int *EntCnt, int **idList);
cvxPartCosSkPlane	zwapi_cmd_sk_create.h	198		ZW_API_C evxErrors cvxPartCosSkPlane(const svxSketchData *SkData, int isAddHatPtn, const svxHatchPtnData *PatData, int *idSketch);
cvxPartCrvChamfer	zwapi_cmd_wireframe.h	1301		ZW_API_C evxErrors cvxPartCrvChamfer(const svxCrvChamferData *data, int *idChamfer);
cvxPartCrvChamferChain	zwapi_cmd_wireframe.h	1343		ZW_API_C evxErrors cvxPartCrvChamferChain(const svxCrvChamferChainData *data, int *idChamfer);
cvxPartCrvChamferChainInit	zwapi_cmd_wireframe.h	1319		ZW_API_C evxErrors cvxPartCrvChamferChainInit(svxCrvChamferChainData *data);
cvxPartCrvChamferInit	zwapi_cmd_wireframe.h	1279		ZW_API_C evxErrors cvxPartCrvChamferInit(svxCrvChamferData *data);
cvxPartCrvConvertToArcs	zwapi_cmd_wireframe.h	1500		ZW_API_C evxErrors cvxPartCrvConvertToArcs(const svxCrvConvertTocData *data, int *cntArcs, int **idArcs);
cvxPartCrvConvertToArcsInit	zwapi_cmd_wireframe.h	1479		ZW_API_C evxErrors cvxPartCrvConvertToArcsInit(svxCrvConvertTocData *data);
cvxPartCrvFillet	zwapi_cmd_wireframe.h	1223		ZW_API_C evxErrors cvxPartCrvFillet(const svxCrvFilletData *data, int *idFillet);
cvxPartCrvFilletChain	zwapi_cmd_wireframe.h	1261		ZW_API_C evxErrors cvxPartCrvFilletChain(const svxCrvFilletChainData *data, int *idFilletChain);
cvxPartCrvFilletChainInit	zwapi_cmd_wireframe.h	1241		ZW_API_C evxErrors cvxPartCrvFilletChainInit(svxCrvFilletChainData *data);
cvxPartCrvFilletInit	zwapi_cmd_wireframe.h	1203		ZW_API_C evxErrors cvxPartCrvFilletInit(svxCrvFilletData *data);
cvxPartCrvInt	zwapi_cmd_wireframe.h	597		ZW_API_C evxErrors cvxPartCrvInt(svxCrvIntData *Crv, int *idEnt);
cvxPartCrvIntInit	zwapi_cmd_wireframe.h	551		ZW_API_C evxErrors cvxPartCrvIntInit(svxCrvIntData *data);
cvxPartCrvIntScaleInit	zwapi_cmd_wireframe.h	568		ZW_API_C evxErrors cvxPartCrvIntScaleInit(int nPnt, const svxPoint *pPnts, double *startScale, double *endScale);
cvxPartCrvList	zwapi_cmd_wireframe.h	1112		ZW_API_C evxErrors cvxPartCrvList(int Count, int *Curves, int *idEnt);
cvxPartCrvOnFaceThruPts	zwapi_cmd_wireframe.h	804		ZW_API_C evxErrors cvxPartCrvOnFaceThruPts(const svxCrvOnFaceThuPts *data, int *idEnt);
cvxPartCrvOnFaceThruPtsInit	zwapi_cmd_wireframe.h	780		ZW_API_C evxErrors cvxPartCrvOnFaceThruPtsInit(svxCrvOnFaceThuPts *data);
cvxPartCrvProjToFace	zwapi_cmd_wireframe.h	718		ZW_API_C evxErrors cvxPartCrvProjToFace(const svxCrvProjToFace *data, int *cntEnts, int **pEnts);
cvxPartCrvProjToFaceInit	zwapi_cmd_wireframe.h	688		ZW_API_C evxErrors cvxPartCrvProjToFaceInit(svxCrvProjToFace *data);
cvxPartCrvSplitAtPnts	zwapi_cmd_wireframe.h	1392		ZW_API_C evxErrors cvxPartCrvSplitAtPnts(int idCurve, int CountPnts, svxPoint *Points, int *CountCrvs, int **NewCrvs);
cvxPartCrvTrimToFaces	zwapi_cmd_wireframe.h	1363		ZW_API_C evxErrors cvxPartCrvTrimToFaces(const svxCrvTrimToFacesData *data, int *idTrim);
cvxPartCrvTrimWithCrv	zwapi_cmd_wireframe.h	1439		ZW_API_C evxErrors cvxPartCrvTrimWithCrv(const svxTrimWithCrvData *data, int *cntEnts, int **pEnts);
cvxPartCurve	zwapi_cmd_wireframe.h	1132		ZW_API_C evxErrors cvxPartCurve(svxCurve *Crv, int *idEnt);
cvxPartCurveChainFind	zwapi_math_nurbscurve.h	355		ZW_API_C evxErrors cvxPartCurveChainFind(int nSeeds, int *idSeeds, int type, int *Count, int **idCrvs);
cvxPartCurveMesh	zwapi_cmd_freeform.h	836		ZW_API_C evxErrors cvxPartCurveMesh(const svxCurveMeshData *data, int *idFace);
cvxPartCurveMeshInit	zwapi_cmd_freeform.h	811		ZW_API_C evxErrors cvxPartCurveMeshInit(svxCurveMeshData *data);
cvxPartCurveOffset	zwapi_cmd_wireframe.h	1064		ZW_API_C evxErrors cvxPartCurveOffset(int idCurve, double Dis, int *idOut);
cvxPartCurveSilh	zwapi_cmd_wireframe.h	1157		ZW_API_C evxErrors cvxPartCurveSilh(int idCurve, svxPoint *dir, int *iCnt, int **idList);
cvxPartCyl	zwapi_cmd_shape.h	138		ZW_API_C evxErrors cvxPartCyl(svxCylData *Cyl, int *idShape);
cvxPartCylInit	zwapi_cmd_shape.h	108		ZW_API_C evxErrors cvxPartCylInit(svxCylData *data);
cvxPartDEAlignMove	zwapi_cmd_direct_edit.h	114		ZW_API_C evxErrors cvxPartDEAlignMove(const svxDEAlignMove *data, int *idMove);
cvxPartDEAlignMoveInit	zwapi_cmd_direct_edit.h	92		ZW_API_C evxErrors cvxPartDEAlignMoveInit(evxDEAlignMoveType type, svxDEAlignMove *data);
cvxPartDECopy	zwapi_cmd_direct_edit.h	300		ZW_API_C evxErrors cvxPartDECopy(const svxDECopy *data, int *idCopy);
cvxPartDECopyInit	zwapi_cmd_direct_edit.h	271		ZW_API_C evxErrors cvxPartDECopyInit(evxDEMoveCopyType type, svxDECopy *data);
cvxPartDEDimMove	zwapi_cmd_direct_edit.h	160		ZW_API_C evxErrors cvxPartDEDimMove(const svxDEDimMove *data, int *idMove);
cvxPartDEDimMoveInit	zwapi_cmd_direct_edit.h	134		ZW_API_C evxErrors cvxPartDEDimMoveInit(evxDEDimMoveType type, svxDEDimMove *data);
cvxPartDEDraft	zwapi_cmd_direct_edit.h	247		ZW_API_C evxErrors cvxPartDEDraft(const svxDEDraft *data, int *idDraft);
cvxPartDEDraftInit	zwapi_cmd_direct_edit.h	222		ZW_API_C evxErrors cvxPartDEDraftInit(svxDEDraft *data);
cvxPartDEFllt	zwapi_cmd_direct_edit.h	438		ZW_API_C evxErrors cvxPartDEFllt(const svxDEFllt *data, int *idFllt);
cvxPartDEFlltInit	zwapi_cmd_direct_edit.h	413		ZW_API_C evxErrors cvxPartDEFlltInit(svxDEFllt *data);
cvxPartDEMirror	zwapi_cmd_direct_edit.h	344		ZW_API_C evxErrors cvxPartDEMirror(const svxDEMirror *data, int *idMirror);
cvxPartDEMirrorInit	zwapi_cmd_direct_edit.h	319		ZW_API_C evxErrors cvxPartDEMirrorInit(svxDEMirror *data);
cvxPartDEMove	zwapi_cmd_direct_edit.h	72		ZW_API_C evxErrors cvxPartDEMove(const svxDEMove *data, int *idMove);
cvxPartDEMoveInit	zwapi_cmd_direct_edit.h	46		ZW_API_C evxErrors cvxPartDEMoveInit(evxDEMoveCopyType type, svxDEMove *data);
cvxPartDEOffset	zwapi_cmd_direct_edit.h	204		ZW_API_C evxErrors cvxPartDEOffset(const svxDEOffset *data, int *idOffset);
cvxPartDEOffsetInit	zwapi_cmd_direct_edit.h	179		ZW_API_C evxErrors cvxPartDEOffsetInit(svxDEOffset *data);
cvxPartDEPtn	zwapi_cmd_direct_edit.h	390		ZW_API_C evxErrors cvxPartDEPtn(const svxDEPattern *data, int *idPtn);
cvxPartDEPtnInit	zwapi_cmd_direct_edit.h	364		ZW_API_C evxErrors cvxPartDEPtnInit(evxDEPtnType type, svxDEPattern *data);
cvxPartDERad	zwapi_cmd_direct_edit.h	482		ZW_API_C evxErrors cvxPartDERad(const svxDERad *data, int *idRad);
cvxPartDERadInit	zwapi_cmd_direct_edit.h	457		ZW_API_C evxErrors cvxPartDERadInit(svxDERad *data);
cvxPartDatum	zwapi_cmd_datum.h	89		ZW_API_C evxErrors cvxPartDatum(svxMatrix *Frame, int *idDatum);
cvxPartDatum2	zwapi_cmd_datum.h	116		ZW_API_C evxErrors cvxPartDatum2(svxMatrix *Frame, int iCode, int *idDatum);
cvxPartDefeature	zwapi_part_opts.h	123		ZW_API_C evxErrors cvxPartDefeature(int count, const int *geomList);
cvxPartDelFaceTx	zwapi_brep_face.h	286		ZW_API_C evxErrors cvxPartDelFaceTx(int Count, const int *idFaces);
cvxPartDelGrpFtr	zwapi_part_opts.h	462		ZW_API_C evxErrors cvxPartDelGrpFtr(int idxFtr, int delFtrs);
cvxPartDivide	zwapi_cmd_shape.h	1533		ZW_API_C evxErrors cvxPartDivide(svxDivideData *Divide, int *numShape, int **idShapes);
cvxPartDivideInit	zwapi_cmd_shape.h	1502		ZW_API_C evxErrors cvxPartDivideInit(svxDivideData *data);
cvxPartDraft	zwapi_cmd_shape.h	833		ZW_API_C evxErrors cvxPartDraft(const svxDraftData *Draft, int *idDraft);
cvxPartDraftInit	zwapi_cmd_shape.h	805		ZW_API_C evxErrors cvxPartDraftInit(evxDraftMethods method, svxDraftData *data);
cvxPartEcadRgnCut	zwapi_cmd_ecadboard.h	137		ZW_API_C evxErrors cvxPartEcadRgnCut(int idSketch, int *idFtr);
cvxPartEcadRgnSet	zwapi_cmd_ecadboard.h	115		ZW_API_C evxErrors cvxPartEcadRgnSet(const svxEcadRgnSetData *pRgnSetData, int *idFtr);
cvxPartEcadRgnSetInit	zwapi_cmd_ecadboard.h	91		ZW_API_C evxErrors cvxPartEcadRgnSetInit(svxEcadRgnSetData *data);
cvxPartEdgeDispData	zwapi_part_facets.h	780		ZW_API_C evxErrors cvxPartEdgeDispData(int idEdge, svxEdgeDispData *data);
cvxPartEdgeDispDataFree	zwapi_part_facets.h	790		ZW_API_C void cvxPartEdgeDispDataFree(svxEdgeDispData *data);
cvxPartEllipse	zwapi_cmd_wireframe.h	529		ZW_API_C evxErrors cvxPartEllipse(svxRectangleData *ellipseData, int *idEnt);
cvxPartEllipseInit	zwapi_cmd_wireframe.h	503		ZW_API_C evxErrors cvxPartEllipseInit(svxRectangleData *data);
cvxPartEllipsoid	zwapi_cmd_shape.h	288		ZW_API_C evxErrors cvxPartEllipsoid(svxEllsoData *Ellso, int *idShape);
cvxPartEllipsoidInit	zwapi_cmd_shape.h	258		ZW_API_C evxErrors cvxPartEllipsoidInit(svxEllsoData *data);
cvxPartEncapsulate	zwapi_part_opts.h	102		ZW_API_C evxErrors cvxPartEncapsulate(int Option, int KeepDimen);
cvxPartEnlargeFace	zwapi_cmd_freeform.h	704		ZW_API_C evxErrors cvxPartEnlargeFace(const svxEnlargeFaceData *data, int *idFace);
cvxPartEnlargeFaceInit	zwapi_cmd_freeform.h	679		ZW_API_C evxErrors cvxPartEnlargeFaceInit(svxEnlargeFaceData *data);
cvxPartEqnDelete	zwapi_var.h	280		ZW_API_C evxErrors cvxPartEqnDelete(int idEqn);
cvxPartEqnMoveToEqnSet	zwapi_part_var.h	229		ZW_API_C evxErrors cvxPartEqnMoveToEqnSet(int idEqnSet, int cnt, const int *idListEqn);
cvxPartEqnSet	zwapi_part_var.h	274		ZW_API_C evxErrors cvxPartEqnSet(int Count, svxVariable *Variables);
cvxPartEqnSetWithName	zwapi_part_var.h	302		ZW_API_C evxErrors cvxPartEqnSetWithName(const vxLongName setName, int count, svxVariable *vars);
cvxPartErase	zwapi_part_opts.h	581		ZW_API_C evxErrors cvxPartErase(int Count, int *idEnts);
cvxPartExit	zwapi_part_opts.h	43	SI	ZW_API_C void cvxPartExit(void);
cvxPartExplode	zwapi_cmd_freeform.h	586		ZW_API_C evxErrors cvxPartExplode(const svxExplodeData *ExplodeData, int *numShape, int **idShapes);
cvxPartExplodeInit	zwapi_cmd_freeform.h	560		ZW_API_C evxErrors cvxPartExplodeInit(svxExplodeData *data);
cvxPartExtendFace	zwapi_cmd_freeform.h	377		ZW_API_C evxErrors cvxPartExtendFace(svxExtendData *data, int *newFtr);
cvxPartExtendFaceInit	zwapi_cmd_freeform.h	355		ZW_API_C evxErrors cvxPartExtendFaceInit(svxExtendData *data);
cvxPartExtendShape	zwapi_cmd_freeform.h	747		ZW_API_C evxErrors cvxPartExtendShape(const svxExtendShapeData *data, int *idFtr);
cvxPartExtendShapeInit	zwapi_cmd_freeform.h	723		ZW_API_C evxErrors cvxPartExtendShapeInit(svxExtendShapeData *data);
cvxPartExtractCenterlines	zwapi_cmd_wireframe.h	981		ZW_API_C evxErrors cvxPartExtractCenterlines(int cntFaces, int *idFaces, int extractAxis, int *cntEnts, int **idEnts);
cvxPartExtrude	zwapi_cmd_shape.h	344		ZW_API_C evxErrors cvxPartExtrude(svxExtrudeData *Ext, int *idShape);
cvxPartExtrudeInit	zwapi_cmd_shape.h	310		ZW_API_C evxErrors cvxPartExtrudeInit(svxExtrudeData *data);
cvxPartFace	zwapi_math_nurbssurface.h	84		ZW_API_C evxErrors cvxPartFace(svxSurface *Srf, int NumCurves, svxCurve *TrimCurves, int Code, int Sew, double Tol, int *idFace);
cvxPartFaceCurve	zwapi_cmd_wireframe.h	924		ZW_API_C evxErrors cvxPartFaceCurve(const svxFaceCrvData *data, int *cntEnts, int **idEnts);
cvxPartFaceEdgesFind	zwapi_math_nurbssurface.h	268		ZW_API_C evxErrors cvxPartFaceEdgesFind(int nSeeds, int *idSeeds, evxEdgeLoopType type, int *Count, int **idEdges);
cvxPartFaceFillet	zwapi_cmd_shape.h	659		ZW_API_C evxErrors cvxPartFaceFillet(const svxFaceFlltData *data, int *idFillet);
cvxPartFaceFilletInit	zwapi_cmd_shape.h	636		ZW_API_C evxErrors cvxPartFaceFilletInit(svxFaceFlltData *data);
cvxPartFaceFind	zwapi_math_nurbssurface.h	241		ZW_API_C evxErrors cvxPartFaceFind(svxFaceFind *findData, int *Count, int **idFaces);
cvxPartFaceMesh	zwapi_part_facets.h	648		ZW_API_C evxErrors cvxPartFaceMesh(int idFace, double chord, double sideSize, int *count, svxTriangle **pnts);
cvxPartFaceMeshPnts	zwapi_part_facets.h	678		ZW_API_C evxErrors cvxPartFaceMeshPnts(int idFace, double chord, double sideSize, int *count, svxPoint **pnts);
cvxPartFaceMod	zwapi_math_nurbssurface.h	141		ZW_API_C evxErrors cvxPartFaceMod(int idFace, svxSurface *Srf, int NumCurves, svxCurve *TrimCurves, int Sew, double Tol);
cvxPartFaceOffset	zwapi_cmd_shape.h	1244		ZW_API_C evxErrors cvxPartFaceOffset(int idFace, double Dis, int Keep);
cvxPartFacesOffset	zwapi_cmd_freeform.h	336		ZW_API_C evxErrors cvxPartFacesOffset(const svxFcsOffsetData *data, int *idFtr);
cvxPartFacesOffsetInit	zwapi_cmd_freeform.h	311		ZW_API_C evxErrors cvxPartFacesOffsetInit(svxFcsOffsetData *data);
cvxPartFacesetSew	zwapi_cmd_freeform.h	633		ZW_API_C evxErrors cvxPartFacesetSew(int count, int *shapes, svxSewData *param, int *newFtr);
cvxPartFacesetSewInit	zwapi_cmd_freeform.h	605		ZW_API_C evxErrors cvxPartFacesetSewInit(svxSewData *data);
cvxPartFacets	zwapi_part_facets.h	85		ZW_API_C evxErrors cvxPartFacets(vxLongName Name, svxFacets *Facets, int *idBlock);
cvxPartFacetsBySTL	zwapi_part_facets.h	113		ZW_API_C evxErrors cvxPartFacetsBySTL(const vxLongName name, const svxSTL *stl, int *idBlock);
cvxPartFacetsConvertToSTL	zwapi_part_facets.h	701		ZW_API_C evxErrors cvxPartFacetsConvertToSTL(const svxFacets *facets, svxSTL *stl);
cvxPartFacetsMod	zwapi_part_facets.h	342		ZW_API_C evxErrors cvxPartFacetsMod(int idBlock, svxFacets *Facets);
cvxPartFacetsSetAt	zwapi_part_facets.h	362		ZW_API_C evxErrors cvxPartFacetsSetAt(int idBlock, const svxFaceAt *At);
cvxPartFacetsSetTx	zwapi_part_facets.h	392		ZW_API_C evxErrors cvxPartFacetsSetTx(int idBlock, const svxTextureAt *Tx);
cvxPartFillet	zwapi_cmd_shape.h	575		ZW_API_C evxErrors cvxPartFillet(int Count, int *Edges, double Radius);
cvxPartFilletAll	zwapi_cmd_shape.h	617		ZW_API_C evxErrors cvxPartFilletAll(const svxChamFlltData *Fillet, int *idFillet);
cvxPartFilletAllInit	zwapi_cmd_shape.h	594		ZW_API_C evxErrors cvxPartFilletAllInit(svxChamFlltData *data);
cvxPartFilletBlend	zwapi_cmd_freeform.h	66		ZW_API_C evxErrors cvxPartFilletBlend(const svxFilletBlendData *FilletBlend, int *idFilletBlend);
cvxPartFilletBlendInit	zwapi_cmd_freeform.h	44		ZW_API_C evxErrors cvxPartFilletBlendInit(svxFilletBlendData *data);
cvxPartFittingCrv	zwapi_cmd_wireframe.h	1182		ZW_API_C evxErrors cvxPartFittingCrv(int iCnt, svxPoint *pnts, double tol, double smth, int *idEnt);
cvxPartFlagExtThread	zwapi_cmd_shape.h	1071		ZW_API_C evxErrors cvxPartFlagExtThread(const svxFlagExtThreadData *data, int *idFtr);
cvxPartFlagExtThreadInit	zwapi_cmd_shape.h	1046		ZW_API_C evxErrors cvxPartFlagExtThreadInit(svxFlagExtThreadData *data);
cvxPartFlagHoles	zwapi_cmd_shape.h	981		ZW_API_C evxErrors cvxPartFlagHoles(const svxFlagHoleData *data, int *idFtr);
cvxPartFlagHolesInit	zwapi_cmd_shape.h	956		ZW_API_C evxErrors cvxPartFlagHolesInit(svxFlagHoleData *data);
cvxPartFreeCfgTbl	zwapi_part_config.h	266		ZW_API_C void cvxPartFreeCfgTbl(svxPartCfgInfo **cfginfo);
cvxPartFreeHoles	zwapi_part_hole.h	65		ZW_API_C void cvxPartFreeHoles(int Count, svxHoleData **Holes);
cvxPartFtrInqAuxFtrs	zwapi_part_history.h	347		ZW_API_C int cvxPartFtrInqAuxFtrs(int idFtr, int *count, int **idAuxFtrs);
cvxPartFtrInqInpEnts	zwapi_part_history.h	624		ZW_API_C evxErrors cvxPartFtrInqInpEnts(int idFeature, evxEntType type, int *cnt, int **list);
cvxPartFtrIsMissRef	zwapi_part_history.h	213		ZW_API_C int cvxPartFtrIsMissRef(int idFeature, char *status);
cvxPartFtrIsUDF	zwapi_cmd_udf.h	176		ZW_API_C evxErrors cvxPartFtrIsUDF(int idFtr, int *isUDF);
cvxPartFtrPlayTo	zwapi_part_opts.h	225		ZW_API_C evxErrors cvxPartFtrPlayTo(int idxFtrPlayTo, int state);
cvxPartFtrSuppress	zwapi_part_opts.h	246		ZW_API_C evxErrors cvxPartFtrSuppress(int count, int *idFeatures, char suppress);
cvxPartFtrUserAtDel	zwapi_part_history.h	736		ZW_API_C evxErrors cvxPartFtrUserAtDel(int idFeature, int Count, svxAttribute *UserAt);
cvxPartFtrUserAtGet	zwapi_part_history.h	685		ZW_API_C evxErrors cvxPartFtrUserAtGet(int idFeature, int *Count, svxAttribute **UserAt);
cvxPartFtrUserAtSet	zwapi_part_history.h	710		ZW_API_C evxErrors cvxPartFtrUserAtSet(int idFeature, int Count, svxAttribute *UserAt);
cvxPartGeomExport	zwapi_cmd_assembly.h	327		ZW_API_C evxErrors cvxPartGeomExport(svxGeomExport *Data);
cvxPartGeomExportII	zwapi_cmd_assembly.h	351		ZW_API_C evxErrors cvxPartGeomExportII(svxGeomExport *Data);
cvxPartGetCustomStr	zwapi_part_attribute.h	854		ZW_API_C evxErrors cvxPartGetCustomStr(int idEnt, int *idStr, char **CustomString);
cvxPartGetFlatSolids	zwapi_part_sheetmetal_attribute.h	238		ZW_API_C evxErrors cvxPartGetFlatSolids(int *cnts, int **solids);
cvxPartHistAdd	zwapi_part_opts.h	549		ZW_API_C evxErrors cvxPartHistAdd(const int idData, const vxName FtrName, const int Option, int *idFtr);
cvxPartHistClip	zwapi_part_opts.h	338		ZW_API_C evxErrors cvxPartHistClip(int Cut, int Count, int *Operations);
cvxPartHistClipbyPath	zwapi_part_opts.h	364		ZW_API_C evxErrors cvxPartHistClipbyPath(int Cut, int Count, svxEntPath *paths);
cvxPartHistDel	zwapi_part_opts.h	411		ZW_API_C evxErrors cvxPartHistDel(int Count, int *Operations);
cvxPartHistDelUtil	zwapi_part_opts.h	438		ZW_API_C evxErrors cvxPartHistDelUtil(int Count, int *Operations, int OpType);
cvxPartHistEnd	zwapi_part_opts.h	161		ZW_API_C evxErrors cvxPartHistEnd(void);
cvxPartHistGroup	zwapi_part_opts.h	269		ZW_API_C evxErrors cvxPartHistGroup(int idFirst, int idLast, const vxName Name, int Close);
cvxPartHistInqGroup	zwapi_part_opts.h	293		ZW_API_C evxErrors cvxPartHistInqGroup(int idHistObj, int *idGroup);
cvxPartHistList	zwapi_part_history.h	139		ZW_API_C evxErrors cvxPartHistList(int Option, int *Cnts, int **HistList);
cvxPartHistPaste	zwapi_part_opts.h	312		ZW_API_C evxErrors cvxPartHistPaste(void);
cvxPartHistRename	zwapi_part_opts.h	390		ZW_API_C evxErrors cvxPartHistRename(int idOp, vxName Name, char *Descript);
cvxPartHistScrollTo	zwapi_part_opts.h	599		ZW_API_C evxErrors cvxPartHistScrollTo(int idEnt);
cvxPartHistStart	zwapi_part_opts.h	142		ZW_API_C evxErrors cvxPartHistStart(vxName Name);
cvxPartHole	zwapi_cmd_shape.h	885		ZW_API_C evxErrors cvxPartHole(svxHoleData *Hole, int *idOp);
cvxPartHoleInit	zwapi_cmd_shape.h	858		ZW_API_C evxErrors cvxPartHoleInit(evxHoleOpt HoleOpt, int type, svxHoleData *data);
cvxPartInlay	zwapi_cmd_shape.h	1693		ZW_API_C evxErrors cvxPartInlay(svxInlayData *Inlay, int *idInlay);
cvxPartInlayInit	zwapi_cmd_shape.h	1665		ZW_API_C evxErrors cvxPartInlayInit(svxInlayData *data);
cvxPartInqActiveCfg	zwapi_part_config.h	90		ZW_API_C evxErrors cvxPartInqActiveCfg(int *idCfg);
cvxPartInqActiveCfgByName	zwapi_part_config.h	114		ZW_API_C evxErrors cvxPartInqActiveCfgByName(const vxLongPath fileName, const vxRootName rootName, int *idCfg);
cvxPartInqAnnoTexts	zwapi_part_objs.h	198		ZW_API_C evxErrors cvxPartInqAnnoTexts(int *Count, int **Texts);
cvxPartInqAsmFldChildEnts	zwapi_asm_comp.h	90		ZW_API_C evxErrors cvxPartInqAsmFldChildEnts(const vxLongPath File, const vxRootName Part, int idFolder, int incSubFld, int *count, int **Ents);
cvxPartInqAsmFolders	zwapi_asm_comp.h	59		ZW_API_C evxErrors cvxPartInqAsmFolders(const vxLongPath File, const vxRootName Part, int type, int *count, int **Folders);
cvxPartInqAsmFtrList	zwapi_asm_comp.h	122		ZW_API_C evxErrors cvxPartInqAsmFtrList(const vxLongPath File, const vxRootName Part, int *Count, int **Features);
cvxPartInqAsmIsFlex	zwapi_asm_comp.h	448		ZW_API_C evxErrors cvxPartInqAsmIsFlex(int idComp, int *isFlexible);
cvxPartInqAsmIsFlexByPath	zwapi_asm_comp.h	470		ZW_API_C evxErrors cvxPartInqAsmIsFlexByPath(svxEntPath AsmPath, int *isFlexible);
cvxPartInqAxis	zwapi_part_datum_query.h	52		ZW_API_C evxErrors cvxPartInqAxis(int *Count, int **Axis);
cvxPartInqBlockPnts	zwapi_part_facets.h	165		ZW_API_C evxErrors cvxPartInqBlockPnts(int idBlock, int *Count, svxPointf **Points);
cvxPartInqBlockType	zwapi_part_facets.h	184		ZW_API_C evxErrors cvxPartInqBlockType(int idBlock, evxBlockType *Type);
cvxPartInqBlocks	zwapi_part_facets.h	141		ZW_API_C evxErrors cvxPartInqBlocks(int *Count, int **Blocks);
cvxPartInqCSYSAxis	zwapi_part_datum_query.h	235		ZW_API_C evxErrors cvxPartInqCSYSAxis(int idCSYS, evxAxisType AxisType, int *idAxis);
cvxPartInqCSYSPlane	zwapi_part_datum_query.h	257		ZW_API_C evxErrors cvxPartInqCSYSPlane(int idCSYS, evxPlaneType PlnType, int *idPlane);
cvxPartInqCfgList	zwapi_part_config.h	142		ZW_API_C evxErrors cvxPartInqCfgList(int *Count, int **CfgList);
cvxPartInqCfgListByName	zwapi_part_config.h	167		ZW_API_C evxErrors cvxPartInqCfgListByName(const vxLongPath fileName, const vxRootName rootName, int *Count, int **CfgList);
cvxPartInqCfgTblInfos	zwapi_part_config.h	226		ZW_API_C evxErrors cvxPartInqCfgTblInfos(int idCfg, svxPartCfgInfo **partCfg);
cvxPartInqCfgTblInfosByName	zwapi_part_config.h	252		ZW_API_C evxErrors cvxPartInqCfgTblInfosByName(const vxLongPath fileName, const vxRootName rootName, int idCfg, svxPartCfgInfo **partCfg);
cvxPartInqComps	zwapi_asm_comp.h	149		ZW_API_C evxErrors cvxPartInqComps(const vxLongPath File, const vxRootName Part, int *Count, int **Comps);
cvxPartInqComps2	zwapi_asm_comp.h	175		ZW_API_C evxErrors cvxPartInqComps2(const vxLongPath File, const vxRootName Part, int Option, int *Count, int **Comps);
cvxPartInqCompsInfo	zwapi_asm_comp.h	215		ZW_API_C evxErrors cvxPartInqCompsInfo(const vxPath Path, const vxRootName Name, int *Count, vxPath **Paths, vxRootName **Names);
cvxPartInqCompsInfoByLongPath	zwapi_asm_comp.h	255		ZW_API_C evxErrors cvxPartInqCompsInfoByLongPath(const vxLongPath Path, const vxRootName Name, int *Count, vxLongPath **Paths, vxRootName **Names);
cvxPartInqConstraints	zwapi_part_objs.h	246		ZW_API_C evxErrors cvxPartInqConstraints(const vxLongPath File, const vxRootName Part, int *count, int **cons);
cvxPartInqCrvList	zwapi_part_objs.h	100		ZW_API_C evxErrors cvxPartInqCrvList(int idCrvList, int *Count, svxEntPick **Curves);
cvxPartInqCrvLists	zwapi_part_objs.h	70		ZW_API_C evxErrors cvxPartInqCrvLists(int *Count, int **CrvLists);
cvxPartInqCsys	zwapi_part_datum_query.h	194		ZW_API_C evxErrors cvxPartInqCsys(int *Count, int **Csys);
cvxPartInqCurve	zwapi_part_objs.h	129		ZW_API_C evxErrors cvxPartInqCurve(int idEntity, int Nurb, svxCurve *Crv);
cvxPartInqCurves	zwapi_part_objs.h	50		ZW_API_C evxErrors cvxPartInqCurves(int *Count, int **Curves);
cvxPartInqDefaultCSYS	zwapi_part_datum_query.h	213		ZW_API_C evxErrors cvxPartInqDefaultCSYS(int *CSYS);
cvxPartInqDimIdxs	zwapi_part_dim.h	94		ZW_API_C evxErrors cvxPartInqDimIdxs(const vxLongPath File, const vxRootName Part, int *Count, int **IdList);
cvxPartInqDims	zwapi_part_dim.h	47		ZW_API_C evxErrors cvxPartInqDims(const vxLongPath File, const vxRootName Part, int *Count, svxVariable **Variables);
cvxPartInqEdgeCrv	zwapi_brep_edge.h	197		ZW_API_C evxErrors cvxPartInqEdgeCrv(int idEdge, int idFace, svxCurve *Crv);
cvxPartInqEdgeDiscreteData	zwapi_brep_edge.h	226		ZW_API_C evxErrors cvxPartInqEdgeDiscreteData(const svxRefineFacets *refineData, svxEdgeDiscreteData **discreteData, int *num);
cvxPartInqEdgeFaces	zwapi_brep_edge.h	98		ZW_API_C evxErrors cvxPartInqEdgeFaces(int idEdge, int *Count, int **Faces);
cvxPartInqEdgeLoop	zwapi_brep_edge.h	137		ZW_API_C evxErrors cvxPartInqEdgeLoop(int idFace, int idEdge, int *idLoop);
cvxPartInqEdgeOpen	zwapi_brep_edge.h	50		ZW_API_C int cvxPartInqEdgeOpen(int idEdge);
cvxPartInqEdgePreEdges	zwapi_brep_edge.h	118		ZW_API_C evxErrors cvxPartInqEdgePreEdges(int idEdge, int *Count, int **PreEdges);
cvxPartInqEdgeShape	zwapi_brep_edge.h	155		ZW_API_C evxErrors cvxPartInqEdgeShape(int idEdge, int *idShape);
cvxPartInqEdgeType	zwapi_brep_edge.h	73		ZW_API_C evxErrors cvxPartInqEdgeType(int idEdge, evxEdgeType *EdgeType);
cvxPartInqEntBox	zwapi_general_ent.h	1281		ZW_API_C evxErrors cvxPartInqEntBox(int idEnt, const svxMatrix *Mat, svxBndBox *Box);
cvxPartInqEntByLabel	zwapi_general_ent.h	1328		ZW_API_C evxErrors cvxPartInqEntByLabel(int *Label, int Exact, int *idEntity);
cvxPartInqEntFtr	zwapi_general_ent.h	1196		ZW_API_C evxErrors cvxPartInqEntFtr(int idEntity, int *idFeature);
cvxPartInqEntLabel	zwapi_general_ent.h	927		ZW_API_C evxErrors cvxPartInqEntLabel(int idEntity, int **Label);
cvxPartInqEntShape	zwapi_brep_shape.h	417		ZW_API_C evxErrors cvxPartInqEntShape(int idEntity, int *idShape);
cvxPartInqEntsArea	zwapi_math.h	278		ZW_API_C evxErrors cvxPartInqEntsArea(int cnt, int *crvList, svxAreaProp *areaProp);
cvxPartInqEntsAreaByPath	zwapi_math.h	308		ZW_API_C evxErrors cvxPartInqEntsAreaByPath(int cnt, svxEntPath *crvList, svxAreaProp *areaProp);
cvxPartInqEqnAllId	zwapi_part_var.h	72		ZW_API_C evxErrors cvxPartInqEqnAllId(int *cntList, int **idList, int *cntSets, int **idSets);
cvxPartInqEqnAssociatedSet	zwapi_var.h	83		ZW_API_C evxErrors cvxPartInqEqnAssociatedSet(int idEqn, int *idSet);
cvxPartInqEqnSetMembers	zwapi_var.h	65		ZW_API_C evxErrors cvxPartInqEqnSetMembers(int idSet, int *count, int **idList);
cvxPartInqFaceAt	zwapi_brep_face.h	50		ZW_API_C evxErrors cvxPartInqFaceAt(int idFace, svxFaceAt *At);
cvxPartInqFaceBox	zwapi_brep_face.h	393		ZW_API_C evxErrors cvxPartInqFaceBox(int idFace, svxBndBox *Box);
cvxPartInqFaceCrvs	zwapi_brep_face.h	425		ZW_API_C evxErrors cvxPartInqFaceCrvs(int idFace, int *Count, svxCurve **TrimCurves);
cvxPartInqFaceEdges	zwapi_brep_face.h	450		ZW_API_C evxErrors cvxPartInqFaceEdges(int idFace, int *Count, int **Edges);
cvxPartInqFaceFacets	zwapi_part_facets.h	445		ZW_API_C evxErrors cvxPartInqFaceFacets(int idFace, int *Count, svxTriangle **Facets);
cvxPartInqFaceFacets2	zwapi_part_facets.h	526		ZW_API_C evxErrors cvxPartInqFaceFacets2(int idFace, svxFacets *Facets);
cvxPartInqFaceFacets2ByTol	zwapi_part_facets.h	613		ZW_API_C evxErrors cvxPartInqFaceFacets2ByTol(svxRefineFacets *RefineData, svxFacets *Facets);
cvxPartInqFaceFacetsByChord	zwapi_part_facets.h	556		ZW_API_C evxErrors cvxPartInqFaceFacetsByChord(int idFace, double ChordHeight, int *Count, svxTriangle **Facets);
cvxPartInqFaceFillet	zwapi_brep_face.h	616		ZW_API_C evxErrors cvxPartInqFaceFillet(int idFace, int *isFilletFace);
cvxPartInqFaceGeom	zwapi_brep_face.h	594		ZW_API_C evxErrors cvxPartInqFaceGeom(int idFace, int *idGeom);
cvxPartInqFaceLoops	zwapi_brep_face.h	479		ZW_API_C evxErrors cvxPartInqFaceLoops(int idFace, int Inner, int *Count, int **Loops);
cvxPartInqFaceSh	zwapi_brep_face.h	108		ZW_API_C evxErrors cvxPartInqFaceSh(int idFace, svxShaderAt *Sh);
cvxPartInqFaceShape	zwapi_brep_face.h	576		ZW_API_C evxErrors cvxPartInqFaceShape(int idFace, int *idShape);
cvxPartInqFaceSrf	zwapi_brep_face.h	503		ZW_API_C evxErrors cvxPartInqFaceSrf(int idFace, svxSurface *Srf);
cvxPartInqFaceSrfPrim	zwapi_brep_face.h	542		ZW_API_C evxErrors cvxPartInqFaceSrfPrim(int idFace, svxSrfPrim *SrfPrim);
cvxPartInqFaceTx	zwapi_brep_face.h	139		ZW_API_C evxErrors cvxPartInqFaceTx(int idFace, svxTextureAt *Tx);
cvxPartInqFaceTxFile	zwapi_brep_face.h	326		ZW_API_C evxErrors cvxPartInqFaceTxFile(int idFace, vxPath Path);
cvxPartInqFaceTxFileByLongPath	zwapi_brep_face.h	369		ZW_API_C evxErrors cvxPartInqFaceTxFileByLongPath(int idFace, char *Path, int sizePath);
cvxPartInqFacets	zwapi_part_facets.h	205		ZW_API_C evxErrors cvxPartInqFacets(int idBlock, svxSTL *Stl);
cvxPartInqFacets2	zwapi_part_facets.h	234		ZW_API_C evxErrors cvxPartInqFacets2(int idBlock, svxFacets *Facets);
cvxPartInqFacetsTxFile	zwapi_part_facets.h	264		ZW_API_C evxErrors cvxPartInqFacetsTxFile(int idBlock, vxPath Path);
cvxPartInqFacetsTxFileByLongPath	zwapi_part_facets.h	299		ZW_API_C evxErrors cvxPartInqFacetsTxFileByLongPath(int idBlock, char *Path, int sizePath);
cvxPartInqFlattens	zwapi_part_sheetmetal_attribute.h	270		ZW_API_C evxErrors cvxPartInqFlattens(int *count, int **idFlattens, vxLongName **flattenNames);
cvxPartInqFlexAsmMat	zwapi_asm_comp.h	1019		ZW_API_C evxErrors cvxPartInqFlexAsmMat(svxEntPath AsmPath, svxMatrix *AsmMat);
cvxPartInqFtrAssoPart	zwapi_part_history.h	242		ZW_API_C int cvxPartInqFtrAssoPart(int idFeature, vxPath fileName, vxRootName rootName);
cvxPartInqFtrAssoPartByLongPath	zwapi_part_history.h	279		ZW_API_C int cvxPartInqFtrAssoPartByLongPath(int idFeature, char *fileName, int sizeFile, char *rootName, int sizeRName);
cvxPartInqFtrChildFtrs	zwapi_part_history.h	592		ZW_API_C evxErrors cvxPartInqFtrChildFtrs(int idFeature, int *cnt, int **list);
cvxPartInqFtrData	zwapi_part_history.h	322		ZW_API_C int cvxPartInqFtrData(int idFeature, int iNoEval, int *idData);
cvxPartInqFtrEnts	zwapi_part_history.h	654		ZW_API_C evxErrors cvxPartInqFtrEnts(int idFeature, evxEntType EntType, int *Count, int **Ents);
cvxPartInqFtrGroup	zwapi_part_history.h	489		ZW_API_C evxErrors cvxPartInqFtrGroup(int idFeature, int *idGroup);
cvxPartInqFtrList	zwapi_part_history.h	167		ZW_API_C evxErrors cvxPartInqFtrList(int *Count, int **Features);
cvxPartInqFtrParentFtrs	zwapi_part_history.h	567		ZW_API_C evxErrors cvxPartInqFtrParentFtrs(int idFeature, int getAll, int *cnt, int **list);
cvxPartInqFtrRegenStat	zwapi_part_history.h	421		ZW_API_C evxErrors cvxPartInqFtrRegenStat(int idFeature, char *stat);
cvxPartInqFtrRegenStatus	zwapi_part_history.h	446		ZW_API_C evxErrors cvxPartInqFtrRegenStatus(int idFtr, evxFtrRegenStatus *status);
cvxPartInqFtrTemplate	zwapi_part_history.h	370		ZW_API_C evxErrors cvxPartInqFtrTemplate(int idFeature, vxName Template);
cvxPartInqFtrTol	zwapi_part_history.h	390		ZW_API_C evxErrors cvxPartInqFtrTol(int idFeature, double *Tolerance);
cvxPartInqFtrVersion	zwapi_part_history.h	467		ZW_API_C evxErrors cvxPartInqFtrVersion(int idFeature, int *Version);
cvxPartInqGroupFtrs	zwapi_part_history.h	515		ZW_API_C evxErrors cvxPartInqGroupFtrs(int idGroup, int *count, int **ftrList);
cvxPartInqGroupList	zwapi_part_history.h	539		ZW_API_C evxErrors cvxPartInqGroupList(int *count, int **groups);
cvxPartInqHoles	zwapi_part_hole.h	50		ZW_API_C evxErrors cvxPartInqHoles(const vxLongPath File, const vxRootName Part, int *Count, svxHoleData **Holes);
cvxPartInqLCSMat	zwapi_part_datum_query.h	320	SI	ZW_API_C void cvxPartInqLCSMat(svxMatrix *mat);
cvxPartInqLoopEdges	zwapi_brep_loop.h	54		ZW_API_C evxErrors cvxPartInqLoopEdges(int idLoop, int *Count, int **Edges);
cvxPartInqLoopFace	zwapi_brep_loop.h	72		ZW_API_C evxErrors cvxPartInqLoopFace(int idLoop, int *idFace);
cvxPartInqLoopInner	zwapi_brep_loop.h	128		ZW_API_C evxErrors cvxPartInqLoopInner(int idLoop, int *isInner);
cvxPartInqLoopPreEdges	zwapi_brep_loop.h	103		ZW_API_C evxErrors cvxPartInqLoopPreEdges(int idLoop, int *Count, int **PreEdges);
cvxPartInqPMIDimEnts	zwapi_part_dim.h	73		ZW_API_C evxErrors cvxPartInqPMIDimEnts(int idDim, int *Count, svxEntPath **EntPaths);
cvxPartInqPMIs	zwapi_part_dim.h	118		ZW_API_C evxErrors cvxPartInqPMIs(evxPMIEntType type, int *count, int **idPMIs);
cvxPartInqPoints	zwapi_part_objs.h	171		ZW_API_C evxErrors cvxPartInqPoints(int *count, int **pointIdx);
cvxPartInqPreEdgeInfo	zwapi_brep_preedge.h	45		ZW_API_C evxErrors cvxPartInqPreEdgeInfo(int idPreEdge, svxPreEdge *PreEdge);
cvxPartInqPreEdgeStartPnt	zwapi_brep_preedge.h	65		ZW_API_C evxErrors cvxPartInqPreEdgeStartPnt(int idPreEdge, int *idEdge, svxPoint2 *StartPnt);
cvxPartInqPublishSet	zwapi_part_objs.h	354		ZW_API_C evxErrors cvxPartInqPublishSet(const vxLongPath File, const vxRootName Part, int idPubSet, vxName Name, int *Count, int **idEnts);
cvxPartInqPublishSets	zwapi_part_objs.h	312		ZW_API_C evxErrors cvxPartInqPublishSets(const vxLongPath File, const vxRootName Part, int *Count, int **idPubSets);
cvxPartInqReversedCurve	zwapi_cmd_wireframe.h	1411		ZW_API_C evxErrors cvxPartInqReversedCurve(int idEnt, svxCurve *data);
cvxPartInqShapeBox	zwapi_brep_shape.h	156		ZW_API_C evxErrors cvxPartInqShapeBox(int idShape, svxMatrix *Mat, svxBndBox *Box);
cvxPartInqShapeComp	zwapi_brep_shape.h	254		ZW_API_C evxErrors cvxPartInqShapeComp(int idShape, int *idComp);
cvxPartInqShapeEdges	zwapi_brep_shape.h	279		ZW_API_C evxErrors cvxPartInqShapeEdges(int idShape, int *Count, int **Edges);
cvxPartInqShapeExtreme	zwapi_brep_shape.h	366		ZW_API_C evxErrors cvxPartInqShapeExtreme(int idShape, const svxVector *Dir, int *Count, int **idEnts, svxPoint *Point);
cvxPartInqShapeFaces	zwapi_brep_shape.h	304		ZW_API_C evxErrors cvxPartInqShapeFaces(int idShape, int *Count, int **Faces);
cvxPartInqShapeFtrs	zwapi_brep_shape.h	335		ZW_API_C evxErrors cvxPartInqShapeFtrs(int idShape, int Option, int *Count, int **Features);
cvxPartInqShapeMass	zwapi_brep_shape.h	180		ZW_API_C evxErrors cvxPartInqShapeMass(int idShape, double Density, svxMassProp *Prop);
cvxPartInqShapeOpen	zwapi_brep_shape.h	125		ZW_API_C evxErrors cvxPartInqShapeOpen(int idShape, int *isOpen);
cvxPartInqShapes	zwapi_brep_shape.h	230		ZW_API_C evxErrors cvxPartInqShapes(const vxLongPath File, const vxRootName Part, int *Count, int **Shapes);
cvxPartInqShtMetalThick	zwapi_part_sheetmetal_attribute.h	198		ZW_API_C evxErrors cvxPartInqShtMetalThick(int idShape, double *thick);
cvxPartInqSmdPairFaces	zwapi_part_sheetmetal_attribute.h	159		ZW_API_C evxErrors cvxPartInqSmdPairFaces(int idFace, int *count, int **faces);
cvxPartInqSmdSrfType	zwapi_part_sheetmetal_attribute.h	179		ZW_API_C evxErrors cvxPartInqSmdSrfType(int idFace, evxSmdSurfaceType *type);
cvxPartInqSmdStatFace	zwapi_part_sheetmetal_attribute.h	136		ZW_API_C evxErrors cvxPartInqSmdStatFace(int idShape, int *idFace);
cvxPartInqSmdStatFcs	zwapi_part_sheetmetal_attribute.h	114		ZW_API_C int cvxPartInqSmdStatFcs(int idShape, int *countStat, int **statFcs, int *countPair, int **pairStatFcs);
cvxPartInqTagNames	zwapi_general_ent.h	184		ZW_API_C evxErrors cvxPartInqTagNames(int *Count, vxLongName **Names);
cvxPartInqTempData	zwapi_part_objs.h	271		ZW_API_C evxErrors cvxPartInqTempData(int idPart, int *count, int **datas);
cvxPartInqTexts	zwapi_part_objs.h	221		ZW_API_C evxErrors cvxPartInqTexts(int *count, int **idTexts);
cvxPartInqVars	zwapi_part_var.h	49		ZW_API_C evxErrors cvxPartInqVars(const vxLongPath File, const vxRootName Part, int *Count, svxVariable **Variables);
cvxPartInqVertexEdges	zwapi_brep_vertex.h	49		ZW_API_C evxErrors cvxPartInqVertexEdges(int idEdge, int EndPnt, int *Count, int **Edges);
cvxPartInqView	zwapi_part_view.h	46		ZW_API_C evxErrors cvxPartInqView(int idView, svxView *View);
cvxPartInqViews	zwapi_part_view.h	69		ZW_API_C evxErrors cvxPartInqViews(int *Count, int **Views);
cvxPartIns	zwapi_cmd_assembly.h	380		ZW_API_C evxErrors cvxPartIns(svxPartInstData *Part, int *Count, int **ShapeList);
cvxPartInterXCurve	zwapi_cmd_wireframe.h	762		ZW_API_C evxErrors cvxPartInterXCurve(const svxInterCrvData *pFaces, int *idFtr);
cvxPartInterXCurveInit	zwapi_cmd_wireframe.h	737		ZW_API_C evxErrors cvxPartInterXCurveInit(svxInterCrvData *data);
cvxPartIsectShpChk	zwapi_math_insect.h	472		ZW_API_C int cvxPartIsectShpChk(int idBaseShape, int idOpShape);
cvxPartIsectShpChk2	zwapi_math_insect.h	496		ZW_API_C int cvxPartIsectShpChk2(int idBaseShape, int idOpShape, int fClosedChk);
cvxPartIsoCurveOnFace	zwapi_cmd_wireframe.h	852		ZW_API_C evxErrors cvxPartIsoCurveOnFace(const svxIsoCrvOnFaceData *data, int *cntEnts, int **idEnts);
cvxPartIsoCurveOnFaceInit	zwapi_cmd_wireframe.h	823		ZW_API_C evxErrors cvxPartIsoCurveOnFaceInit(svxIsoCrvOnFaceData *data, evxCrvIsoType crvIsoType);
cvxPartIsoclineCurve	zwapi_cmd_wireframe.h	898		ZW_API_C evxErrors cvxPartIsoclineCurve(const svxIsoclineCrvData *data, int *cntEnts, int **idEnts);
cvxPartIsoclineCurveInit	zwapi_cmd_wireframe.h	871		ZW_API_C evxErrors cvxPartIsoclineCurveInit(svxIsoclineCrvData *data, evxIsoclineCrvType type);
cvxPartLine	zwapi_cmd_wireframe.h	216		ZW_API_C evxErrors cvxPartLine(const svxLineData *lineData, int *idLine);
cvxPartLine2pt	zwapi_cmd_wireframe.h	172		ZW_API_C evxErrors cvxPartLine2pt(svxPoint *Start, svxPoint *End, int *idEnt);
cvxPartLineInit	zwapi_cmd_wireframe.h	190		ZW_API_C evxErrors cvxPartLineInit(svxLineData *lineData);
cvxPartLip	zwapi_cmd_shape.h	1167		ZW_API_C evxErrors cvxPartLip(svxLipData *Lip, int *idLip);
cvxPartLipInit	zwapi_cmd_shape.h	1141		ZW_API_C evxErrors cvxPartLipInit(svxLipData *data);
cvxPartLoft	zwapi_cmd_shape.h	546		ZW_API_C evxErrors cvxPartLoft(svxLoftData *Loft, int *idShape);
cvxPartLoftInit	zwapi_cmd_shape.h	516		ZW_API_C evxErrors cvxPartLoftInit(svxLoftData *data);
cvxPartMassProp	zwapi_part_attribute.h	47		ZW_API_C evxErrors cvxPartMassProp(void);
cvxPartMaterialDel	zwapi_part_attribute.h	204		ZW_API_C evxErrors cvxPartMaterialDel(const vxLongPath fileName, const vxRootName rootName, const vxLongName material);
cvxPartMaterialGet	zwapi_part_attribute.h	144		ZW_API_C evxErrors cvxPartMaterialGet(const vxLongPath fileName, const vxRootName rootName, const vxLongName material, svxPartMaterial *data);
cvxPartMaterialSet	zwapi_part_attribute.h	179		ZW_API_C evxErrors cvxPartMaterialSet(const vxLongPath fileName, const vxRootName rootName, const vxLongName material, const svxPartMaterial *data);
cvxPartMirrorFtr	zwapi_cmd_shape.h	2164		ZW_API_C evxErrors cvxPartMirrorFtr(svxMirrorFtr *Mirror, int *idFtr);
cvxPartMirrorFtrInit	zwapi_cmd_shape.h	2140		ZW_API_C evxErrors cvxPartMirrorFtrInit(svxMirrorFtr *data);
cvxPartMirrorGeom	zwapi_cmd_shape.h	2121		ZW_API_C evxErrors cvxPartMirrorGeom(svxMirrorGeom *Mirror, int *NumNewEnts, int **idNewEnts);
cvxPartMirrorGeomInit	zwapi_cmd_shape.h	2104		Interface cvxPartMirrorGeomInit() can initialize variables of this function.
cvxPartMirrorGeominit	zwapi_cmd_shape.h	2093		ZW_API_C evxErrors cvxPartMirrorGeominit(svxMirrorGeom *data);
cvxPartMkEntExternal	zwapi_part_opts.h	485		ZW_API_C evxErrors cvxPartMkEntExternal(int idEnt, int externalFlag);
cvxPartModifyHole	zwapi_cmd_shape.h	937		ZW_API_C evxErrors cvxPartModifyHole(int cntFace, int *pFace, const svxHoleData *data, int *idFtr);
cvxPartModifyHoleInit	zwapi_cmd_shape.h	912		ZW_API_C evxErrors cvxPartModifyHoleInit(int idFace, svxHoleData *data);
cvxPartModifyIsolineNum	zwapi_cmd_freeform.h	541		ZW_API_C evxErrors cvxPartModifyIsolineNum(int count, int *idFaces, int Uisoline, int Visoline);
cvxPartMorphToCrv	zwapi_cmd_shape.h	1952		ZW_API_C evxErrors cvxPartMorphToCrv(const svxMorphToCrvData *MorphToCrv, int *idMorphToCrv);
cvxPartMorphToCrvInit	zwapi_cmd_shape.h	1930		ZW_API_C evxErrors cvxPartMorphToCrvInit(svxMorphToCrvData *data);
cvxPartMove	zwapi_cmd_shape.h	2277		ZW_API_C evxErrors cvxPartMove(const svxMoveData *Move, int *idMove);
cvxPartMovePntToPnt	zwapi_cmd_shape.h	2193		ZW_API_C evxErrors cvxPartMovePntToPnt(int idEntity, svxAxis *Start, svxAxis *End);
cvxPartMoveTransform	zwapi_cmd_shape.h	2220		ZW_API_C evxErrors cvxPartMoveTransform(int idEntity, const svxMatrix *Mat);
cvxPartMoveTransformList	zwapi_cmd_shape.h	2250		ZW_API_C evxErrors cvxPartMoveTransformList(int Count, const int *Entities, const svxMatrix *Mat);
cvxPartNSided	zwapi_cmd_freeform.h	111		ZW_API_C evxErrors cvxPartNSided(const svxNSidedData *NSidedData, int *idShape);
cvxPartNSidedInit	zwapi_cmd_freeform.h	85		ZW_API_C evxErrors cvxPartNSidedInit(svxNSidedData *data);
cvxPartNameLastOp	zwapi_xn.h	131		ZW_API_C evxErrors cvxPartNameLastOp(vxName NewName);
cvxPartNewDatum	zwapi_cmd_datum.h	141		ZW_API_C evxErrors cvxPartNewDatum(svxMatrix *Frame, int *idDatum);
cvxPartPartialResults	zwapi_part_history.h	104		ZW_API_C void cvxPartPartialResults(int Disable);
cvxPartPatternFtr	zwapi_cmd_shape.h	2074		ZW_API_C evxErrors cvxPartPatternFtr(int Count, int *idFtrs, const svxPtnFtr *Pattern, int *idPattern);
cvxPartPatternGeom	zwapi_cmd_shape.h	2005		ZW_API_C evxErrors cvxPartPatternGeom(int Count, int *idEnts, const svxPtnGeom *Pattern, int *idPattern);
cvxPartPhyAttrCalc	zwapi_part_attribute.h	92		ZW_API_C evxErrors cvxPartPhyAttrCalc(vxRootName Name);
cvxPartPlaneAdd	zwapi_cmd_datum.h	365		ZW_API_C evxErrors cvxPartPlaneAdd(const svxNewPlaneData *plane, int *idPlane);
cvxPartPlaneAddInit	zwapi_cmd_datum.h	334		ZW_API_C evxErrors cvxPartPlaneAddInit(evxNewPlaneMethods method, svxNewPlaneData *data);
cvxPartPlaneNew	zwapi_cmd_datum.h	312		ZW_API_C evxErrors cvxPartPlaneNew(svxPlaneData *Plane, int *idPlane);
cvxPartPlnCrv	zwapi_cmd_datum.h	174		ZW_API_C evxErrors cvxPartPlnCrv(int idCrv, svxPoint *Origin, svxPoint *Xaxis, int *idPln);
cvxPartPlnCrv2	zwapi_cmd_datum.h	221		ZW_API_C evxErrors cvxPartPlnCrv2(int idCrv, svxData *Origin, svxData *Xaxis, int Flip, int *idPln);
cvxPartPlnSrf	zwapi_cmd_datum.h	248		ZW_API_C evxErrors cvxPartPlnSrf(int idFace, svxPoint *Origin, int *idPln);
cvxPartPlnSrf2	zwapi_cmd_datum.h	286		ZW_API_C evxErrors cvxPartPlnSrf2(int idFace, svxPoint *Origin, svxPoint *XZ, int Flip, int *idPln);
cvxPartPnt	zwapi_cmd_wireframe.h	51		ZW_API_C evxErrors cvxPartPnt(svxPoint *Point, int *idEnt);
cvxPartPntBlock	zwapi_part_facets.h	54		ZW_API_C int cvxPartPntBlock(vxLongName Name, int Count, svxPointf *Points, int *idEnt);
cvxPartPntBy2LinesInit	zwapi_cmd_subcmd.h	68		ZW_API_C evxErrors cvxPartPntBy2LinesInit(svxPntBy2Lines *data, int useCirPnt);
cvxPartPntByOffsetInit	zwapi_cmd_subcmd.h	46		ZW_API_C evxErrors cvxPartPntByOffsetInit(svxPntByOffset *data, int useCirPnt);
cvxPartPntNew	zwapi_cmd_wireframe.h	80		ZW_API_C evxErrors cvxPartPntNew(int Count, const svxPntOnEntPath *PntData, int idAlignPln, int PrjToPln, int *idPntFtr);
cvxPartPnts	zwapi_cmd_wireframe.h	103		ZW_API_C evxErrors cvxPartPnts(int Count, svxPoint *Points);
cvxPartPntsOnCrv	zwapi_cmd_wireframe.h	146		ZW_API_C evxErrors cvxPartPntsOnCrv(int idCrv, svxPoint *Pnt, int Num, double Dist, evxExtendOpt Opt, int *Count, int **idEnts);
cvxPartPolyLine	zwapi_cmd_wireframe.h	260		ZW_API_C evxErrors cvxPartPolyLine(const svxPolylineData *polylinedata, int *Cnt, int **idEnt);
cvxPartPolyline	zwapi_cmd_wireframe.h	221		Initialize the parameters of the cvxPartPolyline().
cvxPartPolylineInit	zwapi_cmd_wireframe.h	234		ZW_API_C evxErrors cvxPartPolylineInit(svxPolylineData *data);
cvxPartProjStl	zwapi_part_facets.h	417		ZW_API_C evxErrors cvxPartProjStl(int idStl, int idPln, double tol, double smth, int *idCurve);
cvxPartPublishSet	zwapi_cmd_dataexchange.h	94		ZW_API_C evxErrors cvxPartPublishSet(const vxName Name, int Count, const int *idEnts, int *idPubSet);
cvxPartPublishSetDel	zwapi_part_opts.h	627		ZW_API_C evxErrors cvxPartPublishSetDel(int Count, const int *idPubSets);
cvxPartPunch	zwapi_cmd_shape.h	1785		ZW_API_C evxErrors cvxPartPunch(const svxPunch *data, int *idPunch);
cvxPartPunchInit	zwapi_cmd_shape.h	1760		ZW_API_C evxErrors cvxPartPunchInit(svxPunch *data);
cvxPartQuickDisplayEdit	zwapi_part_opts.h	678		ZW_API_C evxErrors cvxPartQuickDisplayEdit(evxQuickEditDisplayEntityType entityType, const int *ids, int count, const svxQuickEditDisplayData *data);
cvxPartQuickDisplayEditInit	zwapi_part_opts.h	697		ZW_API_C evxErrors cvxPartQuickDisplayEditInit(svxQuickEditDisplayData *data);
cvxPartRectangle	zwapi_cmd_wireframe.h	439		ZW_API_C evxErrors cvxPartRectangle(svxRectangleData *rectData, int *iCnt, int **idEnt);
cvxPartRectangleInit	zwapi_cmd_wireframe.h	411		ZW_API_C evxErrors cvxPartRectangleInit(svxRectangleData *data);
cvxPartRedefineIsActive	zwapi_part_history.h	51		ZW_API_C int cvxPartRedefineIsActive(void);
cvxPartRefGeom	zwapi_cmd_dataexchange.h	67		ZW_API_C evxErrors cvxPartRefGeom(svxEntPath *GeomPath, int AssociativeCopy, int *idGeom);
cvxPartRefineFacetsInit	zwapi_part_facets.h	575		ZW_API_C evxErrors cvxPartRefineFacetsInit(svxRefineFacets *data);
cvxPartRegenFacets	zwapi_part_history.h	87		ZW_API_C evxErrors cvxPartRegenFacets(int Count, int *idFaces, int Assembly, int LOD, double Tol);
cvxPartRegenIsActive	zwapi_part_history.h	39		ZW_API_C int cvxPartRegenIsActive(void);
cvxPartReplace	zwapi_cmd_shape.h	1646		ZW_API_C evxErrors cvxPartReplace(const svxReplaceData *Replace, int *idReplace);
cvxPartReplaceInit	zwapi_cmd_shape.h	1624		ZW_API_C evxErrors cvxPartReplaceInit(svxReplaceData *data);
cvxPartRevolve	zwapi_cmd_shape.h	395		ZW_API_C evxErrors cvxPartRevolve(svxRevolveData *Rev, int *idShape);
cvxPartRevolveInit	zwapi_cmd_shape.h	363		ZW_API_C evxErrors cvxPartRevolveInit(svxRevolveData *data);
cvxPartRib	zwapi_cmd_shape.h	1027		ZW_API_C evxErrors cvxPartRib(svxRibData *Rib, int *idRib);
cvxPartRibInit	zwapi_cmd_shape.h	1000		ZW_API_C evxErrors cvxPartRibInit(svxRibData *data);
cvxPartRuled	zwapi_cmd_freeform.h	198		ZW_API_C evxErrors cvxPartRuled(const svxRuledData *data, int *idFace);
cvxPartRuledInit	zwapi_cmd_freeform.h	175		ZW_API_C evxErrors cvxPartRuledInit(svxRuledData *data);
cvxPartSTLConvertToFacets	zwapi_part_facets.h	719		ZW_API_C evxErrors cvxPartSTLConvertToFacets(const svxSTL *stl, svxFacets *facets);
cvxPartScale	zwapi_cmd_shape.h	2460		ZW_API_C evxErrors cvxPartScale(int Count, int *idEnts, double X_scale, double Y_scale, double Z_scale, int idDatum);
cvxPartScale2	zwapi_cmd_shape.h	2492		ZW_API_C evxErrors cvxPartScale2(int Count, int *idEnts, double X_scale, double Y_scale, double Z_scale, int idDatum, svxPoint *CentPnt);
cvxPartSelfX	zwapi_cmd_shape.h	1742		ZW_API_C evxErrors cvxPartSelfX(const svxPartSelfX *data, int *idShape);
cvxPartSelfXInit	zwapi_cmd_shape.h	1711		ZW_API_C evxErrors cvxPartSelfXInit(svxPartSelfX *data);
cvxPartSetCustomStr	zwapi_part_attribute.h	833		ZW_API_C evxErrors cvxPartSetCustomStr(int idEnt, const char *CustomString, int *idStr);
cvxPartSetFaceAt	zwapi_brep_face.h	239		ZW_API_C evxErrors cvxPartSetFaceAt(int Count, int *idFaces, const svxFaceAt *At);
cvxPartSetFaceAtInit	zwapi_brep_face.h	210		ZW_API_C evxErrors cvxPartSetFaceAtInit(svxFaceAt *data);
cvxPartSetFaceDir	zwapi_cmd_freeform.h	462		ZW_API_C evxErrors cvxPartSetFaceDir(int count, int *idFaces, const svxVector *dir);
cvxPartSetFaceTx	zwapi_brep_face.h	264		ZW_API_C evxErrors cvxPartSetFaceTx(int idFace, const svxTextureAt *Tx);
cvxPartSew	zwapi_math_nurbscurve.h	620		ZW_API_C evxErrors cvxPartSew(double Tol, int *OpenEdges, double *MaxGap);
cvxPartSewForce	zwapi_cmd_freeform.h	660		ZW_API_C evxErrors cvxPartSewForce(double Tol);
cvxPartShapeFaceOffset	zwapi_cmd_shape.h	1287		ZW_API_C evxErrors cvxPartShapeFaceOffset(svxFaceOffData *Offset, int *idOffset);
cvxPartShapeFaceOffsetInit	zwapi_cmd_shape.h	1263		ZW_API_C evxErrors cvxPartShapeFaceOffsetInit(svxFaceOffData *data);
cvxPartShapeStructGet	zwapi_brep_shape.h	202		ZW_API_C evxErrors cvxPartShapeStructGet(int idShape, svxWeldAttr *at);
cvxPartShell	zwapi_cmd_shape.h	1334		ZW_API_C evxErrors cvxPartShell(const svxShellData *Shell, int *idShell);
cvxPartShellInit	zwapi_cmd_shape.h	1306		ZW_API_C evxErrors cvxPartShellInit(svxShellData *data);
cvxPartShowAll	zwapi_part_view.h	144		ZW_API_C void cvxPartShowAll(void);
cvxPartShowPartAt	zwapi_part_attribute.h	348		ZW_API_C evxErrors cvxPartShowPartAt(const vxLongPath File, const vxRootName Root);
cvxPartShowPreview	zwapi_part_view.h	183		ZW_API_C evxErrors cvxPartShowPreview(const vxLongPath fileName, const vxRootName rootName);
cvxPartShowTarg	zwapi_part_view.h	157		ZW_API_C void cvxPartShowTarg(void);
cvxPartSimplify	zwapi_cmd_shape.h	1605		ZW_API_C evxErrors cvxPartSimplify(int numEnts, int *idEnts, int *idSimplify);
cvxPartSkIns	zwapi_cmd_sk_create.h	52		ZW_API_C evxErrors cvxPartSkIns(const vxLongPath File, const vxRootName Name, svxMatrix *Plane, int *idSketch);
cvxPartSkIns2	zwapi_cmd_sk_create.h	85		ZW_API_C evxErrors cvxPartSkIns2(const vxLongPath File, const vxRootName Name, int idPlane, int iAsso, int *idSketch);
cvxPartSkNew	zwapi_cmd_sk_create.h	113		ZW_API_C evxErrors cvxPartSkNew(svxMatrix *Plane, int *idSketch);
cvxPartSkPlane	zwapi_cmd_sk_create.h	145		ZW_API_C evxErrors cvxPartSkPlane(svxSketchData *SkData, int *idSketch);
cvxPartSmdAtGet	zwapi_part_sheetmetal_attribute.h	47		ZW_API_C evxErrors cvxPartSmdAtGet(svxSmdAt *at);
cvxPartSmdAtSet	zwapi_part_sheetmetal_attribute.h	74		ZW_API_C evxErrors cvxPartSmdAtSet(const svxSmdAt *at);
cvxPartSmdBendTaper	zwapi_cmd_sheetmetal.h	728		ZW_API_C evxErrors cvxPartSmdBendTaper(const svxSmdBendTaperData *data, int *idFtr);
cvxPartSmdBendTaperDefDataInit	zwapi_cmd_sheetmetal.h	679		ZW_API_C evxErrors cvxPartSmdBendTaperDefDataInit(int taperType, svxSmdBendTaperDefData *data);
cvxPartSmdBendTaperInit	zwapi_cmd_sheetmetal.h	700		ZW_API_C evxErrors cvxPartSmdBendTaperInit(evxSmdTaperSideMethod method, svxSmdBendTaperData *data);
cvxPartSmdChangeBend	zwapi_cmd_sheetmetal.h	1154		ZW_API_C evxErrors cvxPartSmdChangeBend(const svxSmdChangeBendData *data, int *idFtr);
cvxPartSmdChangeBendInit	zwapi_cmd_sheetmetal.h	1130		ZW_API_C evxErrors cvxPartSmdChangeBendInit(evxSmdChangeBendType type, svxSmdChangeBendData *data);
cvxPartSmdCloseCorner	zwapi_cmd_sheetmetal.h	824		ZW_API_C evxErrors cvxPartSmdCloseCorner(const svxCloseCornerData *CornerData, int *idSmdCorner);
cvxPartSmdCloseCornerInit	zwapi_cmd_sheetmetal.h	797		ZW_API_C evxErrors cvxPartSmdCloseCornerInit(int type, svxCloseCornerData *data);
cvxPartSmdDimple	zwapi_cmd_sheetmetal.h	873		ZW_API_C evxErrors cvxPartSmdDimple(svxDimpleData *Dimple, int *idDimple);
cvxPartSmdDimpleInit	zwapi_cmd_sheetmetal.h	847		ZW_API_C evxErrors cvxPartSmdDimpleInit(svxDimpleData *data);
cvxPartSmdExtendFlange	zwapi_cmd_sheetmetal.h	608		ZW_API_C evxErrors cvxPartSmdExtendFlange(const svxSmdExtendFlangeData *data, int *idFtr);
cvxPartSmdExtendFlangeInit	zwapi_cmd_sheetmetal.h	580		ZW_API_C evxErrors cvxPartSmdExtendFlangeInit(evxSmdExtendFlangeMethod type, svxSmdExtendFlangeData *data);
cvxPartSmdExtrudeFlange	zwapi_cmd_sheetmetal.h	130		ZW_API_C evxErrors cvxPartSmdExtrudeFlange(const svxExtrudeFlangeData *data, int *idExtFlange);
cvxPartSmdExtrudeFlangeInit	zwapi_cmd_sheetmetal.h	115		Interface cvxPartSmdExtrudeFlangeInit() can initialize variables of this function.
cvxPartSmdExtrudeFlangeinit	zwapi_cmd_sheetmetal.h	106		ZW_API_C evxErrors cvxPartSmdExtrudeFlangeinit(svxExtrudeFlangeData *data);
cvxPartSmdExtrudeTab	zwapi_cmd_sheetmetal.h	83		ZW_API_C evxErrors cvxPartSmdExtrudeTab(const svxSmdExtrudeTabData *data, int *idExtTab);
cvxPartSmdExtrudeTabInit	zwapi_cmd_sheetmetal.h	55		ZW_API_C evxErrors cvxPartSmdExtrudeTabInit(svxSmdExtrudeTabData *data);
cvxPartSmdFlange	zwapi_cmd_sheetmetal.h	657		ZW_API_C evxErrors cvxPartSmdFlange(const svxSmdFlangeData *data, int *idFlange);
cvxPartSmdFlangeInit	zwapi_cmd_sheetmetal.h	629		ZW_API_C evxErrors cvxPartSmdFlangeInit(svxSmdFlangeData *data);
cvxPartSmdFlatPatternExport	zwapi_file.h	894		ZW_API_C evxErrors cvxPartSmdFlatPatternExport(int idFlatten, const vxLongPath filePath, const svxDWGData *data);
cvxPartSmdFlatSolidExport	zwapi_file.h	869		ZW_API_C evxErrors cvxPartSmdFlatSolidExport(int idFlatten, evxExportType type, const vxLongPath filePath, void *data);
cvxPartSmdFlatten	zwapi_cmd_sheetmetal.h	1066		ZW_API_C evxErrors cvxPartSmdFlatten(const svxSmdFlattenData *data, int *idFtr);
cvxPartSmdFlattenInit	zwapi_cmd_sheetmetal.h	1036		ZW_API_C evxErrors cvxPartSmdFlattenInit(svxSmdFlattenData *data);
cvxPartSmdFold	zwapi_cmd_sheetmetal.h	992		ZW_API_C evxErrors cvxPartSmdFold(const svxFoldData *Fold, int *idSmdFold);
cvxPartSmdFoldByLine	zwapi_cmd_sheetmetal.h	511		ZW_API_C evxErrors cvxPartSmdFoldByLine(const svxSmdFoldByLineData *data, int *idFbl);
cvxPartSmdFoldByLineInit	zwapi_cmd_sheetmetal.h	486		ZW_API_C evxErrors cvxPartSmdFoldByLineInit(svxSmdFoldByLineData *data);
cvxPartSmdFullFlange	zwapi_cmd_sheetmetal.h	203		ZW_API_C evxErrors cvxPartSmdFullFlange(const svxSmdFullFlangeData *data, int *idFull);
cvxPartSmdFullFlangeInit	zwapi_cmd_sheetmetal.h	178		ZW_API_C evxErrors cvxPartSmdFullFlangeInit(svxSmdFullFlangeData *data);
cvxPartSmdHemFlange	zwapi_cmd_sheetmetal.h	375		ZW_API_C evxErrors cvxPartSmdHemFlange(const svxSmdHemFlangeData *data, int *idHem);
cvxPartSmdHemFlangeInit	zwapi_cmd_sheetmetal.h	349		ZW_API_C evxErrors cvxPartSmdHemFlangeInit(int hemType, svxSmdHemFlangeData *data);
cvxPartSmdJog	zwapi_cmd_sheetmetal.h	556		ZW_API_C evxErrors cvxPartSmdJog(const svxSmdJogData *data, int *idJog);
cvxPartSmdJogInit	zwapi_cmd_sheetmetal.h	530		ZW_API_C evxErrors cvxPartSmdJogInit(svxSmdJogData *data);
cvxPartSmdLftFlange	zwapi_cmd_sheetmetal.h	421		ZW_API_C evxErrors cvxPartSmdLftFlange(const svxSmdLoftedFlangeData *data, int *idLft);
cvxPartSmdLftFlangeInit	zwapi_cmd_sheetmetal.h	396		ZW_API_C evxErrors cvxPartSmdLftFlangeInit(evxSmdLftFlangeMethod method, svxSmdLoftedFlangeData *data);
cvxPartSmdLnUnfold	zwapi_cmd_sheetmetal.h	1110		ZW_API_C evxErrors cvxPartSmdLnUnfold(const svxSmdLinearUnfoldData *data, int *idFtr);
cvxPartSmdLnUnfoldInit	zwapi_cmd_sheetmetal.h	1085		ZW_API_C evxErrors cvxPartSmdLnUnfoldInit(svxSmdLinearUnfoldData *data);
cvxPartSmdLouver	zwapi_cmd_sheetmetal.h	919		ZW_API_C evxErrors cvxPartSmdLouver(const svxLouverData *LouverData, int *idSmdLouver);
cvxPartSmdLouverInit	zwapi_cmd_sheetmetal.h	892		ZW_API_C evxErrors cvxPartSmdLouverInit(svxLouverData *data);
cvxPartSmdMarkBend	zwapi_cmd_sheetmetal.h	1246		ZW_API_C evxErrors cvxPartSmdMarkBend(const svxSmdMarkBendData *data, int *idFtr);
cvxPartSmdMarkBendInit	zwapi_cmd_sheetmetal.h	1219		ZW_API_C evxErrors cvxPartSmdMarkBendInit(svxSmdMarkBendData *data);
cvxPartSmdNormalCut	zwapi_cmd_sheetmetal.h	773		ZW_API_C evxErrors cvxPartSmdNormalCut(const svxNormalCutData *pData, int *numShape, int **idShapes);
cvxPartSmdNormalCutInit	zwapi_cmd_sheetmetal.h	756		Interface cvxPartSmdNormalCutInit() can initialize variables of this function.
cvxPartSmdNormalCutinit	zwapi_cmd_sheetmetal.h	747		ZW_API_C evxErrors cvxPartSmdNormalCutinit(svxNormalCutData *data);
cvxPartSmdPartialFlange	zwapi_cmd_sheetmetal.h	325		ZW_API_C evxErrors cvxPartSmdPartialFlange(const svxSmdPartialFlangeData *data, int *idPartial);
cvxPartSmdPartialFlangeInit	zwapi_cmd_sheetmetal.h	301		ZW_API_C evxErrors cvxPartSmdPartialFlangeInit(svxSmdPartialFlangeData *data);
cvxPartSmdProfFlange	zwapi_cmd_sheetmetal.h	278		ZW_API_C evxErrors cvxPartSmdProfFlange(const svxSmdFlangeProfData *data, int *idFlange);
cvxPartSmdProfFlangeInit	zwapi_cmd_sheetmetal.h	249		ZW_API_C evxErrors cvxPartSmdProfFlangeInit(svxSmdFlangeProfData *data);
cvxPartSmdProfFlangeProfMatInit	zwapi_cmd_sheetmetal.h	226		ZW_API_C evxErrors cvxPartSmdProfFlangeProfMatInit(int idEdge, double angle, svxMatrix *skMat);
cvxPartSmdPunch	zwapi_cmd_sheetmetal.h	964		ZW_API_C evxErrors cvxPartSmdPunch(const svxPunchData *pData, int *idShape);
cvxPartSmdPunchInit	zwapi_cmd_sheetmetal.h	938		ZW_API_C evxErrors cvxPartSmdPunchInit(svxPunchData *data);
cvxPartSmdReliefDataInit	zwapi_cmd_sheetmetal.h	155		ZW_API_C evxErrors cvxPartSmdReliefDataInit(svxSmdReliefData *data);
cvxPartSmdRip	zwapi_cmd_sheetmetal.h	1200		ZW_API_C evxErrors cvxPartSmdRip(const svxSmdRipData *data, int *idFtr);
cvxPartSmdRipInit	zwapi_cmd_sheetmetal.h	1176		ZW_API_C evxErrors cvxPartSmdRipInit(svxSmdRipData *data);
cvxPartSmdStatFaceSet	zwapi_part_sheetmetal_attribute.h	219		ZW_API_C evxErrors cvxPartSmdStatFaceSet(int idFace, int *idFtr);
cvxPartSmdSweptFlange	zwapi_cmd_sheetmetal.h	467		ZW_API_C evxErrors cvxPartSmdSweptFlange(const svxSmdSweptFlangeData *data, int *idSwept);
cvxPartSmdSweptFlangeInit	zwapi_cmd_sheetmetal.h	441		ZW_API_C evxErrors cvxPartSmdSweptFlangeInit(evxSmdCornerRelief corType, svxSmdSweptFlangeData *data);
cvxPartSmdUnfold	zwapi_cmd_sheetmetal.h	1016		ZW_API_C evxErrors cvxPartSmdUnfold(const svxUnfoldData *Unfold, int *idSmdUnfold);
cvxPartSphere	zwapi_cmd_shape.h	239		ZW_API_C evxErrors cvxPartSphere(svxSphereData *Sphere, int *idShape);
cvxPartSphereInit	zwapi_cmd_shape.h	206		ZW_API_C evxErrors cvxPartSphereInit(svxSphereData *data);
cvxPartSpiralCurve	zwapi_cmd_wireframe.h	1085		ZW_API_C evxErrors cvxPartSpiralCurve(const svxSpiralCrvData *data, int *idEnt);
cvxPartSpiralSweep	zwapi_cmd_shape.h	497		ZW_API_C evxErrors cvxPartSpiralSweep(const svxSpiralSweepData *SpiralSwp, int *idShape);
cvxPartSpiralSweepInit	zwapi_cmd_shape.h	466		ZW_API_C evxErrors cvxPartSpiralSweepInit(svxSpiralSweepData *data);
cvxPartSpline	zwapi_cmd_wireframe.h	670		ZW_API_C evxErrors cvxPartSpline(const svxSplineData *PntData, int *idEnt);
cvxPartSplineInit	zwapi_cmd_wireframe.h	626		ZW_API_C evxErrors cvxPartSplineInit(svxSplineData *data, int count);
cvxPartSplitWithCrv	zwapi_cmd_freeform.h	792		ZW_API_C evxErrors cvxPartSplitWithCrv(const svxSplitWithCrvData *data, int *idFtr);
cvxPartSplitWithCrvInit	zwapi_cmd_freeform.h	766		ZW_API_C evxErrors cvxPartSplitWithCrvInit(svxSplitWithCrvData *data);
cvxPartStock	zwapi_cmd_shape.h	1214		ZW_API_C evxErrors cvxPartStock(svxStockData *Stock, int *idShape);
cvxPartStockInit	zwapi_cmd_shape.h	1186		ZW_API_C evxErrors cvxPartStockInit(svxStockData *data);
cvxPartStretch	zwapi_cmd_shape.h	1911		ZW_API_C evxErrors cvxPartStretch(const svxStretchData *Stretch, int *idStretch);
cvxPartStretchInit	zwapi_cmd_shape.h	1889		ZW_API_C evxErrors cvxPartStretchInit(svxStretchData *data);
cvxPartSweep	zwapi_cmd_shape.h	447		ZW_API_C evxErrors cvxPartSweep(svxSweepData *Swp, void *Options, int *idShape);
cvxPartSweepInit	zwapi_cmd_shape.h	414		ZW_API_C evxErrors cvxPartSweepInit(svxSweepData *data);
cvxPartTaper	zwapi_cmd_shape.h	1870		ZW_API_C evxErrors cvxPartTaper(const svxTaperData *Taper, int *idTaper);
cvxPartTaperInit	zwapi_cmd_shape.h	1848		ZW_API_C evxErrors cvxPartTaperInit(svxTaperData *data);
cvxPartThicken	zwapi_cmd_shape.h	1377		ZW_API_C evxErrors cvxPartThicken(svxThickenData *Thicken, int *idShape);
cvxPartThickenInit	zwapi_cmd_shape.h	1353		ZW_API_C evxErrors cvxPartThickenInit(svxThickenData *data);
cvxPartThreadAt	zwapi_cmd_shape.h	1122		ZW_API_C evxErrors cvxPartThreadAt(int idFace, svxPoint *Pnt, svxThreadData *Thread);
cvxPartThreadAtInit	zwapi_cmd_shape.h	1090		ZW_API_C evxErrors cvxPartThreadAtInit(svxThreadData *data);
cvxPartTrim	zwapi_cmd_shape.h	1582		ZW_API_C evxErrors cvxPartTrim(svxTrimData *Trim, int *numShape, int **idShapes);
cvxPartTrimInit	zwapi_cmd_shape.h	1552		ZW_API_C evxErrors cvxPartTrimInit(svxTrimData *data);
cvxPartTrimToCrvs	zwapi_cmd_freeform.h	441		ZW_API_C evxErrors cvxPartTrimToCrvs(const svxTrimToCurvesData *trimData, int *idTrim);
cvxPartTrimToFaces	zwapi_cmd_freeform.h	420		ZW_API_C evxErrors cvxPartTrimToFaces(const svxTrimToFacesData *data, int *idTrim);
cvxPartTrimToFacesInit	zwapi_cmd_freeform.h	396		ZW_API_C evxErrors cvxPartTrimToFacesInit(svxTrimToFacesData *data);
cvxPartTrimmedPlane	zwapi_cmd_freeform.h	156		ZW_API_C evxErrors cvxPartTrimmedPlane(svxTrimPlnData *data, int *newShp);
cvxPartTrimmedPlaneInit	zwapi_cmd_freeform.h	130		ZW_API_C evxErrors cvxPartTrimmedPlaneInit(svxTrimPlnData *data);
cvxPartTwist	zwapi_cmd_shape.h	1829		ZW_API_C evxErrors cvxPartTwist(const svxTwistData *Twist, int *idTwist);
cvxPartTwistInit	zwapi_cmd_shape.h	1807		ZW_API_C evxErrors cvxPartTwistInit(svxTwistData *data);
cvxPartUDFExplode	zwapi_cmd_udf.h	94		ZW_API_C evxErrors cvxPartUDFExplode(int idFtr);
cvxPartUDFInit	zwapi_cmd_udf.h	47		ZW_API_C evxErrors cvxPartUDFInit(const vxLongPath udfPath);
cvxPartUDFInqFlds	zwapi_cmd_udf.h	68		ZW_API_C evxErrors cvxPartUDFInqFlds(int *cnt, svxUDFParam **fldParams);
cvxPartUDFInqLongPath	zwapi_cmd_udf.h	135		ZW_API_C evxErrors cvxPartUDFInqLongPath(int idFtr, char *file, int sizefile);
cvxPartUDFInqPath	zwapi_cmd_udf.h	116		ZW_API_C evxErrors cvxPartUDFInqPath(int idFtr, vxPath file);
cvxPartUDFInqSubFtrs	zwapi_cmd_udf.h	159		ZW_API_C evxErrors cvxPartUDFInqSubFtrs(int idFtr, int *count, int **ftrList);
cvxPartUDFInsPathGet	zwapi_cmd_udf.h	281		ZW_API_C evxErrors cvxPartUDFInsPathGet(vxPath Dir);
cvxPartUDFInsPathGetByLongPath	zwapi_cmd_udf.h	300		ZW_API_C evxErrors cvxPartUDFInsPathGetByLongPath(char *Dir, int sizeDir);
cvxPartUDFInsPathSet	zwapi_cmd_udf.h	228		ZW_API_C evxErrors cvxPartUDFInsPathSet(const vxLongPath path);
cvxPartUDFReplace	zwapi_cmd_udf.h	194		ZW_API_C evxErrors cvxPartUDFReplace(int idFtr, const vxLongPath file);
cvxPartUDFTerm	zwapi_cmd_udf.h	76		ZW_API_C void cvxPartUDFTerm();
cvxPartUDFWizardPathGet	zwapi_cmd_udf.h	244		ZW_API_C evxErrors cvxPartUDFWizardPathGet(vxPath Dir);
cvxPartUDFWizardPathGetByLongPath	zwapi_cmd_udf.h	265		ZW_API_C evxErrors cvxPartUDFWizardPathGetByLongPath(char *Dir, int sizeDir);
cvxPartUDFWizardPathSet	zwapi_cmd_udf.h	213		ZW_API_C evxErrors cvxPartUDFWizardPathSet(const vxLongPath path);
cvxPartUserAtExport	zwapi_part_attribute.h	812		ZW_API_C evxErrors cvxPartUserAtExport(const vxLongPath filePath);
cvxPartUserAtGet	zwapi_part_attribute.h	750		ZW_API_C evxErrors cvxPartUserAtGet(const vxLongPath File, const vxRootName Root, int *Count, svxAttribute **UserAt);
cvxPartUserAtSet	zwapi_part_attribute.h	792		ZW_API_C evxErrors cvxPartUserAtSet(const vxLongPath File, const vxRootName Root, int DelOrgAt, int Count, svxAttribute *UserAt);
cvxPartVarAdd	zwapi_part_var.h	108		ZW_API_C evxErrors cvxPartVarAdd(svxVariable *Variable);
cvxPartVarAddToEqnSet	zwapi_part_var.h	253		ZW_API_C evxErrors cvxPartVarAddToEqnSet(int idEqnSet, int cnt, const svxVariable *vars);
cvxPartVarGet	zwapi_part_var.h	143		ZW_API_C evxErrors cvxPartVarGet(svxVariable *Variable);
cvxPartVarGetById	zwapi_part_var.h	168		ZW_API_C evxErrors cvxPartVarGetById(int idEqn, svxVariable *Variable);
cvxPartVarSet	zwapi_part_var.h	205		ZW_API_C evxErrors cvxPartVarSet(int Count, svxVariable *Variables, int Working);
cvxPartVarSubstitute	zwapi_var.h	185		ZW_API_C evxErrors cvxPartVarSubstitute(char *Str, int nBytes, int *Truncated);
cvxPartVarSubstituteResize	zwapi_var.h	229		ZW_API_C evxErrors cvxPartVarSubstituteResize(char **Str);
cvxPartViewAdd	zwapi_part_view.h	112		ZW_API_C evxErrors cvxPartViewAdd(svxView *View, int *idView);
cvxPartViewAddInit	zwapi_part_view.h	89		ZW_API_C evxErrors cvxPartViewAddInit(svxView *data);
cvxPartViewRecord	zwapi_part_view.h	130		ZW_API_C evxErrors cvxPartViewRecord(int idView, svxView *View);
cvxPartVolumAndMassGet	zwapi_part_attribute.h	112		ZW_API_C evxErrors cvxPartVolumAndMassGet(vxRootName Name, double *dVolume, double *dMass);
cvxPathAdd	zwapi_file_path.h	52		ZW_API_C evxErrors cvxPathAdd(const vxLongPath SearchDirectory);
cvxPathAddApiPath	zwapi_file_path.h	100		ZW_API_C evxErrors cvxPathAddApiPath(vxName LibName, char *SubFolder);
cvxPathApiLib	zwapi_file_path.h	329		ZW_API_C int cvxPathApiLib(vxName LibName, vxPath LibDirectory);
cvxPathApiLibByLongPath	zwapi_file_path.h	355		ZW_API_C int cvxPathApiLibByLongPath(const vxName LibName, char *LibDirectory, int sizeLib);
cvxPathCheck	zwapi_file_path.h	181		ZW_API_C evxErrors cvxPathCheck(const vxLongPath srcPath, char *desPath, int sizedes);
cvxPathCheckActiveOnlyGet	zwapi_file_path.h	689		ZW_API_C int cvxPathCheckActiveOnlyGet();
cvxPathCheckActiveOnlySet	zwapi_file_path.h	681		ZW_API_C void cvxPathCheckActiveOnlySet(int Value);
cvxPathCompose	zwapi_file_path.h	120		ZW_API_C evxErrors cvxPathCompose(vxPath Path, const char *File);
cvxPathComposeByLongPath	zwapi_file_path.h	140		ZW_API_C evxErrors cvxPathComposeByLongPath(char *Path, int sizePath, const char *Name);
cvxPathDel	zwapi_file_path.h	260	SI	ZW_API_C void cvxPathDel(const vxLongPath Path);
cvxPathDelAll	zwapi_file_path.h	271	SI	ZW_API_C void cvxPathDelAll(void);
cvxPathDelim	zwapi_file_path.h	286		ZW_API_C void cvxPathDelim(vxPath Path);
cvxPathDelimByLongPath	zwapi_file_path.h	302		ZW_API_C void cvxPathDelimByLongPath(char *Path, int sizePath);
cvxPathDir	zwapi_file_path.h	371		ZW_API_C void cvxPathDir(vxPath FullPath, vxPath Directory);
cvxPathDirByLongPath	zwapi_file_path.h	388		ZW_API_C void cvxPathDirByLongPath(const vxLongPath FullPath, char *Directory, int sizeDir);
cvxPathFile	zwapi_file_path.h	410		ZW_API_C void cvxPathFile(vxPath FullPath, vxPath FileName);
cvxPathFile2	zwapi_file_path.h	457		ZW_API_C void cvxPathFile2(char *FullPath, int MaxNameLen, char *FileName);
cvxPathFileByLongPath	zwapi_file_path.h	433		ZW_API_C void cvxPathFileByLongPath(const vxLongPath fullPath, char *fileName, int sizeFile);
cvxPathFind	zwapi_file_path.h	483		ZW_API_C int cvxPathFind(const vxName FileName, vxPath FullPath);
cvxPathFindByFileName	zwapi_file_path.h	535		ZW_API_C int cvxPathFindByFileName(const char *fileName, char *fullPath, int sizeFullPath);
cvxPathFindByLongPath	zwapi_file_path.h	510		ZW_API_C int cvxPathFindByLongPath(const vxName FileName, char *FullPath, int sizeFull);
cvxPathInstall	zwapi_file_path.h	548		ZW_API_C void cvxPathInstall(vxPath InstallDirectory);
cvxPathInstallByLongPath	zwapi_file_path.h	566		ZW_API_C void cvxPathInstallByLongPath(char *InstallDirectory, int sizeIns);
cvxPathIsDebug	zwapi_file_path.h	647		ZW_API_C int cvxPathIsDebug(const char *FolderName);
cvxPathSearchBeginAdd	zwapi_file_path.h	76		ZW_API_C evxErrors cvxPathSearchBeginAdd(const vxLongPath SearchDirectory);
cvxPathSearchFirst	zwapi_file_path.h	240		ZW_API_C void cvxPathSearchFirst(const vxLongPath Directory);
cvxPathSearchGet	zwapi_file_path.h	673		ZW_API_C int cvxPathSearchGet();
cvxPathSearchSet	zwapi_file_path.h	661		ZW_API_C void cvxPathSearchSet(int Value);
cvxPathSet	zwapi_file_path.h	219		ZW_API_C evxErrors cvxPathSet(const vxLongPath path);
cvxPathTemp	zwapi_file_path.h	580		ZW_API_C void cvxPathTemp(vxPath Directory);
cvxPathTempByLongPath	zwapi_file_path.h	599		ZW_API_C void cvxPathTempByLongPath(char *Directory, int sizeDir);
cvxPathUserFolder	zwapi_file_path.h	613		ZW_API_C void cvxPathUserFolder(vxPath Directory);
cvxPathUserFolderByLongPath	zwapi_file_path.h	632		ZW_API_C void cvxPathUserFolderByLongPath(char *Directory, int sizeDir);
cvxPickDataClear	zwapi_general_ent.h	525		ZW_API_C void cvxPickDataClear();
cvxPlaneDistance	zwapi_math.h	172		ZW_API_C evxErrors cvxPlaneDistance(const svxPoint *PntOnPln1, const svxVector *NormalOfPln1, const svxPoint *PntOnPln2, const svxVector *NormalOfPln2, double *Distance);
cvxPlaneEvalPoint	zwapi_math_point.h	394		ZW_API_C evxErrors cvxPlaneEvalPoint(const svxPoint *Origin, const svxVector *xAxis, const svxVector *yAxis, double xDist, double yDist, svxPoint *Point);
cvxPlaneGetData	zwapi_part_datum_query.h	168		ZW_API_C evxErrors cvxPlaneGetData(int idPlane, svxPlaneData *Plane);
cvxPlanePntDistance	zwapi_math_point.h	345		ZW_API_C evxErrors cvxPlanePntDistance(const svxPoint *PlnPnt, const svxVector *PlnNormal, const svxPoint *Point, double *Distance, svxPoint *ProjPnt);
cvxPlanePntProject	zwapi_math_point.h	210		ZW_API_C int cvxPlanePntProject(const svxPoint *PlnPnt, const svxVector *PlnNormal, const svxPoint *Point, const svxVector *ProjectDir, svxPoint *ProjPnt);
cvxPlnThruPnts	zwapi_math_point.h	427		ZW_API_C int cvxPlnThruPnts(int PntCount, svxPoint *PntList, svxVector *Normal, double *D);
cvxPluginRegPathGet	zwapi_global_apply.h	747		ZW_API_C evxErrors cvxPluginRegPathGet(vxPath **pathList, int *pCnt, int is64);
cvxPluginRegPathGetByLongPath	zwapi_global_apply.h	769		ZW_API_C evxErrors cvxPluginRegPathGetByLongPath(vxLongPath **pathList, int *pCnt, int is64);
cvxPntDist	zwapi_math_point.h	250		ZW_API_C double cvxPntDist(const svxPoint *Point1, const svxPoint *Point2);
cvxPntEntDist	zwapi_math_point.h	274		ZW_API_C evxErrors cvxPntEntDist(const svxPoint *Point, int idEntity, svxPoint *TargetPnt, double *Distance);
cvxPntEntLoc	zwapi_math_point.h	165		ZW_API_C evxErrors cvxPntEntLoc(svxPoint *Pnt, int idEntity, evxPntLocation *PntLoc);
cvxPntIsCritical	zwapi_math_point.h	49		ZW_API_C int cvxPntIsCritical(svxPoint *pnt, int idCurve);
cvxPntIsOn	zwapi_math_point.h	69		ZW_API_C int cvxPntIsOn(svxPoint *Pnt, int idEntity);
cvxPntOnCrv	zwapi_math_point.h	94		ZW_API_C evxErrors cvxPntOnCrv(int idCurve, double Fraction, svxPoint *Point);
cvxPntOnFace	zwapi_math_point.h	120		ZW_API_C evxErrors cvxPntOnFace(int idComp, int idFace, double Param[2], svxPoint *Point);
cvxPntPreEdgeDist	zwapi_math_point.h	302		ZW_API_C evxErrors cvxPntPreEdgeDist(const svxPoint *Point, int idPreEdge, double *T, svxPoint *TargetPnt, double *Distance);
cvxPntProject	zwapi_math_point.h	142		ZW_API_C evxErrors cvxPntProject(svxPoint *Pnt, int idEntity, svxPoint *ProjPnt);
cvxPntTransform	zwapi_math_matrix.h	393	SI	ZW_API_C void cvxPntTransform(svxMatrix *Mat, svxPoint *Point);
cvxPntTransformList	zwapi_math_matrix.h	411		ZW_API_C void cvxPntTransformList(svxMatrix *Mat, int Count, svxPoint *Points);
cvxPntTranslate	zwapi_math_point.h	233		ZW_API_C void cvxPntTranslate(svxPoint *Point, svxVector *Vector, double Distance);
cvxPolyToTri	zwapi_math_point.h	465		ZW_API_C evxErrors cvxPolyToTri(int PntCount, svxPoint *PntList, int *VtxCount, int **VtxList);
cvxPopupDefine	zwapi_ui_popupform.h	58		ZW_API_C evxErrors cvxPopupDefine(const char *name);
cvxPopupItemActionGet	zwapi_ui_popupform.h	327		ZW_API_C evxErrors cvxPopupItemActionGet(const char *name, int item, char *Action, int nByte);
cvxPopupItemCheckedGet	zwapi_ui_popupform.h	390		ZW_API_C evxErrors cvxPopupItemCheckedGet(const char *name, int group, int item, int *Check);
cvxPopupItemInsert	zwapi_ui_popupform.h	288		ZW_API_C evxErrors cvxPopupItemInsert(const char *name, int index, const char *Label, const char *Action);
cvxPopupItemIsExist	zwapi_ui_popupform.h	264		ZW_API_C int cvxPopupItemIsExist(const char *name, const char *action);
cvxPopupItemLabelGet	zwapi_ui_popupform.h	368		ZW_API_C evxErrors cvxPopupItemLabelGet(const char *name, int item, char *Label, int nByte);
cvxPopupItemRemove	zwapi_ui_popupform.h	307		ZW_API_C evxErrors cvxPopupItemRemove(const char *name, int index);
cvxPopupItemSetAction	zwapi_ui_popupform.h	348		ZW_API_C evxErrors cvxPopupItemSetAction(const char *name, int index, const char *Action);
cvxPopupItemSetCheckedByAction	zwapi_ui_popupform.h	465		ZW_API_C evxErrors cvxPopupItemSetCheckedByAction(const char *name, const char *action, int checked);
cvxPopupItemSetEnabledByAction	zwapi_ui_popupform.h	446		ZW_API_C evxErrors cvxPopupItemSetEnabledByAction(const char *name, const char *action, int enabled);
cvxPopupItemSetVisibleByAction	zwapi_ui_popupform.h	427		ZW_API_C evxErrors cvxPopupItemSetVisibleByAction(const char *name, const char *action, int visible);
cvxPopupItemVisibleGet	zwapi_ui_popupform.h	408		ZW_API_C evxErrors cvxPopupItemVisibleGet(const char *name, int item, int *Visible);
cvxPopupMenuCnt	zwapi_ui_popupform.h	113		ZW_API_C evxErrors cvxPopupMenuCnt(const char *Name, int *cnt);
cvxPopupSetVisible	zwapi_ui_popupform.h	91		ZW_API_C evxErrors cvxPopupSetVisible(const char *sName, int visible);
cvxPopupShow	zwapi_ui_popupform.h	42		ZW_API_C int cvxPopupShow(const char *sName);
cvxPopupSubMenuActionsRemove	zwapi_ui_popupform.h	202		ZW_API_C evxErrors cvxPopupSubMenuActionsRemove(const char *Name, const char *Sub, int iFirst, int iLast);
cvxPopupSubMenuCnt	zwapi_ui_popupform.h	132		ZW_API_C evxErrors cvxPopupSubMenuCnt(const char *Name, const char *Sub, int *cnt);
cvxPopupSubMenuItemInsert	zwapi_ui_popupform.h	159		ZW_API_C evxErrors cvxPopupSubMenuItemInsert(const char *Name, const char *Sub, int index, const char *ActName, const char *Label, const char *Script, const char *Icon);
cvxPopupSubMenuItemRemove	zwapi_ui_popupform.h	180		ZW_API_C evxErrors cvxPopupSubMenuItemRemove(const char *Name, const char *Sub, int index);
cvxPopupSubMenuSeparatorInsert	zwapi_ui_popupform.h	224		ZW_API_C evxErrors cvxPopupSubMenuSeparatorInsert(const char *Name, const char *Sub);
cvxPopupSubMenuSetVisible	zwapi_ui_popupform.h	242		ZW_API_C evxErrors cvxPopupSubMenuSetVisible(const char *name, const char *sub, int visible);
cvxPopupUpdate	zwapi_ui_popupform.h	74		ZW_API_C evxErrors cvxPopupUpdate(const char *Name);
cvxPreEdgeEval	zwapi_math_nurbscurve.h	129		ZW_API_C evxErrors cvxPreEdgeEval(const int idPreEdge, const double t, const int level, svxEvalCurv *eval);
cvxProgress	zwapi_ui_guiset.h	213		ZW_API_C void cvxProgress(int iprogress);
cvxPromptDisable	zwapi_message.h	99		ZW_API_C void cvxPromptDisable(void);
cvxPromptEnable	zwapi_message.h	107		ZW_API_C void cvxPromptEnable(void);
cvxPtnDataInit	zwapi_cmd_shape.h	1976		ZW_API_C evxErrors cvxPtnDataInit(evxPatternType type, svxPtnData *data);
cvxPtnParameterTableVariableGet	zwapi_cmd_shape.h	2586		ZW_API_C evxErrors cvxPtnParameterTableVariableGet(int idPatternFeature, int *paramTblType, svxPtnVarTbl **valTbl, int *columnNumber);
cvxPtnParameterTableVariableSet	zwapi_cmd_shape.h	2616		ZW_API_C evxErrors cvxPtnParameterTableVariableSet(int idPatternFeature, int row, int column, double value);
cvxPtnSpacingTableVariableGet	zwapi_cmd_shape.h	2518		ZW_API_C evxErrors cvxPtnSpacingTableVariableGet(int idPatternFeature, int spacingType, double **varList, int *varNumber);
cvxPtnSpacingTableVariableSet	zwapi_cmd_shape.h	2544		ZW_API_C evxErrors cvxPtnSpacingTableVariableSet(int idPatternFeature, int spacingType, const double *varList, int varNumber);
cvxPtnVarTblInit	zwapi_cmd_shape.h	2045		ZW_API_C evxErrors cvxPtnVarTblInit(int firstNum, int secondNum, const char *dimName, svxPtnVarTbl *ptnVarTbl);
cvxPtnVarTblMemFree	zwapi_cmd_shape.h	2632		ZW_API_C evxErrors cvxPtnVarTblMemFree(svxPtnVarTbl **valTbl, int columnNumber);
cvxReadyTextFree	zwapi_sk_objs.h	784		ZW_API_C void cvxReadyTextFree(svxReadyText *RdText);
cvxRibbonSetStatus	zwapi_ui_ribbon.h	38		ZW_API_C void cvxRibbonSetStatus(int enable);
cvxRootActivate	zwapi_root.h	77		ZW_API_C evxErrors cvxRootActivate(vxRootName Name);
cvxRootActivate2	zwapi_root.h	123		ZW_API_C evxErrors cvxRootActivate2(const vxLongPath File, const vxRootName Name);
cvxRootActivateLoadAsmCtx	zwapi_root.h	165		ZW_API_C evxErrors cvxRootActivateLoadAsmCtx(const vxLongPath File, const vxRootName Name, int isLoad);
cvxRootAdd	zwapi_root.h	213		ZW_API_C evxErrors cvxRootAdd(evxRootType Type, vxRootName Name, const char *Template);
cvxRootAdd2	zwapi_root.h	238		ZW_API_C evxErrors cvxRootAdd2(evxRootType Type, vxRootName Name, const char *Template, char *Description);
cvxRootAdd2Bg	zwapi_root.h	262		ZW_API_C int cvxRootAdd2Bg(evxRootType Type, vxRootName Name);
cvxRootAtItemGet	zwapi_root.h	911		ZW_API_C evxErrors cvxRootAtItemGet(const vxLongPath file, const vxRootName root, evxAtItemId itemId, svxAttribute *at);
cvxRootAtItemSet	zwapi_root.h	959		ZW_API_C evxErrors cvxRootAtItemSet(const vxLongPath file, const vxRootName root, evxAtItemId itemId, svxAttribute *at);
cvxRootCopy	zwapi_root.h	296		ZW_API_C evxErrors cvxRootCopy(const vxLongPath SourceFile, const vxRootName SourceName,
cvxRootCustomDataAdd	zwapi_root.h	1037		ZW_API_C evxErrors cvxRootCustomDataAdd(const vxLongPath file, const vxRootName root, const char *data, int *idCustomData);
cvxRootCustomDataDel	zwapi_root.h	1017		ZW_API_C evxErrors cvxRootCustomDataDel(const vxLongPath file, vxRootName objName);
cvxRootCustomDataDelById	zwapi_root.h	1164		ZW_API_C evxErrors cvxRootCustomDataDelById(const vxLongPath file, const vxRootName root, int count, const int *idCustomDatas);
cvxRootCustomDataGet	zwapi_root.h	1001		ZW_API_C evxErrors cvxRootCustomDataGet(const vxLongPath file, const vxRootName objName, char **data, int *dataLength);
cvxRootCustomDataGetAll	zwapi_root.h	1099		ZW_API_C evxErrors cvxRootCustomDataGetAll(const vxLongPath file, const vxRootName root, int *count, char ***data);
cvxRootCustomDataGetById	zwapi_root.h	1124		ZW_API_C evxErrors cvxRootCustomDataGetById(const vxLongPath file, const vxRootName root, int idCustomData, char **data);
cvxRootCustomDataModById	zwapi_root.h	1145		ZW_API_C evxErrors cvxRootCustomDataModById(const vxLongPath file, const vxRootName root, int idCustomData, const char *data);
cvxRootCustomDataSet	zwapi_root.h	979		ZW_API_C evxErrors cvxRootCustomDataSet(const vxLongPath file, vxRootName objName, char *data, int dataLength);
cvxRootDel	zwapi_root.h	313		ZW_API_C evxErrors cvxRootDel(vxRootName Name);
cvxRootExit	zwapi_root.h	322		ZW_API_C void cvxRootExit(void);
cvxRootId	zwapi_root.h	347		ZW_API_C evxErrors cvxRootId(vxRootName Name, int *idRoot, evxRootType *Type);
cvxRootInqActive	zwapi_root.h	363		ZW_API_C void cvxRootInqActive(char *Name, int nBytes);
cvxRootInqAsm	zwapi_root.h	380		ZW_API_C evxErrors cvxRootInqAsm(char *Name, int nBytes);
cvxRootInqCustomData	zwapi_root.h	1061		ZW_API_C evxErrors cvxRootInqCustomData(const vxLongPath file, const vxRootName root, int *count, int **idCustomDatas);
cvxRootInqMod	zwapi_root.h	400		ZW_API_C evxErrors cvxRootInqMod(int *mod);
cvxRootInqModByName	zwapi_root.h	424		ZW_API_C evxErrors cvxRootInqModByName(const vxLongPath fileName, const vxRootName rootName, int *Mod);
cvxRootInqModSinceRegen	zwapi_root.h	444		ZW_API_C evxErrors cvxRootInqModSinceRegen(int *mod);
cvxRootInqSheetMetal	zwapi_root.h	861		ZW_API_C evxErrors cvxRootInqSheetMetal(const vxLongPath file, const vxRootName part, int *shtMetal);
cvxRootInqSymbol	zwapi_root.h	469		ZW_API_C evxErrors cvxRootInqSymbol(const vxLongPath file, int *iCount, vxRootName **names);
cvxRootIsAsm	zwapi_root.h	486		ZW_API_C evxErrors cvxRootIsAsm(const vxLongPath File, const vxRootName Part, int *isAsm);
cvxRootList	zwapi_root.h	514		ZW_API_C evxErrors cvxRootList(const vxLongPath File, int *Count, vxRootName **Names);
cvxRootPreviewGet	zwapi_root.h	526		ZW_API_C evxPreviewMode cvxRootPreviewGet(void);
cvxRootPreviewSet	zwapi_root.h	541		ZW_API_C void cvxRootPreviewSet(evxPreviewMode Mode, const vxLongPath File, vxRootName Object);
cvxRootRename	zwapi_root.h	590		ZW_API_C evxErrors cvxRootRename(vxRootName Name, vxRootName NewName, int Update);
cvxRootRename2	zwapi_root.h	619		ZW_API_C evxErrors cvxRootRename2(vxRootName Name, vxRootName NewName, char *Descript, int Update);
cvxRootRenameMulti	zwapi_root.h	663		ZW_API_C evxErrors cvxRootRenameMulti(int Count, const vxPath *FileName, const vxRootName *RootName, const vxPath *NewFileName, const vxRootName *NewRootName, int fDelOriginal);
cvxRootRenameMultiByLongPath	zwapi_root.h	710		ZW_API_C evxErrors cvxRootRenameMultiByLongPath(int Count, const vxLongPath *FileName, const vxRootName *RootName, const vxLongPath *NewFileName, const vxRootName *NewRootName, int fDelOriginal);
cvxRootSeparate	zwapi_root.h	1204		ZW_API_C evxErrors cvxRootSeparate(svxRootSepData *data);
cvxRootSeparateInit	zwapi_root.h	1221		ZW_API_C evxErrors cvxRootSeparateInit(svxRootSepData *data);
cvxRootTemplateFile	zwapi_root.h	558		ZW_API_C void cvxRootTemplateFile(const vxLongPath File);
cvxRootVarGet	zwapi_root.h	749		ZW_API_C evxErrors cvxRootVarGet(vxRootName Name, svxVariable *Variable);
cvxRootVarSet	zwapi_root.h	816		ZW_API_C evxErrors cvxRootVarSet(vxRootName Name, int Count, svxVariable *Variables, int Working);
cvxRootVisibility	zwapi_root.h	842		ZW_API_C void cvxRootVisibility(vxRootName Name, int Visible);
cvxRoundNumber	zwapi_math.h	73		ZW_API_C double cvxRoundNumber(double Num, double Step, double Tol, int Dir);
cvxSessionClear	zwapi_file.h	485		ZW_API_C evxErrors cvxSessionClear(void);
cvxSessionRestore	zwapi_file.h	528		ZW_API_C evxErrors cvxSessionRestore(void);
cvxSessionSave	zwapi_file.h	515		ZW_API_C evxErrors cvxSessionSave(void);
cvxSetMSMMoldInstalled	zwapi_global_apply.h	712		ZW_API_C void cvxSetMSMMoldInstalled(int IsInstalled);
cvxSetMSMPressInstalled	zwapi_global_apply.h	721		ZW_API_C void cvxSetMSMPressInstalled(int IsInstalled);
cvxSetTitleAppend	zwapi_ui_ribbon.h	48		ZW_API_C void cvxSetTitleAppend(const char *pStr);
cvxShellAtGet	zwapi_brep_shape.h	49		ZW_API_C evxErrors cvxShellAtGet(int idShape, svxPartAttribute *At);
cvxShellAtItemGet	zwapi_brep_shape.h	76		ZW_API_C evxErrors cvxShellAtItemGet(int idShape, evxAtItemId itemId, svxAttribute *At);
cvxShellAtItemSet	zwapi_brep_shape.h	103		ZW_API_C evxErrors cvxShellAtItemSet(int idShape, evxAtItemId itemId, svxAttribute *At);
cvxShowDisp	zwapi_display.h	540		ZW_API_C void cvxShowDisp(int SlideNumber);
cvxShowOpen	zwapi_display.h	531		ZW_API_C void cvxShowOpen(const vxLongPath File);
cvxShtInqSymbol	zwapi_dwg_symbol.h	50		ZW_API_C evxErrors cvxShtInqSymbol(evxSymbolType type, int *Count, int **idEnts);
cvxSkActivate	zwapi_sk_objs.h	244		ZW_API_C evxErrors cvxSkActivate(int idSketch, int UpdateGUI);
cvxSkAddConsDim	zwapi_cmd_sk_cmds.h	1052		ZW_API_C evxErrors cvxSkAddConsDim(evxConsDimType type, svxConsDim *pData);
cvxSkAddGeomCons	zwapi_cmd_sk_cmds.h	970		ZW_API_C evxErrors cvxSkAddGeomCons(evxGeomConsType type, int subType, int nGeoms, svxConsGeom *geoms, int *Count, int **idCons);
cvxSkAddPerimeterDim	zwapi_cmd_sk_cmds.h	1074		ZW_API_C evxErrors cvxSkAddPerimeterDim(svxPerimeterDimData *data, int *idDim);
cvxSkAddPolyline	zwapi_cmd_sk_cmds.h	70		ZW_API_C evxErrors cvxSkAddPolyline(int cntPnt, svxPoint2 *pnts, int addCns);
cvxSkArc3pt	zwapi_cmd_sk_cmds.h	162		ZW_API_C evxErrors cvxSkArc3pt(svxPoint2 *Start, svxPoint2 *End, svxPoint2 *Mid, int *idEnt);
cvxSkArcRad	zwapi_cmd_sk_cmds.h	183		ZW_API_C evxErrors cvxSkArcRad(svxPoint2 *Center, double Radius, double Start, double End, int *idEnt);
cvxSkAutoAddCoinCons	zwapi_cmd_sk_cmds.h	986		ZW_API_C evxErrors cvxSkAutoAddCoinCons(int idSketch);
cvxSkAutoAddCoinConsSkipRefGeom	zwapi_cmd_sk_cmds.h	1006		ZW_API_C evxErrors cvxSkAutoAddCoinConsSkipRefGeom(int idSketch, int skipFlag, int solveFlag);
cvxSkAutoCons	zwapi_cmd_sk_cmds.h	914		ZW_API_C evxErrors cvxSkAutoCons(svxConsGeom *BasePnt, int Count, int *idEnts);
cvxSkAxis	zwapi_cmd_sk_cmds.h	91		ZW_API_C evxErrors cvxSkAxis(const svxSkAxisData *Axis, int *idAxis);
cvxSkBlockActivate	zwapi_sk_objs.h	859		ZW_API_C evxErrors cvxSkBlockActivate(int idBlock, int UpdateGUI);
cvxSkBlockGetSketch	zwapi_sk_objs.h	882		ZW_API_C evxErrors cvxSkBlockGetSketch(int idBlock, int *idSketch);
cvxSkBlockInqDim	zwapi_sk_objs.h	972		ZW_API_C evxErrors cvxSkBlockInqDim(const vxRootName blockName, int *Count, int **idEnts);
cvxSkBlockInqGeom	zwapi_sk_objs.h	926		ZW_API_C evxErrors cvxSkBlockInqGeom(const vxRootName blockName, int *Count, int **idEnts);
cvxSkBlockInqGeomX	zwapi_sk_objs.h	995		ZW_API_C evxErrors cvxSkBlockInqGeomX(const vxRootName blockName, int *Count, int **idEnts);
cvxSkBlockInqPnt	zwapi_sk_objs.h	949		ZW_API_C evxErrors cvxSkBlockInqPnt(const vxRootName blockName, int *Count, int **idEnts);
cvxSkBlockInqRefs	zwapi_sk_objs.h	1015		ZW_API_C evxErrors cvxSkBlockInqRefs(int idBlock, int *count, int **idEnts);
cvxSkBlockRefGetDefinition	zwapi_sk_objs.h	903		ZW_API_C evxErrors cvxSkBlockRefGetDefinition(int idRef, int *idBlock);
cvxSkChamfer	zwapi_cmd_sk_cmds.h	660		ZW_API_C evxErrors cvxSkChamfer(const svxSkChamferData *chmData, int *idChamfer);
cvxSkChamferInit	zwapi_cmd_sk_cmds.h	637		ZW_API_C evxErrors cvxSkChamferInit(svxSkChamferData *data);
cvxSkCir3pt	zwapi_cmd_sk_cmds.h	114		ZW_API_C evxErrors cvxSkCir3pt(svxPoint2 *P1, svxPoint2 *P2, svxPoint2 *P3, int *idEnt);
cvxSkCirRad	zwapi_cmd_sk_cmds.h	136		ZW_API_C evxErrors cvxSkCirRad(svxPoint2 *Center, double Radius, int *idEnt);
cvxSkConic3pt	zwapi_cmd_sk_cmds.h	554		ZW_API_C evxErrors cvxSkConic3pt(const svxConic3ptData *Data, int *idEnt);
cvxSkConic3ptInit	zwapi_cmd_sk_cmds.h	572		ZW_API_C evxErrors cvxSkConic3ptInit(svxConic3ptData *Data);
cvxSkCopy	zwapi_cmd_sk_cmds.h	1373		ZW_API_C evxErrors cvxSkCopy(const svxSkCopy *data, int *cnt, int **idEnts);
cvxSkCopyInit	zwapi_cmd_sk_cmds.h	1347		ZW_API_C evxErrors cvxSkCopyInit(evxSkCopyType type, svxSkCopy *data);
cvxSkCrvInt	zwapi_cmd_sk_cmds.h	475		ZW_API_C evxErrors cvxSkCrvInt(svxCrvIntData *Crv, int *idEnt);
cvxSkCrvIntInit	zwapi_cmd_sk_cmds.h	428		ZW_API_C evxErrors cvxSkCrvIntInit(svxCrvIntData *data);
cvxSkCrvIntScaleInit	zwapi_cmd_sk_cmds.h	445		ZW_API_C evxErrors cvxSkCrvIntScaleInit(int nPnt, const svxPoint *pPnts, double *startScale, double *endScale);
cvxSkDelBowties	zwapi_cmd_sk_cmds.h	850		ZW_API_C evxErrors cvxSkDelBowties(const int numCrv, const int *idCrv);
cvxSkEllipse	zwapi_cmd_sk_cmds.h	226		ZW_API_C evxErrors cvxSkEllipse(svxEllipse *ellipse, int *idEnt);
cvxSkEllipseInit	zwapi_cmd_sk_cmds.h	202		ZW_API_C evxErrors cvxSkEllipseInit(svxEllipse *data);
cvxSkEntWireType	zwapi_sk_objs.h	649		ZW_API_C evxErrors cvxSkEntWireType(int entId, int *type);
cvxSkFillet	zwapi_cmd_sk_cmds.h	618		ZW_API_C evxErrors cvxSkFillet(const svxSkFilletData *filletData, int *idFillet);
cvxSkFilletInit	zwapi_cmd_sk_cmds.h	595		ZW_API_C evxErrors cvxSkFilletInit(svxSkFilletData *data);
cvxSkGridSpacingGet	zwapi_global_apply.h	367		ZW_API_C evxErrors cvxSkGridSpacingGet(double *spacing);
cvxSkGridSpacingSet	zwapi_global_apply.h	383		ZW_API_C evxErrors cvxSkGridSpacingSet(double spacing);
cvxSkInqAllAxis	zwapi_sk_objs.h	288		ZW_API_C evxErrors cvxSkInqAllAxis(int *Count, int **idEnts);
cvxSkInqAllAxisById	zwapi_sk_objs.h	309		ZW_API_C evxErrors cvxSkInqAllAxisById(int idSketch, int *count, int **idEnts);
cvxSkInqArea	zwapi_sk_objs.h	197		ZW_API_C int cvxSkInqArea(int nCrv, int *idCrvs, svxPoint2 *innerPnt, svxPrfAreaProp *aboutCM, svxPrfAreaProp *aboutRf);
cvxSkInqAxis	zwapi_sk_objs.h	269		ZW_API_C evxErrors cvxSkInqAxis(int idSketch, int *xAxis, int *yAxis);
cvxSkInqAxisDir	zwapi_sk_objs.h	327		ZW_API_C evxErrors cvxSkInqAxisDir(int idAxis, svxPoint2 *pPnt, svxPoint2 *pDir);
cvxSkInqBlockReferences	zwapi_sk_objs.h	812		ZW_API_C evxErrors cvxSkInqBlockReferences(int idSketch, int *Count, int **idEnts);
cvxSkInqCns	zwapi_sk_objs.h	583		ZW_API_C evxErrors cvxSkInqCns(int *Count, int **idEnts);
cvxSkInqCnsById	zwapi_sk_objs.h	606		ZW_API_C evxErrors cvxSkInqCnsById(int idSketch, int *count, int **idEnts);
cvxSkInqCnsGeoms	zwapi_sk_objs.h	1067		ZW_API_C evxErrors cvxSkInqCnsGeoms(int idCons, int *Count, svxConsGeom **geoms);
cvxSkInqCnsType	zwapi_sk_objs.h	1044		ZW_API_C evxErrors cvxSkInqCnsType(int idCons, evxGeomConsType *type, int *subType);
cvxSkInqCrvConnect	zwapi_sk_objs.h	629		ZW_API_C evxErrors cvxSkInqCrvConnect(int iCount, int *idCrvs, int *iUnMatch, int *iOverMatch);
cvxSkInqDim	zwapi_sk_dim.h	50		ZW_API_C evxErrors cvxSkInqDim(int *Count, int **idEnts);
cvxSkInqDimRefFlag	zwapi_sk_dim.h	94		ZW_API_C evxErrors cvxSkInqDimRefFlag(int idDim, int *refFlag);
cvxSkInqDimType	zwapi_sk_dim.h	73		ZW_API_C evxErrors cvxSkInqDimType(int idDim, evxConsDimType *type);
cvxSkInqExternalSk	zwapi_sk_objs.h	140		ZW_API_C evxErrors cvxSkInqExternalSk(int idSketch, vxPath fileName, vxRootName rootName, vxLongName skName);
cvxSkInqExternalSkByLongPath	zwapi_sk_objs.h	171		ZW_API_C evxErrors cvxSkInqExternalSkByLongPath(int idSketch, char *fileName, int sizefile, vxRootName rootName, vxLongName skName);
cvxSkInqGeom	zwapi_sk_objs.h	349		ZW_API_C evxErrors cvxSkInqGeom(int *Count, int **idEnts);
cvxSkInqGeomById	zwapi_sk_objs.h	375		ZW_API_C evxErrors cvxSkInqGeomById(int idSketch, int *count, int **idEnts);
cvxSkInqGeomX	zwapi_sk_objs.h	397		ZW_API_C evxErrors cvxSkInqGeomX(int *Count, int **idEnts);
cvxSkInqGeomXById	zwapi_sk_objs.h	420		ZW_API_C evxErrors cvxSkInqGeomXById(int idSketch, int *count, int **idEnts);
cvxSkInqOverlap	zwapi_sk_objs.h	218		ZW_API_C evxErrors cvxSkInqOverlap(int *count, svxSkOverlapGeom **overlapGeoms);
cvxSkInqPlane	zwapi_sk_objs.h	45		ZW_API_C int cvxSkInqPlane(int idSketch, svxEntPath *plnPath);
cvxSkInqPlanes	zwapi_sk_objs.h	83		ZW_API_C evxErrors cvxSkInqPlanes(int idSketch, int *count, int **idFaces);
cvxSkInqPnt	zwapi_sk_objs.h	442		ZW_API_C evxErrors cvxSkInqPnt(int *Count, int **idEnts);
cvxSkInqPntById	zwapi_sk_objs.h	465		ZW_API_C evxErrors cvxSkInqPntById(int idSketch, int *count, int **idEnts);
cvxSkInqReadyText	zwapi_sk_objs.h	699		ZW_API_C evxErrors cvxSkInqReadyText(int idSketch, int *Count, int **idEnts);
cvxSkInqRef	zwapi_sk_objs.h	487		ZW_API_C evxErrors cvxSkInqRef(int *Count, int **idEnts);
cvxSkInqRefById	zwapi_sk_objs.h	510		ZW_API_C evxErrors cvxSkInqRefById(int idSketch, int *count, int **idEnts);
cvxSkInqSketchBlocks	zwapi_sk_objs.h	833		ZW_API_C evxErrors cvxSkInqSketchBlocks(int *Count, int **idEnts, vxRootName **Names);
cvxSkInqText	zwapi_sk_objs.h	535		ZW_API_C evxErrors cvxSkInqText(int *Count, int **idEnts);
cvxSkInqTextById	zwapi_sk_objs.h	561		ZW_API_C evxErrors cvxSkInqTextById(int idSketch, int *count, int **idEnts);
cvxSkInqVars	zwapi_sk_var.h	120		ZW_API_C evxErrors cvxSkInqVars(int *Count, svxVariable **Variables);
cvxSkIsCosmetic	zwapi_sk_objs.h	98		ZW_API_C int cvxSkIsCosmetic(int IdSketch);
cvxSkIsExternal	zwapi_sk_objs.h	115		ZW_API_C int cvxSkIsExternal(int IdSketch);
cvxSkLine2pt	zwapi_cmd_sk_cmds.h	50		ZW_API_C evxErrors cvxSkLine2pt(svxPoint2 *Start, svxPoint2 *End, int *idEnt);
cvxSkMirr	zwapi_cmd_sk_cmds.h	1237		ZW_API_C evxErrors cvxSkMirr(const svxMirrData2D *data, int *cnt, int **idEnts);
cvxSkMirrInit	zwapi_cmd_sk_cmds.h	1255		ZW_API_C evxErrors cvxSkMirrInit(svxMirrData2D *data);
cvxSkMove	zwapi_cmd_sk_cmds.h	1169		ZW_API_C evxErrors cvxSkMove(const svxMoveData2D *data);
cvxSkMoveInit	zwapi_cmd_sk_cmds.h	1144		ZW_API_C evxErrors cvxSkMoveInit(evxMoveType2D type, svxMoveData2D *data);
cvxSkNesting	zwapi_cmd_sk_app.h	125		ZW_API_C evxErrors cvxSkNesting(const svxSkNestingData *data);
cvxSkNestingBlankDataInit	zwapi_cmd_sk_app.h	73		ZW_API_C evxErrors cvxSkNestingBlankDataInit(svxSkNestingBlankData *data);
cvxSkNestingInit	zwapi_cmd_sk_app.h	92		ZW_API_C evxErrors cvxSkNestingInit(svxSkNestingData *data);
cvxSkNestingProfileDataInit	zwapi_cmd_sk_app.h	53		ZW_API_C evxErrors cvxSkNestingProfileDataInit(svxSkNestingProfileData *data);
cvxSkNgons	zwapi_cmd_sk_cmds.h	406		ZW_API_C evxErrors cvxSkNgons(const svxSkNgons *data, int *cnt, int **idEnts);
cvxSkNgonsInit	zwapi_cmd_sk_cmds.h	381		ZW_API_C evxErrors cvxSkNgonsInit(evxSkNgonsType type, svxSkNgons *data);
cvxSkOneTouchTrim	zwapi_cmd_sk_cmds.h	698		ZW_API_C evxErrors cvxSkOneTouchTrim(const svxPntOnEnt *pnt);
cvxSkPattern	zwapi_cmd_sk_cmds.h	1331		ZW_API_C evxErrors cvxSkPattern(const svxSkPtnData *Pattern, int *cnt, int **idEnts);
cvxSkPnt	zwapi_cmd_sk_cmds.h	246		ZW_API_C evxErrors cvxSkPnt(svxPoint2 *Point, int *idEnt);
cvxSkPntsOnCrv	zwapi_cmd_sk_cmds.h	290		ZW_API_C evxErrors cvxSkPntsOnCrv(int idCrv, svxPoint *Pnt, int Num, double Dist, evxExtendOpt Opt, int *Count, int **idEnts);
cvxSkPowerTrim	zwapi_cmd_sk_cmds.h	679		ZW_API_C evxErrors cvxSkPowerTrim(const svxSkPowerTrim *pwTrim);
cvxSkPtnDataInit	zwapi_cmd_sk_cmds.h	1301		ZW_API_C evxErrors cvxSkPtnDataInit(evxSkPatternType type, svxSkPtnData *data);
cvxSkReadyText	zwapi_cmd_sk_cmds.h	342		ZW_API_C evxErrors cvxSkReadyText(const svxReadyText *RdText, int *idRdText);
cvxSkReadyTextInit	zwapi_cmd_sk_cmds.h	314		ZW_API_C evxErrors cvxSkReadyTextInit(evxReadyTextMethods method, svxReadyText *data);
cvxSkReadyTextInqCrvs	zwapi_sk_objs.h	722		ZW_API_C evxErrors cvxSkReadyTextInqCrvs(int idRdText, int *Count, int **idCrvs);
cvxSkReadyTextInqText	zwapi_sk_objs.h	749		ZW_API_C evxErrors cvxSkReadyTextInqText(int idRdText, svxReadyText *RdText);
cvxSkReadyTextModText	zwapi_sk_objs.h	768		ZW_API_C evxErrors cvxSkReadyTextModText(int idRdText, svxReadyText *RdText);
cvxSkReference	zwapi_cmd_sk_cmds.h	1121		ZW_API_C evxErrors cvxSkReference(const svxSkRefData *data, int *count, int **idRefEnts);
cvxSkReferenceInit	zwapi_cmd_sk_cmds.h	1096		ZW_API_C evxErrors cvxSkReferenceInit(svxSkRefData *data);
cvxSkRegen	zwapi_sk_opts.h	34		ZW_API_C void cvxSkRegen();
cvxSkRotate	zwapi_cmd_sk_cmds.h	1194		ZW_API_C evxErrors cvxSkRotate(const svxRotateData2D *data, int *cnt, int **idEnts);
cvxSkRotateInit	zwapi_cmd_sk_cmds.h	1212		ZW_API_C evxErrors cvxSkRotateInit(svxRotateData2D *data);
cvxSkScale	zwapi_cmd_sk_cmds.h	1281		ZW_API_C evxErrors cvxSkScale(int Count, int *idEnts, double X_scale, double Y_scale, svxPoint2 *Pnt);
cvxSkSetWireType	zwapi_sk_objs.h	672		ZW_API_C evxErrors cvxSkSetWireType(int nEnt, int *idEnt, int type);
cvxSkSpline	zwapi_cmd_sk_cmds.h	530		ZW_API_C evxErrors cvxSkSpline(const svxSplineData *PntData, int *idEnt);
cvxSkSplineInit	zwapi_cmd_sk_cmds.h	504		ZW_API_C evxErrors cvxSkSplineInit(svxSplineData *data, int count);
cvxSkSplitIsect	zwapi_cmd_sk_cmds.h	888		ZW_API_C evxErrors cvxSkSplitIsect(const svxSkSplitIsect *Spl);
cvxSkSplitIsectInit	zwapi_cmd_sk_cmds.h	865		ZW_API_C evxErrors cvxSkSplitIsectInit(svxSkSplitIsect *Spl);
cvxSkTrimExt	zwapi_cmd_sk_cmds.h	735		ZW_API_C evxErrors cvxSkTrimExt(const svxSkTrimExt *trimExt);
cvxSkTrimExtInit	zwapi_cmd_sk_cmds.h	713		ZW_API_C evxErrors cvxSkTrimExtInit(svxSkTrimExt *trimExt);
cvxSkTrimSplitCor	zwapi_cmd_sk_cmds.h	830		ZW_API_C evxErrors cvxSkTrimSplitCor(const svxSkTrimSplitCor *trimSpl);
cvxSkTrimSplitCorInit	zwapi_cmd_sk_cmds.h	807		ZW_API_C evxErrors cvxSkTrimSplitCorInit(svxSkTrimSplitCor *trimSpl);
cvxSkTrimSplitCrv	zwapi_cmd_sk_cmds.h	772		ZW_API_C evxErrors cvxSkTrimSplitCrv(const svxSkTrimSplit *trimSpl);
cvxSkTrimSplitInit	zwapi_cmd_sk_cmds.h	750		ZW_API_C evxErrors cvxSkTrimSplitInit(svxSkTrimSplit *trimSpl);
cvxSkTrimSplitPnt	zwapi_cmd_sk_cmds.h	792		ZW_API_C evxErrors cvxSkTrimSplitPnt(const svxSkTrimSplitPnt *trimSpl);
cvxSkVarAdd	zwapi_sk_var.h	52		ZW_API_C evxErrors cvxSkVarAdd(svxVariable *Variable);
cvxSkVarGet	zwapi_sk_var.h	79		ZW_API_C evxErrors cvxSkVarGet(svxVariable *Variable);
cvxSkVarSet	zwapi_sk_var.h	100		ZW_API_C evxErrors cvxSkVarSet(int Count, svxVariable *Variables);
cvxSliderLimitGet	zwapi_ui_slider.h	47		ZW_API_C evxErrors cvxSliderLimitGet(const char *Form, int idfield, double *min, double *max);
cvxSliderLimitSet	zwapi_ui_slider.h	69		ZW_API_C evxErrors cvxSliderLimitSet(const char *Form, int idfield, double min, double max);
cvxSplinePntInit	zwapi_cmd_wireframe.h	645		ZW_API_C evxErrors cvxSplinePntInit(svxSplinePnt *data);
cvxSrfAxis	zwapi_math_nurbssurface.h	298		ZW_API_C evxErrors cvxSrfAxis(svxSurface *Srf, svxPoint *startPnt, svxPoint *endPnt);
cvxSrfDiameterEval	zwapi_math_nurbssurface.h	208		ZW_API_C evxErrors cvxSrfDiameterEval(svxSurface *Srf, double U, double V, double *Diameter);
cvxSrfEval	zwapi_math_nurbssurface.h	179		ZW_API_C evxErrors cvxSrfEval(svxSurface *Srf, double U, double V, svxPoint *Point, svxVector *Normal, svxVector *Utan, svxVector *Vtan);
cvxSrfFindPoles	zwapi_math_nurbssurface.h	355		ZW_API_C int cvxSrfFindPoles(svxSurface *srf, double tol, int poles[4]);
cvxSrfGetPole	zwapi_math_nurbssurface.h	322		ZW_API_C evxErrors cvxSrfGetPole(svxSurface *srf, const svxPoint *dir, svxPoint *pnt);
cvxSrfPrimFree	zwapi_brep_face.h	555		ZW_API_C void cvxSrfPrimFree(svxSrfPrim *SrfPrim);
cvxSrfTransform	zwapi_math_matrix.h	481	SI	ZW_API_C void cvxSrfTransform(svxMatrix *Mat, svxSurface *Srf);
cvxStlFree	zwapi_part_facets.h	748		ZW_API_C void cvxStlFree(svxSTL *Stl);
cvxSubPartFlag	zwapi_asm_comp.h	1218		ZW_API_C evxErrors cvxSubPartFlag(const vxLongPath File, const vxRootName Part, int isSubPart);
cvxSubPartIns	zwapi_asm_opts.h	564		ZW_API_C evxErrors cvxSubPartIns(const vxRootName Name, int AutoRegen, int MergeOption);
cvxSurfaceFree	zwapi_brep_face.h	516		ZW_API_C void cvxSurfaceFree(svxSurface *Srf);
cvxSymInqLeadLines	zwapi_part_dim.h	256		ZW_API_C evxErrors cvxSymInqLeadLines(int idSym, int *count, svxCurve **LeadCrvs);
cvxSymInqRefPnt	zwapi_part_dim.h	228		ZW_API_C evxErrors cvxSymInqRefPnt(int idSym, svxPoint *RefPnt);
cvxSymWeldFree	zwapi_dwg_symbol.h	304	SI	ZW_API_C void cvxSymWeldFree(svxSymWeld *WeldData);
cvxTabWidgetItemVisibleSet	zwapi_ui_tabwidget.h	46		ZW_API_C evxErrors cvxTabWidgetItemVisibleSet(const char *Form, int tabIdField, int tabIndex, char bVisible);
cvxTableAtSet	zwapi_ui_tablewidget.h	67		ZW_API_C evxErrors cvxTableAtSet(char *Form, int idTable, svxTableAt *At);
cvxTableAtSetInit	zwapi_ui_tablewidget.h	44		ZW_API_C evxErrors cvxTableAtSetInit(svxTableAt *data);
cvxTableCallBackParamFree	zwapi_ui_tablewidget.h	196		ZW_API_C void cvxTableCallBackParamFree(svxTableCallBackParam *param);
cvxTableCallBackParamGet	zwapi_ui_tablewidget.h	182		ZW_API_C evxErrors cvxTableCallBackParamGet(const char *form, int idTable, svxTableCallBackParam *param);
cvxTableCellEnableSet	zwapi_ui_tablewidget.h	656		ZW_API_C void cvxTableCellEnableSet(const char *Form, int idTable, int Row, int Col, int State);
cvxTableCellTextGet	zwapi_ui_tablewidget.h	637		ZW_API_C evxErrors cvxTableCellTextGet(char *Form, int idTable, int Row, int Col, char *text, int nBytes);
cvxTableCellTextSet	zwapi_ui_tablewidget.h	725		ZW_API_C evxErrors cvxTableCellTextSet(char *Form, int idTable, int Row, int Col, char *text);
cvxTableCellTextSet2	zwapi_ui_tablewidget.h	747		ZW_API_C evxErrors cvxTableCellTextSet2(const char *Form, int idTable, int Row, int Col, char *Text, char *Image);
cvxTableCellTipGet	zwapi_ui_tablewidget.h	704		ZW_API_C evxErrors cvxTableCellTipGet(const char *Form, int idTable, int Row, int Col, char *tip, int nBytes);
cvxTableCellTipSet	zwapi_ui_tablewidget.h	678		ZW_API_C void cvxTableCellTipSet(const char *Form, int idTable, int Row, int Col, const char *tip);
cvxTableCheckSet	zwapi_ui_tablewidget.h	614		ZW_API_C evxErrors cvxTableCheckSet(const char *Form, int idTable, int Row, int Col, int Check);
cvxTableColCnt	zwapi_ui_tablewidget.h	234		ZW_API_C int cvxTableColCnt(const char *Form, int idTable);
cvxTableColInsert	zwapi_ui_tablewidget.h	293		ZW_API_C evxErrors cvxTableColInsert(const char *Form, int idTable, int Col);
cvxTableColRemove	zwapi_ui_tablewidget.h	313		ZW_API_C evxErrors cvxTableColRemove(const char *Form, int idTable, int Col);
cvxTableColorGet	zwapi_ui_tablewidget.h	839		ZW_API_C evxErrors cvxTableColorGet(const char *Form, int idTable, int Row, int Col, svxColor *Color, int *ClrIdx, unsigned char *Type);
cvxTableColorSet	zwapi_ui_tablewidget.h	815		ZW_API_C evxErrors cvxTableColorSet(const char *Form, int idTable, int Row, int Col, const svxColor *Color, int ClrIdx, unsigned char Type);
cvxTableComboGet	zwapi_ui_tablewidget.h	394		ZW_API_C evxErrors cvxTableComboGet(const char *Form, int idTable, int Row, int Col, int *Index, char *Text, int nBytes);
cvxTableComboSet	zwapi_ui_tablewidget.h	342		ZW_API_C evxErrors cvxTableComboSet(char *Form, int idTable, int Row, int Col, char *Options);
cvxTableComboSet2	zwapi_ui_tablewidget.h	370		ZW_API_C evxErrors cvxTableComboSet2(const char *Form, int idTable, int Row, int Col, char *Options, char *Images);
cvxTableComboSetOption	zwapi_ui_tablewidget.h	527		ZW_API_C evxErrors cvxTableComboSetOption(const char *Form, int idTable, int Row, int Col, int Index, char *IdxText);
cvxTableDateGet	zwapi_ui_tablewidget.h	792		ZW_API_C evxErrors cvxTableDateGet(const char *Form, int idTable, int Row, int Col, int *Date, evxDateType *DateType);
cvxTableDateSet	zwapi_ui_tablewidget.h	769		ZW_API_C evxErrors cvxTableDateSet(const char *Form, int idTable, int Row, int Col, int Date, evxDateType DateType);
cvxTableGetSelRange	zwapi_ui_tablewidget.h	137		ZW_API_C evxErrors cvxTableGetSelRange(const char *Form, int idTable, int *RangeCnt, svxRectangle **SelRange);
cvxTableGetText	zwapi_ui_tablewidget.h	909		ZW_API_C evxErrors cvxTableGetText(const char *Form, int idTable, int row, int col, char *text, int sizeText);
cvxTableHeaderCellCheck	zwapi_ui_tablewidget.h	1093		ZW_API_C evxErrors cvxTableHeaderCellCheck(const char *Form, int idTable, int isVertical, int item, int check);
cvxTableHorHeaderVisibleSet	zwapi_ui_tablewidget.h	932		ZW_API_C evxErrors cvxTableHorHeaderVisibleSet(const char *Form, int idTable, int visible);
cvxTableIndexComboSet	zwapi_ui_tablewidget.h	419		ZW_API_C evxErrors cvxTableIndexComboSet(char *Form, int idTable, int Row, int Col, char *Options);
cvxTableIndexComboSet2	zwapi_ui_tablewidget.h	473		ZW_API_C evxErrors cvxTableIndexComboSet2(const char *Form, int idTable, int Row, int Col, char *Options, char *Images);
cvxTableInputComboSet	zwapi_ui_tablewidget.h	444		ZW_API_C evxErrors cvxTableInputComboSet(char *Form, int idTable, int Row, int Col, char *Options);
cvxTableInputComboSet2	zwapi_ui_tablewidget.h	502		ZW_API_C evxErrors cvxTableInputComboSet2(const char *Form, int idTable, int Row, int Col, char *Options, char *Images);
cvxTableIsCheck	zwapi_ui_tablewidget.h	592		ZW_API_C int cvxTableIsCheck(const char *Form, int idTable, int Row, int Col);
cvxTableNumGet	zwapi_ui_tablewidget.h	884		ZW_API_C evxErrors cvxTableNumGet(const char *Form, int idTable, int Row, int Col, char *Num, int Bytes);
cvxTableNumSet	zwapi_ui_tablewidget.h	861		ZW_API_C evxErrors cvxTableNumSet(const char *Form, int idTable, int Row, int Col, const char *Num);
cvxTableRowCnt	zwapi_ui_tablewidget.h	217		ZW_API_C int cvxTableRowCnt(const char *Form, int idTable);
cvxTableRowInsert	zwapi_ui_tablewidget.h	253		ZW_API_C evxErrors cvxTableRowInsert(const char *Form, int idTable, int Row);
cvxTableRowRemove	zwapi_ui_tablewidget.h	273		ZW_API_C evxErrors cvxTableRowRemove(const char *Form, int idTable, int Row);
cvxTableSetHeaderAlignment	zwapi_ui_tablewidget.h	1017		ZW_API_C evxErrors cvxTableSetHeaderAlignment(const char *Form, int idTable, int isVertical, evxTableAlignFlag align);
cvxTableSetHeaderColResizeMode	zwapi_ui_tablewidget.h	1046		ZW_API_C evxErrors cvxTableSetHeaderColResizeMode(const char *Form, int idTable, int col, evxTableResizeMode mode);
cvxTableSetHeaderSectionSize	zwapi_ui_tablewidget.h	1067		ZW_API_C evxErrors cvxTableSetHeaderSectionSize(const char *Form, int idTable, int size, int isMin);
cvxTableSetHorHeaderList	zwapi_ui_tablewidget.h	974		ZW_API_C evxErrors cvxTableSetHorHeaderList(const char *Form, int idTable, int num, const char **pHeaderList);
cvxTableSetSelRange	zwapi_ui_tablewidget.h	111		ZW_API_C evxErrors cvxTableSetSelRange(const char *Form, int idTable, svxRectangle *SelRange, int bSelect);
cvxTableSetVerHeaderList	zwapi_ui_tablewidget.h	997		ZW_API_C evxErrors cvxTableSetVerHeaderList(const char *Form, int idTable, int num, const char **pHeaderList);
cvxTableSizeSet	zwapi_ui_tablewidget.h	87		ZW_API_C evxErrors cvxTableSizeSet(char *Form, int idTable, int NumRow, int NumCol);
cvxTableTypeGet	zwapi_ui_tablewidget.h	552		ZW_API_C evxErrors cvxTableTypeGet(const char *Form, int idTable, int Row, int Col, evxTableCellType *Type);
cvxTableUnselectAll	zwapi_ui_tablewidget.h	155		ZW_API_C evxErrors cvxTableUnselectAll(const char *Form, int idTable);
cvxTableVerHeaderVisibleSet	zwapi_ui_tablewidget.h	951		ZW_API_C evxErrors cvxTableVerHeaderVisibleSet(const char *Form, int idTable, int visible);
cvxTableVisSet	zwapi_ui_tablewidget.h	572		ZW_API_C void cvxTableVisSet(char *Form, int idTable, int Row, int Col);
cvxTplInqFieldOptions	zwapi_ui_form.h	591		ZW_API_C evxErrors cvxTplInqFieldOptions(const vxName Name, int idField, int NumBytes, char *Options);
cvxTplInqFieldType	zwapi_ui_form.h	567		ZW_API_C evxErrors cvxTplInqFieldType(const vxName Name, int idField, evxCmdFldClass *Type);
cvxTplInqFields	zwapi_ui_form.h	548		ZW_API_C evxErrors cvxTplInqFields(const vxName Name, int *NumFld, int **idFields);
cvxTplInqFnCust	zwapi_cmd_paramdefine_tpl.h	538		ZW_API_C evxErrors cvxTplInqFnCust(vxName Name, int NumBytes, char *FnName);
cvxTplInqFnEcho	zwapi_cmd_paramdefine_tpl.h	557		ZW_API_C evxErrors cvxTplInqFnEcho(vxName Name, int NumBytes, char *FnName);
cvxTplInqFnInit	zwapi_cmd_paramdefine_tpl.h	576		ZW_API_C evxErrors cvxTplInqFnInit(vxName Name, int NumBytes, char *FnName);
cvxTplInqFnTerm	zwapi_cmd_paramdefine_tpl.h	595		ZW_API_C evxErrors cvxTplInqFnTerm(vxName Name, int NumBytes, char *FnName);
cvxTranStatusDisable	zwapi_message.h	117		ZW_API_C void cvxTranStatusDisable(void);
cvxTranStatusEnable	zwapi_message.h	127		ZW_API_C void cvxTranStatusEnable(void);
cvxTreeAddItem	zwapi_ui_treeview.h	407		ZW_API_C evxErrors cvxTreeAddItem(const char *form, int field, int parentId, int siblingId, const char *label,
cvxTreeAutoResizeColumn	zwapi_ui_treeview.h	237		ZW_API_C evxErrors cvxTreeAutoResizeColumn(const char *form, int field, int col);
cvxTreeCollapseAll	zwapi_ui_treeview.h	271		ZW_API_C void cvxTreeCollapseAll(const char *form, int field);
cvxTreeDeleteItem	zwapi_ui_treeview.h	573		ZW_API_C evxErrors cvxTreeDeleteItem(const char *form, int field, int id);
cvxTreeDeleteSubItem	zwapi_ui_treeview.h	592		ZW_API_C evxErrors cvxTreeDeleteSubItem(const char *form, int field, int id);
cvxTreeEditItemByComboBox	zwapi_ui_treeview.h	642		ZW_API_C evxErrors cvxTreeEditItemByComboBox(const char *form, int field, int id, int col, const char *Options, const char *Images, int curIndex);
cvxTreeEditItemByLineEdit	zwapi_ui_treeview.h	613		ZW_API_C evxErrors cvxTreeEditItemByLineEdit(const char *form, int field, int id, int col, const char *defaultLabel);
cvxTreeExpandAll	zwapi_ui_treeview.h	256		ZW_API_C void cvxTreeExpandAll(const char *form, int field);
cvxTreeExpandItem	zwapi_ui_treeview.h	956		ZW_API_C evxErrors cvxTreeExpandItem(const char *form, int field, int id, int option);
cvxTreeGetCbParam	zwapi_ui_treeview.h	356		ZW_API_C evxErrors cvxTreeGetCbParam(const char *form, int field, int itemId, svxTreeCbParam *cbp);
cvxTreeGetChildItem	zwapi_ui_treeview.h	707		ZW_API_C evxErrors cvxTreeGetChildItem(const char *form, int field, int id, int index, int *child_id);
cvxTreeGetChildrenCount	zwapi_ui_treeview.h	728		ZW_API_C evxErrors cvxTreeGetChildrenCount(const char *form, int field, int id, int *count);
cvxTreeGetColumnCount	zwapi_ui_treeview.h	149		ZW_API_C int cvxTreeGetColumnCount(const char *form, int field);
cvxTreeGetColumnWidth	zwapi_ui_treeview.h	184		ZW_API_C int cvxTreeGetColumnWidth(const char *form, int field, int col);
cvxTreeGetDBIdByItem	zwapi_ui_treeview.h	554		ZW_API_C evxErrors cvxTreeGetDBIdByItem(const char *form, int field, int id, int *objectIndex);
cvxTreeGetDescendants	zwapi_ui_treeview.h	797		ZW_API_C evxErrors cvxTreeGetDescendants(const char *form, int field, int isAll, int parent, int *num, int **ids);
cvxTreeGetItemCheckState	zwapi_ui_treeview.h	898		ZW_API_C evxTreeCheckState cvxTreeGetItemCheckState(const char *form, int field, int id);
cvxTreeGetItemFlag	zwapi_ui_treeview.h	450		ZW_API_C evxErrors cvxTreeGetItemFlag(const char *form, int field, int id, int *flag);
cvxTreeGetItemTextByColumn	zwapi_ui_treeview.h	513		ZW_API_C void cvxTreeGetItemTextByColumn(const char *form, int field, int id, int col, char *text, int size);
cvxTreeGetNextSiblingItem	zwapi_ui_treeview.h	684		ZW_API_C evxErrors cvxTreeGetNextSiblingItem(const char *form, int field, int id, int *nextId);
cvxTreeGetParentItem	zwapi_ui_treeview.h	749		ZW_API_C evxErrors cvxTreeGetParentItem(const char *form, int field, int id, int *parent_id);
cvxTreeGetPrevSiblingItem	zwapi_ui_treeview.h	663		ZW_API_C evxErrors cvxTreeGetPrevSiblingItem(const char *form, int field, int id, int *prevId);
cvxTreeGetSelectedItems	zwapi_ui_treeview.h	818		ZW_API_C evxErrors cvxTreeGetSelectedItems(const char *form, int field, int *numNodes, int **idListPtr);
cvxTreeHeaderGetSize	zwapi_ui_treeview.h	87		ZW_API_C evxErrors cvxTreeHeaderGetSize(const char *name, int field, int *width, int *height);
cvxTreeIsColumnHidden	zwapi_ui_treeview.h	219		ZW_API_C int cvxTreeIsColumnHidden(const char *form, int field, int col);
cvxTreeIsItemSelected	zwapi_ui_treeview.h	841		ZW_API_C int cvxTreeIsItemSelected(const char *form, int field, int id);
cvxTreeItemIsExpand	zwapi_ui_treeview.h	936		ZW_API_C int cvxTreeItemIsExpand(const char *form, int field, int id);
cvxTreeItemsCount	zwapi_ui_treeview.h	378		ZW_API_C int cvxTreeItemsCount(const char *form, int field);
cvxTreeMoveItems	zwapi_ui_treeview.h	773		ZW_API_C evxErrors cvxTreeMoveItems(const char *form, int field, int numNodes, int *ids, int insParentId, int siblingId);
cvxTreeSelectItem	zwapi_ui_treeview.h	860		ZW_API_C evxErrors cvxTreeSelectItem(const char *form, int field, int id);
cvxTreeSetColumnCount	zwapi_ui_treeview.h	131		ZW_API_C void cvxTreeSetColumnCount(const char *form, int field, int count);
cvxTreeSetColumnHidden	zwapi_ui_treeview.h	201		ZW_API_C void cvxTreeSetColumnHidden(const char *form, int field, int col, int hide);
cvxTreeSetColumnWidth	zwapi_ui_treeview.h	166		ZW_API_C void cvxTreeSetColumnWidth(const char *form, int field, int col, int width);
cvxTreeSetHeaderIcon	zwapi_ui_treeview.h	43		ZW_API_C void cvxTreeSetHeaderIcon(const char *name, int field, int section, const char *icon);
cvxTreeSetHeaderText	zwapi_ui_treeview.h	66		ZW_API_C void cvxTreeSetHeaderText(const char *form, int field, int col, const char *text);
cvxTreeSetHeaderTextAlignment	zwapi_ui_treeview.h	110		ZW_API_C evxErrors cvxTreeSetHeaderTextAlignment(const char *form, int field, int col, evxAlignFlag align);
cvxTreeSetItemCheckState	zwapi_ui_treeview.h	917		ZW_API_C void cvxTreeSetItemCheckState(const char *form, int field, int id, evxTreeCheckState checkState, int extToChild);
cvxTreeSetItemCheckable	zwapi_ui_treeview.h	880		ZW_API_C evxErrors cvxTreeSetItemCheckable(const char *form, int field, int id, int checkable);
cvxTreeSetItemFlag	zwapi_ui_treeview.h	429		ZW_API_C evxErrors cvxTreeSetItemFlag(const char *form, int field, int count, int *ids, int flag);
cvxTreeSetItemIconNameByColumn	zwapi_ui_treeview.h	471		ZW_API_C evxErrors cvxTreeSetItemIconNameByColumn(const char *form, int field, int id, int col, const char *iconName);
cvxTreeSetItemTextByColumn	zwapi_ui_treeview.h	492		ZW_API_C evxErrors cvxTreeSetItemTextByColumn(const char *form, int field, int id, int col, const char *text);
cvxTreeSetItemTextColor	zwapi_ui_treeview.h	534		ZW_API_C evxErrors cvxTreeSetItemTextColor(const char *form, int field, int id, int col, svxColor *color);
cvxTreeSetSelectionBehavior	zwapi_ui_treeview.h	331		ZW_API_C evxErrors cvxTreeSetSelectionBehavior(const char *form, int field, int behavior);
cvxTreeSetSelectionMode	zwapi_ui_treeview.h	312		ZW_API_C evxErrors cvxTreeSetSelectionMode(const char *form, int field, int mode);
cvxTreeUnselectAll	zwapi_ui_treeview.h	289		ZW_API_C evxErrors cvxTreeUnselectAll(const char *form, int field);
cvxUDFFileInqAssociatedList	zwapi_file.h	1442		ZW_API_C evxErrors cvxUDFFileInqAssociatedList(const vxPath dirPath, const vxPath file, int *count, vxPath **fileList);
cvxUDFFileInqAssociatedListByLongPath	zwapi_file.h	1468		ZW_API_C evxErrors cvxUDFFileInqAssociatedListByLongPath(const vxLongPath dirPath, const vxLongPath file, int *count, vxLongPath **fileList);
cvxUiSettingsApply	zwapi_ui_guiset.h	146		ZW_API_C evxErrors cvxUiSettingsApply(char *RoleText);
cvxUiSettingsCount	zwapi_ui_guiset.h	36		ZW_API_C int cvxUiSettingsCount(void);
cvxUiSettingsCreate	zwapi_ui_guiset.h	52		ZW_API_C evxErrors cvxUiSettingsCreate(char *CreateRoleText, char *CopyRoleText);
cvxUiSettingsExists	zwapi_ui_guiset.h	131		ZW_API_C evxErrors cvxUiSettingsExists(char *RoleText);
cvxUiSettingsExport	zwapi_ui_guiset.h	115		ZW_API_C evxErrors cvxUiSettingsExport(char *RoleText, char *Path);
cvxUiSettingsFetch	zwapi_ui_guiset.h	179		ZW_API_C evxErrors cvxUiSettingsFetch(int i, char *RoleText);
cvxUiSettingsImport	zwapi_ui_guiset.h	98		ZW_API_C evxErrors cvxUiSettingsImport(char *Path);
cvxUiSettingsRemove	zwapi_ui_guiset.h	83		ZW_API_C evxErrors cvxUiSettingsRemove(char *RoleText);
cvxUiSettingsRename	zwapi_ui_guiset.h	68		ZW_API_C evxErrors cvxUiSettingsRename(char *CurRoleText, char *NewRoleText);
cvxUiSettingsReset	zwapi_ui_guiset.h	162		ZW_API_C evxErrors cvxUiSettingsReset(char *RoleText);
cvxUndoBundleEnd	zwapi_xn.h	195		ZW_API_C void cvxUndoBundleEnd(int RefreshDisplay, int Settings[], int isError);
cvxUndoBundleStart	zwapi_xn.h	173		ZW_API_C void cvxUndoBundleStart(int DisableManager, int Settings[]);
cvxUndoRedo	zwapi_xn.h	87		ZW_API_C evxErrors cvxUndoRedo(int Undo);
cvxUndoRedoMarker	zwapi_xn.h	72		ZW_API_C evxErrors cvxUndoRedoMarker(vxName Name);
cvxUndoRedoTo	zwapi_xn.h	108		ZW_API_C evxErrors cvxUndoRedoTo(int Undo, vxName Name);
cvxUnitGet	zwapi_global_apply.h	254		ZW_API_C void cvxUnitGet(evxUnitType *Type, vxName Name);
cvxUnitMassGet	zwapi_global_apply.h	332		ZW_API_C evxErrors cvxUnitMassGet(evxMassUnitType *type, vxName name);
cvxUnitMassSet	zwapi_global_apply.h	347		ZW_API_C evxErrors cvxUnitMassSet(evxMassUnitType type);
cvxUnitSet	zwapi_global_apply.h	284		ZW_API_C void cvxUnitSet(evxUnitType Type);
cvxUnitToSys	zwapi_global_apply.h	298		ZW_API_C void cvxUnitToSys(double *Distance);
cvxUnitToUser	zwapi_global_apply.h	312		ZW_API_C void cvxUnitToUser(double *Distance);
cvxUnitTypeGet	zwapi_global_apply.h	270		ZW_API_C void cvxUnitTypeGet(char *unit_str, char *sub_type, char *unit_type);
cvxUserActionStatusGet	zwapi_message.h	137		ZW_API_C void cvxUserActionStatusGet(int *disableStatus);
cvxUserActionStatusSet	zwapi_message.h	159		ZW_API_C void cvxUserActionStatusSet(int disable);
cvxUserActionStatusSet2	zwapi_message.h	200		ZW_API_C int cvxUserActionStatusSet2(evxDialogType type, int value);
cvxVecAngle	zwapi_math_vector.h	83		ZW_API_C void cvxVecAngle(svxVector *V1, svxVector *V2, double *Angle);
cvxVecCross	zwapi_math_vector.h	102		ZW_API_C void cvxVecCross(svxVector *V1, svxVector *V2, svxVector *Cross);
cvxVecInit	zwapi_math_vector.h	47		ZW_API_C void cvxVecInit(svxPoint *Point1, svxPoint *Point2, svxVector *Vector);
cvxVecNormalize	zwapi_math_vector.h	63	SI	ZW_API_C void cvxVecNormalize(svxVector *Vector);
cvxVecParallelChk	zwapi_math_vector.h	178		ZW_API_C int cvxVecParallelChk(int Orient, svxVector *V1, svxVector *V2, double CosTol);
cvxVecPerp	zwapi_math_vector.h	120		ZW_API_C void cvxVecPerp(svxVector *Vector, svxVector *Perp);
cvxVecReverse	zwapi_math_vector.h	136	SI	ZW_API_C void cvxVecReverse(svxVector *Vector);
cvxVecTransform	zwapi_math_matrix.h	445	SI	ZW_API_C void cvxVecTransform(svxMatrix *Mat, svxVector *Vector);
cvxVersion	zwapi_global_apply.h	558		ZW_API_C int cvxVersion(char *vxStatus);
cvxVersionNum	zwapi_global_apply.h	574		ZW_API_C void cvxVersionNum(vxLongName verNum);
cvxViewActivate	zwapi_view.h	103		ZW_API_C evxErrors cvxViewActivate(int idView);
cvxViewExtent	zwapi_view.h	113		ZW_API_C void cvxViewExtent(double Extent);
cvxViewGet	zwapi_view.h	128		ZW_API_C void cvxViewGet(svxMatrix *Frame, double *Extent);
cvxViewInqStandardType	zwapi_view.h	83		ZW_API_C evxErrors cvxViewInqStandardType(int idView, evxViewStd *type);
cvxViewIsSection	zwapi_view.h	48		ZW_API_C int cvxViewIsSection(int idView);
cvxViewIsStandard	zwapi_view.h	65		ZW_API_C int cvxViewIsStandard(int idView);
cvxViewOrigin	zwapi_view.h	157		ZW_API_C void cvxViewOrigin(svxPoint *Origin);
cvxViewSet	zwapi_view.h	144		ZW_API_C void cvxViewSet(svxMatrix *Frame, double Extent);
cvxViewSetBndBox	zwapi_view.h	192		ZW_API_C evxErrors cvxViewSetBndBox(double Scale, const svxBndBox *BndBox);
cvxViewStd	zwapi_view.h	176		ZW_API_C void cvxViewStd(evxViewStd Type, double NullExtent);
cvxVisDispStatusGet	zwapi_display.h	370		ZW_API_C void cvxVisDispStatusGet(evxVisualDispItem Item, int *isOn);
cvxXnBundle	zwapi_xn.h	151		ZW_API_C evxErrors cvxXnBundle(int iCount, const char *xn_name);
cvxXnUndoCount	zwapi_xn.h	44		ZW_API_C int cvxXnUndoCount();
