comando	label_ribbon	form_dialogo	hint	descrizione
!AnimAddAppKfrm	Appearance	AnimAddAppKfrm	New an appearance keyframe	
!AnimAddMotor	Motor	AnimAddMotor	New a motor	
!AnimAddViewKfrm	Views and Cameras	AnimAddViewKfrm	New a view keyframe	Create a view-type keyframe by the standard views, custom views, or camera views, etc.
!AnimAlnKfrmCmd	Disable/Enable	AnimAlnKfrmCmd	Disable alignments	
!AnimBandAnal	Band Analysis		Band analysis	Select bodies to band analysis.
!AnimCompPos	Print Component Position	AnimCompPos	Select a component	
!AnimImportExp	Import Exploded Animation	AnimImportExp	Import exploded animation	
!AnimInferCrt	Interference		Interference	
!AnimInferList	Interference Information List		Interference information list	
!AnimNewAnimInst	New Animation	AnimNewAnimInst	New animation	
!AnimPosKfrmCmd	Position	AnimPosKfrmCmd	Create a position keyframe	
!AnimTrkCrt	Motion Track		Motion track	
!AsAlnAll	Common Constraint	AsAlnAll	Constrain components and shapes	Create an alignment constraint that associates two components or shells in the active part/assembly.
!AsAlnAll2	Common Constraint	AsAlnAll2	Constrain components and shapes	Create an alignment constraint that associates two components or shells in the active part/assembly.
!AsAlnDelete	Delete Constraint	AsAlnDelete	Unconstrain component or shape	Select the component and then the constraint to delete. You can middle-click to delete all constraints associated with the component.
!AsAlnDisable	Disable	AsAlnDisable	Disable alignments	
!AsAlnDrag	Drag	AsAlnDrag	Drag components	You can test the total freedom of a constraint system within a linkage-type assembly or to reposition a component after it is inserted but prior to placing any alignment constraints on it.
!AsAlnDrag2	Drag	AsAlnDrag2	Drag components	You can test the total freedom of a constraint system within a linkage-type assembly or to reposition a component after it is inserted but prior to placing any alignment constraints on it.
!AsAlnDragRot	Rotate	AsAlnDragRot	Rotate entities about point	Use this command to dynamically rotate the selected shell or component about the center of its bounding box. First select a component to rotate, Then move the cursor and watch as the component rotates freely about or along those axes that are not constrained.
!AsAlnDragRot2	Rotate	AsAlnDragRot2	Rotate entities about point	Use this command to dynamically rotate the selected shell or component about the center of its bounding box. First select a component to rotate, Then move the cursor and watch as the component rotates freely about or along those axes that are not constrained.
!AsAlnEnable	Enable	AsAlnEnable	Enable alignments	
!AsAlnFix	Fix	AsAlnFix	Toggle Fix/Unfix component or shape position	The component is fixed in its current position and will not move when the constraint system is solved. Select the component to fix.  If the component is already fixed, this command will remove the fix.
!AsAlnHandle	Assem Handle	AsAlnHandle	Define assembly constraint handle	
!AsAlnRedefine2	Redefine Constraint	AsAlnRedefine2	Constrain components and shapes	Create an alignment constraint that associates two components or shells in the active part/assembly.
!AsAlnSolve	Solve	AsAlnSolve	Solve alignment constraints	Simultaneously solve the system of constraints.
!AsAlnUseHan	Align Component with Handles	AsAlnUseHan	Constrain components and shapes	Create an alignment constraint that associates two components or shells in the active part/assembly.
!AsEditAlign	Edit Constraint	AsEditAlign	Edit component constraints	An options form similar to the Constrain Components command is displayed listing its constraints.
!AsEditAlign2	Edit Constraint	AsEditAlign2	Edit component constraints	An options form similar to the Constrain Components command is displayed listing its constraints.
!AsMcmPulley	Pulley	AsMcmPulley	Add a pulley	
!AsMechAlnAll	Mechanical Constraint	AsMechAlnAll	Constrain components and shapes	Create an mechanical constraint.
!AsMechAlnRedef	Mechanical Constraint	AsMechAlnRedef	Constrain components and shapes	Create an mechanical constraint.
!AsUnivAlign	Edit Constraint	AsUnivAlign	Create/Edit/Delete component constraints	An options form similar to the constrain components command is displayed listing its constraints.
!AsmAltComAct	Activate Alternate	AsmAltComAct	Activate an alternate component	Once activated, the alternate takes the original component&apos;s place in the assembly.
!AsmAltComAdd	Add Alternate	AsmAltComAdd	Add an alternate component	Assign an alternate to a component. Once assigned, use the Activate Alternate Component cmmand to activate it. The active alternate will be displayed until the original component is reactivated.
!AsmAltComDel	Delete Alternate	AsmAltComDel	Delete an alternate component	Delete an alternate assigned to a component. The alternate object itself is not deleted only its assignment as an alternate to the component.
!AsmAltComInq	Inquire Alternates	AsmAltComInq	Show alternate component table	List all alternates that have been assigned to a component. You can select the component directly or select the name of the component from the History Manager.
!AsmAnimAct	Edit Animation	AsmAnimAct	Edit animation	
!AsmAnimDel	Delete Animation	AsmAnimDel	Delete animation	
!AsmAnimInq	Inquire Animation	AsmAnimInq	Inquire animation	
!AsmComRepAct	Activate Config	AsmComRepAct	Activate a component configuration	Once activated, each component in the assembly is checked to see if it has an alternate component of the same name. If so, that alternate component is displayed.
!AsmComRepAdd	Define Config	AsmComRepAdd	Add name for component configuration	Add a new configuration name to the recorded list of configurations for a component.
!AsmComRepAuto	Record Config	AsmComRepAuto	Record the configuration of the current assembly	Create a component configuration from the active part. Each component in the assembly is checked to see if an alternate component is active. If so, the same alternate component is referenced again by the name of this configuration.
!AsmComRepDel	Delete Config	AsmComRepDel	Delete assembly configuration	Delete the component configuration. No actual component or geometry is deleted, only the configuration assignment.
!AsmComRepExp	Exploded Config	AsmComRepExp	Create exploded assembly configuration	The explosion is for visual purposes only and does not modify the actual location of each component within the assembly.
!AsmComRepInq	Inquire Config	AsmComRepInq	Show component configuration table	List all configurations assigned to the active assembly.
!AsmExpAddStep	Add Exploded Step	AsmExpAddStep	Add an explode step.	Add an explode step.
!AsmExpAddTrail	Add Exploded Trail	AsmExpAddTrail	Add an explode trail.	Add an explode trail.
!AsmExpAutoTrail	Auto Exploded Trail	AsmExpAutoTrail	Add explode trail automatically.	Add explode trail automatically.
!AsmExpConfig	Exploded Config	AsmComRepExp	Create exploded assembly configuration	The explosion is for visual purposes only and does not modify the actual location of each component within the assembly.
!AsmExpReuse	Reuse Exploded View	AsmExpReuse	Reuse exist exploded view.	Reuse exist exploded view.
!AsmExpViewAuto	Auto Explode	AsmExpViewAuto	Explode all the components automatically	Explode all the components automatically
!AsmExpViewEnter	Exploded View	AsmExpViewEnter	Activate an existing exploded view or create a new one	If an existing exploded view is selected, it will be activated. But a new one will be created if it is not existed.
!AsmFlexDesign			Flexible design	
!AsmMirrorAll	Mirror	AsmMirrorAll	Mirror a component	Mirror a component. Move or Copy.
!AsmPtnAll	Pattern	AsmPtnAll	Pattern array	Pattern components. Various methods are supported including linear, circular, point to point, at pattern, at curves and at face.
!AsmSwitchExp	Exploded View Video	AsmSwitchExp	Exploded View Video	switch to another view, and save the animation in avi
!Cd3DDimPrjDwg	Inherit Dimensions from Part	Cd3DDimPrjDwg	Inherit dimensions from part or not	
!CdAllCopy	Copy	CdAllCopy	Copy entity	Copy 3D part entities. Various methods are supported including directions, points and frames (i.e., datum planes or planar faces).
!CdAllMove	Move	CdAllMove	Move entity	Move 3D part entities. Various methods are supported including directions, points and frames (i.e., datum planes or planar faces).
!CdAnalyzeComp	Analysis	CdAnalyzeComp	Analyze component display	
!CdAnchorPoint	Anchor Point	CdAnchorPoint	Create an anchor	
!CdAng1ln	Measure 1 Line	CdAng1ln	Angle between a direction and x-axis	
!CdAngArc	Measure Arc	CdAngArc	Angle subtended by an arc	
!CdAngFace	Measure Face Dihedral	CdAngFace	Angle by face dihedral	
!CdAnimCamDef	Camera Position	CdAnimCamDef	Define Camera	Location, location of the camera for the active keyframe only. Look at, a point that along with the location point defines a vector (i.e., direction) that the camera is pointing, but the camera can still twist about that vector. This is for the active keyframe only.
!CdAnimDel	Erase	CdAnimDel	Erase entities	Erase historically-generated entities.Select part entities and middle-click to erase them.
!CdAnimKeyAdd	Key Frame	CdAnimKeyAdd	Add Key Frame	It used to set the current time of the animation. It defines a time in the animation when Animation Parameters are given explicit values.
!CdAnimMotTrk	Motion Track	CdAnimMotTrk	Create motion track	
!CdAnimMotor	Add Motor	CdAnimMotor	Apply a motor power	
!CdAnimNew	New Animation	CdAnimNew	Create new animation	From the Required Input section of the command options tab, enter the Total animation time.  You can optional specify a name for the animation.
!CdAnimParamAdd	Parameter	CdAnimParamAdd	Add Animation Parameter	Using the Add Parameter icon will display all of the editable parameters in the assembly.Note that adding a parameter will automatically create a keyframe at the current animation time if one does not exist.
!CdAnimRecord	Record Animation	CdAnimRecord	Record animation to AVI	
!CdAnlyzSctDat	Surface Fit	CdAnlyzSctDat	Analyze point cloud data surface fit	Analyze the distance between individual points in a point block and a given surface that was fitted through the point block.  The ratio of a given point distance to the surface and the user specified max. distance range value determines the color of a point.
!CdAnntTblCrt	Annotation	CdAnntTblCrt	Create an annotation table	
!CdArcType	Toggle Arc	CdArcType	Toggle arc type	Toggle the curve type between a normal and a designer arc.
!CdAsmMove	Move	CdAsmMove	Move components	Move components. Various methods are supported including directions, points and frames (i.e., datum planes or planar faces).
!CdAsmMoveChld	Move	CdAsmMoveChld	Move component	
!CdAssoFtrBrk	Break Associative Import		Break the Associative Import feature.	
!CdAssoFtrUpd	Update		Update the data of the associative imported file.	
!CdAtDel	Delete...	CdAtDel	Delete entity attributes	Delete custom line attributes including color, style, and line width. Delete custom surface attributes.
!CdAtMod	Edit...	CdAtMod	Edit entity attributes	Define and apply line attributes including color, style, and line width. Attributes defined in the form can also be toggled and saved as attribute bundles.
!CdAtMod2D	Edit...	CdAtMod2D	Edit entity attributes	Edit the attributes for selected entities such as lines, text, constraint symbols, faces. etc.
!CdAtModBlk	Attributes	CdAtModBlk	Edit block entity attributes	
!CdAtPainter	Format Painter	CdAtPainter	Format painter	Copy attributes of an entity to some other entities.
!CdAttrFomatSel	Select Entity	CdAttrFomatSel	Select Entity	
!CdAutoBalloon	Auto Balloon	CdAutoBalloon	Create balloons on a drawing view automatically.	
!CdAutoResized	Automatically Resized	CdAutoResized	Automatically Resized	
!CdAuxFrameSet	CSYS	CdAuxFrameSet	CSYS	
!CdAuxFtrShare	Make External		Make sketch external.	Make sketch external.
!CdAuxFtrUnshare	Make Internal		Make sketch internal.	Make sketch internal.
!CdAxis	Datum Axis	CdAxis	Datum axis	Insert a new datum axis, which is used to establish a direction of reference.
!CdAxis2	Datum Axis	CdAxis2	Datum axis	Insert a new datum axis, which is used to establish a direction of reference.
!CdAxisAll	Datum Axis	CdAxisAll	Datum axis	Insert a new datum axis, which is used to establish a direction of reference.
!CdAxisType	Toggle External/Internal	CdAxisType	Toggle external/internal	Change internal 2D axis to and from external 2D axis.
!CdBalloonFtr	Text Balloon	CdBalloonFtr	Add text in a balloon	This command creates a part annotation text or image balloon at a selected point.
!CdBatchAttrSel	Select Entities	CdBatchAttrSel	Select Entities	
!CdBevelGear	Bevel Gear	CdBevelGear	Create bevel gear	Create bevel gear by specified parameters.
!CdBiarc3D	Convert to Arcs/Lines	CdBiarc3D	Convert curve(s) to arcs and lines	The segments will be connected end to end. At the sketch and drawing sheet levels, you can optionally specify tangency at end points, creating a more exact representations of the original curve.
!CdBlank3DPrf	Blank	CdBlank3DPrf	Blank entities	
!CdBlankDwg	Blank	CdBlankDwg	Blank entities	
!CdBlankPart	Blank	CdBlankPart	Blank entities	
!CdBlend2CrvsII	Blend	CdBlend2CrvsII	Place a blend curve between two boundary curves	Create a curve blend between two curves, lines, arcs or face edges.  Optional inputs include tangent and curvature matching, trim methods, keep side methods and curvature weight.
!CdBlend2CrvsII3	Blend	CdBlend2CrvsII3	Place a 3D blend curve between two boundary curves	Create a curve blend between two curves, lines, arcs or face edges. Select two curves or face edges near the ends to be blended.  At the Part level, select two 3D curves.  The curve blend will echo as the second curve is highlighted.
!CdBlk2DInsRSk	Custom Ready Sketch	CdBlk2DInsRSk	Custom Ready Sketch	
!CdBlk2DInsRpt	Insert block	CdBlk2DInsRpt	Insert block	
!CdBlkAtSupp	Override color attributes		Override attributes	
!CdBlkDispCns	Display inner constraints		Display the constraints in it or not	
!CdBlock2DAddEnt	Add Entity To Block	CdBlock2DAddEnt	Add Entity To Block	
!CdBlock2DCrt	Make Block	CdBlock2DCrt	Create a block	
!CdBlock2DDelAll	Erase Block and Instances		Erase the sketch block and its all references	
!CdBlock2DInst	Insert Block	CdBlock2DInst	Insert block	
!CdBlock2DRSkth	Save to Ready sketch		Save to Ready sketch	
!CdBlock2DRename	Rename		Rename a block	
!CdBlock2DRigid	Change to Rigid Block	CdBlock2DRigid	Change slecte block to rigid block	
!CdBlock2DUnlink	Unlink		Unlink block	
!CdBlock2DUpd	Regen	CdBlock2DUpd	Regen block	
!CdBlockAddTri	Add Triangle	CdBlockAddTri	Add a new triangle.	Pick three vertice to create a new triangle.
!CdBlockDelFace	Delete Face	CdBlockDelFace	Delete a face or faces from block.	Pick a face or faces from block to delete.
!CdBlockDivEdge	Split Edge	CdBlockDivEdge	Split an edge on the mesh.	Pick an edge from the mesh to split.
!CdBlockDivMesh	Divide Mesh	CdBlockDivMesh	Separate one or more triangles from the mesh.	Pick one or more triangles to divide the mesh.
!CdBlockFillHole	Fill Hole	CdBlockFillHole	Fill a hole of block.	Pick an edge of a hole to fill.
!CdBlockFlipEdge	Flip Edge	CdBlockFlipEdge	Flip an edge from block.	Pick an edge from block to flip.
!CdBlockFlipFace	Flip Triangle	CdBlockFlipFace	Flip a region of triangles on the mesh.	Pick a seed triangle from the mesh to flip.
!CdBlockRmBox	Remove Box	CdBlockRmBox	Remove points from point blocks	The points are "picked" by enclosing them with a series of resizable box volumes.  An optional input is available to delete the selected points (i.e., trim the point block). Otherwise the selected points are retained as separate point blocks.
!CdBlockRmPLPts	Remove Polyline	CdBlockRmPLPts	Remove points from point blocks via poly-line pick	The points are "picked" by drawing a poly-line around the desired points. An optional input is available to delete the selected points (i.e., trim the point block).  Otherwise the selected points are retained as a separate point block.
!CdBlockRmPts	Remove Sphere	CdBlockRmPts	Remove points from point blocks	The points are "picked" by enclosing them with a series of resizable spherical volumes.  An optional input is available to delete the selected points (i.e., trim the point block). Otherwise the selected points are retained as separate point blocks.
!CdBomTblCrt	BOM	CdBomTblCrt	Create a table from view object	Create a BOM table from a layout view including detail and section views. First select the view and then enter a name.
!CdBrkLnAtEntSet	Break Line Attribute	CdBrkLnAtEntSet	Modify the  attribute of the break line	Modify the  attribute of the break line.
!CdBrkLnSetGap	Break Line Gap	CdBrkLnSetGap	Modify the break line gap	Modify the gap size of the break line.
!CdBrkStyl0	Zero Zig Zag	CdBrkStyl0	Modify the break line style	Modify the break line style.
!CdBrkStyl1	One Zig Zag	CdBrkStyl1	Modify the break line style	Modify the break line style.
!CdBrkStyl2	Two Zig Zag	CdBrkStyl2	Modify the break line style	Modify the break line style.
!CdBrkStyl3	Curve	CdBrkStyl3	Modify the break line style	Modify the break line style.
!CdBrkTran	Transform into new	CdBrkTran	Transform the old break line view to new	Transform the old break line view to new.
!CdC2Auto	Auto Constrain	CdC2Auto	Automatically add constraints	Use this command to analyze the current sketch geometry and add constraints and dimensions automatically.
!CdC2Drag	Drag	CdC2Drag	Drag components	Use this command to drag geometry from one point to another, while modifying only the constraints and dimensions needed.
!CdC2ShowCns	Show Constraints	CdC2ShowCns	Show constraints on entities	
!CdC3Drag	Drag	CdC3Drag	Drag entity	Drag 3D sketch entities. Various methods are supported including directions, points and frames (i.e., datum planes or planar faces).
!CdCSYS	Datum CSYS	CdCSYS	Datum CSYS	Insert a new datum coordinate system.
!CdCSYSAll	Datum CSYS	CdCSYSAll	Datum CSYS	Insert a new datum coordinate system.
!CdCgCapture	Capture	CdCgCapture	Save the current display	Use this command to capture the active display to a file.  It automatically turns off the view extents readout, the world axis triad and the default datum display.  You can save to bmp, gif, jpg, and tif graphics file formats.
!CdCgRender	Rendering	CdCgRender	Render the active view	ZW3D supports the Pov-Ray freeware advanced rendering engine to create realistic rendered scenes.
!CdChamfer	Chamfer	CdChamfer	Place a chamfer between two boundary curves	First select the two curves (C1)(C2) near their ends to chamfer. Then specify the setback (S) along the first curve and the angle (A).
!CdCheckCorners	Check Corners	CdCheckCorners	Check mismatched errors in corners.	Check mismatched errors in corners for healing.
!CdChmCvChn	Chamfer Chain	CdChmCvChn	Chamfer a chain of curves	Create chamfers of equal setback around a chain of curves.There will be a chamfer between each adjacent curve in the chain. First select the chain of curves to chamfer and then specify the setback.
!CdChnAdd2d	Attach "Start" Tag to Curve	CdChnAdd2d	Tag the start of a curve or chain of curves	
!CdChnDel2d	Delete "Start" Tag	CdChnDel2d	Delete "starting point" tag	
!CdCldSrfPtFile	Surface from File	CdCldSrfPtFile	Create an untrimmed face fitting points from a file	Create an untrimmed face that passes through a set of points (referred to as a point cloud) read from a point file. The only required input is the point file.
!CdCleanupBln	Clean-Up Balloon	CdCleanupBln	Cleanup Balloons of a View	Use this command to clean-up the balloon locations associated with a layout view.
!CdCleanupDim	Clean-Up Dimension Locations	CdCleanupDim	Cleanup H/V Dimensions of a View	Use this command to clean up the locations of horizontal, vertical and aligned dimensions of a layout view if they lie on an axis.
!CdClearBln	Clear BOM Balloons	CdClearBln	Delete all of the BOM balloon labels on a drawing view.	
!CdClearFacets	Clear Facets	CdClearFacets	Clear facet data from active part	Deleting the facet data from a part before saving will reduce the file size. If the part is currently in shaded mode, it will be changed to wireframe mode upon completion.
!CdClipCopy	Copy	CdClipCopy	Copy to clipboard	
!CdClipCopy3	Copy	CdClipCopy3	Copy to clipboard	
!CdClipCut	Cut	CdClipCut	Cut to clipboard	
!CdClipCut3	Cut	CdClipCut3	Cut to clipboard	
!CdClipPaste	Paste	CdClipPaste	Paste	
!CdClipPaste3	Paste	CdClipPaste3	Paste	
!CdCllctTsltNds	Collect Nodes	CdCllctTsltNds	Collect nodes enclosed by boundary curves from tessellated data	Select a tessellated point or STL block (B). This block is the result of the Tessellate Scattered Data command. Then select the boundary curves (C) that enclose the nodes that you wish to collect and a point specifying the side of the boundary curves that you wish to collect the nodes from.
!CdClrChk	Clearance Check	CdClrChk	Perform clearance check	Check for clearance between components or the assembly. Blanked and suppressed components in an assembly will be ignored during these calculations.
!CdCnsAll	Add Constraints	CdCnsAll	Add constraints	
!CdCnsAll3DPrf	Add Constraints	CdCnsAll3DPrf	Add constraints	
!CdCnsAlnHor	Points Horizontal	CdCnsAlnHor	Constrain points horizontally (aligned in y)	Create a point (P2) horizontal constraint and attach it to a point(s) so that it remains horizontal to the Y value of a base point (P1).
!CdCnsAlnPlnX3D	Along Plane X	CdCnsAlnPlnX3D	Constrain lines to be along plane X-axis	Create an constraint and attach it to a plane so that it is along the X-axis of the plane.
!CdCnsAlnPlnY3D	Along Plane Y	CdCnsAlnPlnY3D	Constrain lines to be along plane Y-axis	Create an constraint and attach it to a plane so that it is along the Y-axis of the plane.
!CdCnsAlnVer	Points Vertical	CdCnsAlnVer	Constrain points vertically (aligned in x)	Create a point (P2) vertical constraint and attach it to a point(s) so that it remains vertical to the X value of a base point  (P2) .
!CdCnsAlnX3DPrf	Along X	CdCnsAlnX3DPrf	Constrain a line along X axis	Create a line along X axis
!CdCnsAlnY3DPrf	Along Y	CdCnsAlnY3DPrf	Constrain a line along Y axis	Constrain a line along Y axis
!CdCnsAlnZ3DPrf	Along Z	CdCnsAlnZ3DPrf	Constrain a line along Z axis	Constrain a line along Z axis
!CdCnsCoin	Point Coincident	CdCnsCoin	Constrain a point to another point	
!CdCnsCoin3DPrf	Point Coincident	CdCnsCoin3DPrf	Constrain a point to another point	
!CdCnsColin	Point to Line	CdCnsColin	Constrain points to be collinear	Create a point (P) to line constraint and attach it to one or more points so that they remain co-linear with a base line (L).
!CdCnsCollin3D	Collinear	CdCnsCollin3D	Constrain lines to be collinear	
!CdCnsCollinear	Collinear	CdCnsCollinear	Constrain lines to be collinear	
!CdCnsConc	Point to Center	CdCnsConc	Constrain a point to the center of an arc or circle	Create a concentric constraint and attach it to one or more points (P) so that they remain concentric to a base arc or circle (C).
!CdCnsConc3DPrf	Point to Center	CdCnsConc3DPrf	Constrain a point to the center of an arc or circle	Create a concentric constraint and attach it to one or more points (P) so that they remain concentric to a base arc or circle (C).
!CdCnsEqlCrvatr	Equal Curvature	CdCnsEqlCrvatr	Constrain curvature to be equal	Create an equal curvature constraint and attach it to an entity (L2) so that it remains an equal curvature from another entity (L1).
!CdCnsEqlLen	Equal Length	CdCnsEqlLen	Constrain distances to be equal	Create an equal distance constraint and attach it to an entity (L2) so that it remains an equal distance from another entity (L1).
!CdCnsEqlLen3D	Equal Length	CdCnsEqlLen3D	Constrain distances to be equal	Create an equal distance constraint and attach it to an entity (L2) so that it remains an equal distance from another entity (L1).
!CdCnsEqlRad	Equal Radius	CdCnsEqlRad	Constrain radius to be equal	Create an equal radius constraint and attach it to an entity (L2) so that it remains an equal radius from another entity (L1).
!CdCnsEqlRad3D	Equal Radius	CdCnsEqlRad3D	Constrain radius to be equal	Create an equal radius constraint and attach it to an entity (L2) so that it remains an equal distance from another entity (L1).
!CdCnsFixXY	Fix	CdCnsFixXY	Constrain a point to be fixed in x and/or y	Create an anchor constraint and attach it to a point so that it remains anchored at its current Xand Y location.
!CdCnsFixXY3DPrf	Fix	CdCnsFixXY3DPrf	Constrain a point to be fixed in x and/or y	Create an anchor constraint and attach it to a point so that it remains anchored at its current Xand Y location.
!CdCnsHor	Horizontal	CdCnsHor	Constrain a line horizontal	Create a horizontal constraint and attach it to one or more lines so that they remain horizontal.
!CdCnsIsect	Point to Intersection	CdCnsIsect	Constrain point at intersection of two curves	Create a point to intersection constraint and attach it to one or more points so that they remain at the intersection of two base curves.
!CdCnsIsect3DPrf	Point to Intersection	CdCnsIsect3DPrf	Constrain point at intersection of two curves	Create a point to intersection constraint and attach it to one or more points so that they remain at the intersection of two base curves.
!CdCnsMid3DPrf	Point to Midpoint	CdCnsMid3DPrf	Constrain point to be a midpoint.	Constrain a point to be located at the midpoint of a line.
!CdCnsMidXY	Point to Midpoint	CdCnsMidXY	Constrain point to be a midpoint (x and/or y)	Constrain a point to be located at the midpoint between two selected points.
!CdCnsOnCrv	Point to Line/Curve	CdCnsOnCrv	Constrain points to be on curve	Create a point (P) on curve constraint and attach it to one or more points so that they remain on a base curve (C).
!CdCnsOnCrv3DPrf	Point to Line/Curve	CdCnsOnCrv3DPrf	Constrain points to be on curve	Create a point (P) on curve constraint and attach it to one or more points so that they remain on a base curve (C).
!CdCnsOnPln3DPrf	On Plane	CdCnsOnPln3DPrf	Constrain entities to be on plane	Create an on plane constraint.
!CdCnsPara	Parallel	CdCnsPara	Constrain lines to be parallel	Select a base line (L1) and then select the line (L2) to constrain parallel to it.
!CdCnsPara3DPrf	Parallel	CdCnsPara3DPrf	Constrain lines to be parallel	Select a base line (L1) and then select the line (L2) to constrain parallel to it.
!CdCnsPerp	Perpendicular	CdCnsPerp	Constrain curves to be perpendicular	Select a base line (L1) and then select the line/curve (L2) to constrain perpendicular to it.
!CdCnsPerp3DPrf	Perpendicular	CdCnsPerp3DPrf	Constrain curves to be perpendicular	Select a base line (L1) and then select the line/curve (L2) to constrain perpendicular to it.
!CdCnsSym	Symmetrical	CdCnsSym	Constrain points/arcs/circles/lines symmetrical about a line	Create a symmetrical constraint and attach it to pairs of points/arcs/circles/lines to locate them symmetrically about a base line. Click arrow to flip the constraint direction.
!CdCnsSym3DPrf	Symmetric	CdCnsSym3DPrf	Constrain two entities to be symmetric with a plane	Set two specified points or curves to be symmetric with a plane. The curves should not be ellipses, evaluated curves or any parametric surfaces(such as spline surfaces,sweeps,spins,etc.)
!CdCnsSymPart	Partially Symmetrical	CdCnsSymPart	Constrain arcs/circles/lines symmetrical about a line	Create a symmetrical constraint and attach it to pairs of arcs/circles/lines to locate them symmetrically about a base line. Click arrow to flip the constraint direction.
!CdCnsTang	Tangent	CdCnsTang	Constrain two curves to be tangent	Create a tangent constraint and attach it to two lines, arcs, circles, or curves so that they remain tangent.
!CdCnsTang3DPrf	Tangent	CdCnsTang3DPrf	Constrain two curves to be tangent	Create a tangent constraint and attach it to two lines, arcs, circles, or curves so that they remain tangent.
!CdCnsVer	Vertical	CdCnsVer	Constrain a line vertical	Create a vertical constraint and attach it to one or more lines so that they remain vertical.
!CdComment	Comment	CdComment	Insert comment in part history	
!CdCompEdit	Edit Part	CdCompEdit	Edit Part	
!CdCompExtract	Extract Shape	CdCompExtract	Extract merged shapes to parent components	This command can be thought of as an alternate method of Assembly Design where you build all the shapes for an assembly in one part, then extract them out to separate components for CAM and 2D detailing.
!CdCompFlex	Flexible	CdCompFlex	Set component flexible	
!CdCompLink	Link Shape	CdCompLink	Link shape to component	Linking shapes to components allows the components to be updated with the shape geometry on demand.
!CdCompSetPart	Change	CdCompSetPart	Set component part	Change the part that component instances in the active assembly.
!CdCompSetRegen	Auto Regen	CdCompSetRegen	Enable/disable component regen	
!CdCompSupp	Suppress		Suppress a component	
!CdCompUnSupp	Unsuppress		Unsuppress a component	
!CdCompUnflex	Rigid	CdCompFlex	Set component rigid	
!CdCompUnlink	Unlink Shape	CdCompUnlink	Unlink shape from component	Unlink a shape from a component that was previous linked. By unlinking the shape from the component, the component will not be updated by the shape geometry.
!CdCompare	Compare Parts	CdCompare	Perform part compare	Compare two parts and show the differences between them. If they are miss-matched more than the default geometry tolerance, the component&apos;s faces will not be paired for the comparison.
!CdConfigAlign	Configure Constraint		Configure Object	
!CdConfigComponent	Configure Component		Configure object	
!CdConfigFeature	Configure Feature		Configure Object	
!CdConfigureDim	Configure Dimension		Configure Object	
!CdConfigureVar	Configure Variable		Configure Object	
!CdCopyWithCns	Copy with Constraints		Copy component with constraints	
!CdCosProfNew	Cosmetic Sketch	CdCosProfNew	Create new cosmetic sketch	
!CdCr3dEllp	Ellipse	CdCr3dEllp	Create 3D ellipse	Create an ellipse that lies on a planar face or datum plane.
!CdCr3dRect	Rectangle	CdCr3dRect	Create 3D rectangle	Create a rectangle that lies on a planar face or datum plane.
!CdCrArcCon	Concentric Arc	CdCrArcCon	Create concentric arc	Create an arc that is concentric to an existing arc, equal to its arc angle, and at a specified radius.
!CdCrTrace	Trace Profile	CdCrTrace	Create profile by tracing curves	It create a trace profile from existing sketch geometry.
!CdCreatePrtCfg	Create Config	CdCreatePrtCfg	Create Config	
!CdCrossSection	Cross Section	CdCrossSection	The cross intersection between an STL model with a plane.	Let a plane cross an STL model, then we can get the intersection curve.
!CdCrvIso	Iso-curve on Face	CdCrvIso	Curve along face isoline	Create iso-curves on a face (F) using a variety of methods.
!CdCrvIsocline	Isocline Curve	CdCrvIsocline	Isocline curves on faces	Create curves on faces with constant draft angle.
!CdCrvOnCrv	Combined Projection	CdCrvOnCrv	Combined curve projection	Create a curve through by extruding two curves along their given direction.
!CdCrvOnSf2	Curve on Face Thru Pts	CdCrvOnSf2	Curve through points on face	Create a curve through a series of points on a face. Both the points and the curve lie on the face.
!CdCrvParm	Param Space Partition	CdCrvParm	Show curve parameter space	Use this command to display the parameter space of a curve. Point markers at each point on a curve associate with a knot value are displayed along with the normalized parameter and arc length values at each point.
!CdCrvSpiral	Spiral Helix	CdCrvSpiral	Create spiral helix	Create a curve that spirals about an axis. A start point (P) and the axis (A) will define the diameter of the spiral. The number of turns and the total distance (S) to travel is also specified.
!CdCrvSpiral3D2	Spiral Helix	CdCrvSpiral3D2	Create spiral helix	Create a curve that spirals about an axis. A start point (P) and the axis (A) will define the diameter of the spiral. The number of turns and the total distance (S) to travel is also specified.
!CdCrvsMaxRad	Maximum Radius		To find the maximum radius in the sketch.	Find out the curve which maximum radius is largest in the specified curves or all of the curves in the sketch.
!CdCrvsMinRad	Minimum Radius		To find the minimum radius in the sketch.	Find out the curve which minimum radius is smallest in the specified curves or all of the curves in the sketch.
!CdCsHatAtEntSet	Attributes	CdCsHatAtEntSet	Edit hatch attributes	
!CdCsSk2DPrjSrf	Project to Face	CdCsSk2DPrjSrf	Project cosmetic sketch 2D onto faces	Project cosmetic sketch 2D onto faces and datum planes. By default, the sketch is projected normal to the faces or planes.
!CdCvAddCp	Add Control Point			
!CdCvAddCpBehind	Insert Control Point Behind			
!CdCvAddCpFront	Insert Control Point Previous			
!CdCvBndTrim	Trim/Split with Curve	CdCvBndTrim	Trim/split curves	Select the boundary Curves to split or trim to. Then select the curve Segments to delete, keep, or split.
!CdCvCombScale	Modify Curvature Scale		Modify curvature scale.	Modify the display scale factor and density of the curvature combs.
!CdCvCombTeeth	Curvature Plot	CdCvCombTeeth	Draw curvature plot of a curve in comb-teeth style	The length of each line segment illustrates curvature at that point on the curve. It helps to visualize overall curvature across a curve or edge.
!CdCvConcat	Concatenate	CdCvConcat	Concatenate a list of curves	Create a curve by concatenating a chain of existing curves. The existing curves must connect end-to-end. The original curves are deleted unless they belong to a sketch.
!CdCvConsDelAll	Delete G1/G2 Constaints		Delete all of the G1 and G2 constraints on the curve.	
!CdCvCp	Control Point	CdCvCp	Create a curve using control points	Create a curve by defining a series of control points. The curve will begin and end at the first and last control points.The points in between will control the curve&apos;s shape.
!CdCvCp3D	Control Point	CdCvCp3D	Create a curve using control points	Create a curve by defining a series of control points. The curve will begin and end at the first and last control points.The points in between will control the curve&apos;s shape.
!CdCvCp3DPrf	Control Point	CdCvCp3DPrf	Create a curve using control points	Create a curve by defining a series of control points. The curve will begin and end at the first and last control points.The points in between will control the curve&apos;s shape.
!CdCvCpDraw	Control Polygon	CdCvCpDraw	Draw control polygon of curve	Select the curve to display its control polygon. Then set the display method. Display the curve’s control points, control polygon or points and polygon together.
!CdCvCrnrTrim	Trim/Extend to Corner	CdCvCrnrTrim	Make a corner from two 3d curves	Trim or extend two curves (C1)(C2) to each other forming a corner.
!CdCvDegAscend	Deg.++		Curve degree ascending.	
!CdCvDegDecend	Deg.--		Curve degree decending.	
!CdCvEdg	Curve from Edge	CdCvEdg	Create curve from edge	Create curves from an existing face edges.
!CdCvExtnd	Trim/Extend	CdCvExtnd	Extend curve	Trim or extend a wireframe curve or face edge by a specified length.
!CdCvInqCombOO	Analyze	CdCvInqCombOO	Draw curvature plot of a curve in comb-teeth style	The plot is displayed as line segments projecting out perpendicular from the curves. The length of each line segment illustrates curvature at that point on the curve.
!CdCvInsKt	Insert Knot	CdCvInsKt	Insert knot in curve	Insert a knot (i.e., control point) at a specified parameter value along a selected curve. Optionally, you can pick a point on the curve to insert a knot.
!CdCvInt	Point Curve	CdCvInt	Create a curve through points	Create a curve by defining a series of points through which the curve will pass.
!CdCvInt2	Point Curve	CdCvInt2	Create a curve through points	Create a curve by defining a series of points through which the curve will pass.
!CdCvInt3D	Through Point Curve	CdCvInt3D	Create a curve through points	Create a curve by defining a series of points through which the curve will pass.
!CdCvInt3D2	Through Point Curve	CdCvInt3D2	Create a curve through points	Create a curve by defining a series of points through which the curve will pass.
!CdCvInt3DPrf	Through Point Curve	CdCvInt3DPrf	Create a curve through points	Create a curve by defining a series of points through which the curve will pass.
!CdCvIntClose	Close Curve		Close the open interpolation curve.	
!CdCvIntPntIns	Insert Curve Point		Insert an interpolation point on the curve.	
!CdCvIntToCV	Convert to CV Curve		Convert the interpolation curve to the control vertexes curve.	
!CdCvModII	Modify	CdCvModII	Activate a curve for local modification	Local means that the modification to the selected point will be localized and not distributed along the entire curve. You can modify the position, tangency and radius of curvature for any point on the curve.
!CdCvModII3D	Modify	CdCvModII3D	Activate a curve for local modification	Local means that the modification to the selected point will be localized and not distributed along the entire curve. You can modify the position, tangency and radius of curvature for any point on the curve.
!CdCvModII3DPrf	Modify	CdCvModII3DPrf	Activate a curve for local modification	Local means that the modification to the selected point will be localized and not distributed along the entire curve. You can modify the position, tangency and radius of curvature for any point on the curve.
!CdCvNN	Point Cloud Curve	CdCvNN	Create a curve through point cloud	Select the start point and the remaining points on the curve.
!CdCvNN3D	Point Cloud Curve	CdCvNN3D	Create a curve through point cloud	Select the start point and the remaining points on the curve.
!CdCvNN3DPrf	Point Cloud Curve	CdCvNN3DPrf	Create a curve through point cloud	Select the start point and the remaining points on the curve.
!CdCvOffAll	Offset	CdCvOffAll	Offset curves	Create a curve that is offset from a curve, chain of curves, or face edge.
!CdCvOffAll3DPrf	Offset	CdCvOffAll3DPrf	Offset curves	Create a curve that is offset from a curve, chain of curves, or face edge.
!CdCvProjSrf2	Project to Face	CdCvProjSrf2	Project curves onto faces	Project curves or a sketch onto faces and datum planes. By default, the curve is projected normal to the faces or planes.
!CdCvReduce	Reduce Data	CdCvReduce	Reduce number of control points	Remove many curve imperfections by reducing the total number of knots (i.e., control points) and thus eliminating offending knots. This command is ideal for simplifying problematic curves imported from other CAD systems.
!CdCvRefit	Cubic Refit	CdCvRefit	Refit a list of curves	Perform a cubic refit of one or more curves. This command replaces the subject curves with non-rational approximations with fewer control points.
!CdCvReverse	Reverse Curve		Reverse the specified curve.	
!CdCvSSi	InterX Curve	CdCvSSi	Create curves from face/shape intersection	Create a curve or curves at the intersection of two or more faces, open shapes, or solids.
!CdCvSmooth	Smooth Curve	CdCvSmooth	Smooth a curve	Remove unwanted imperfections in a curve. It involves the redeployment of control points. Some points are allowed to move freely while others are constrained.
!CdCvSpiral2D	Spiral Curve	CdCvSpiral2D	Create spiral curve	Create a curve that spirals about an axis. A start point (P) and the axis (A) will define the diameter of the spiral. The number of turns and the total distance (S) to travel is also specified.
!CdCvSpiral2D2	Spiral Curve	CdCvSpiral2D2	Create spiral curve	Create a curve that spirals about an axis. A start point (P) and the axis (A) will define the diameter of the spiral. The number of turns and the total distance (S) to travel is also specified.
!CdCvSplitTrim	Trim/Split at Point	CdCvSplitTrim	Split/trim a curve	You can select multiple segments to keep or just split the curve. Select a curve (C) to trim or break, trim/break points (P) on or near the curve and the segments (L) to keep or middle-click to split the curve.
!CdCvTrm2Face	Trim to Faces	CdCvTrm2Face	Trim curves to face boundary	Trim curves or sketches to a face.
!CdDeCopy	DE Copy	CdDeCopy	Direct edit copy face	Copy faces. Various methods are supported including directions, points and frames (i.e., datum planes or planar faces).
!CdDeMove	DE Move	CdDeMove	Direct edit move face	Move faces. Various methods are supported including directions, points and frames (i.e., datum planes or planar faces).
!CdDelAllPrtCfg	Delete All		Remove All Part Config	
!CdDelTinyEdgs	Check Edge	CdDelTinyEdgs	Check/delete tiny edges	Check for and delete tiny edges whose curve lengths are smaller than a specified tolerance and that are not required to define the topology of the active part.
!CdDelTrace	Delete Trace Profile	CdDelTrace	Delete trace profile	Delete a trace profile in the active sketch.
!CdDeletePrtCfg	Delete		Delete Part Config	
!CdDimAngFtr	Angular	CdDimAngFtr	Create a 2 entity angular dimension	Create an angular part annotation dimension between two lines. You are prompted for the default plane for the dimension.
!CdDimBlnMove	Move Balloons		Move Balloons	
!CdDimLnFtr	Linear	CdDimLnFtr	Create a linear dimension between points	Create a linear part annotation dimension between two points. The default plane is defined by the text point.
!CdDimModTxtPt	Move Text	CdDimModTxtPt	Modify dimension text point	
!CdDirFaceFlow	Face Acceleration			
!CdDirFaceKrv	Face Curvature			
!CdDirFaceNorm	Face Normal	CdDirFaceNorm	Direction along face normal	
!CdDirFaceTan	Face Tangent			
!CdDirOnFace	On Face	CdDirOnFace	Direction along point on face	
!CdDispAsPMI	Convert to PMI		Convert to PMI	
!CdDragDtm	Drag Datum	CdDragDtm	Drag a datum along direction	
!CdDrawRegionDel	Erase		Delete drawing region	
!CdDrawRegionMod	Edit		Edit drawing region	
!CdDrawingActive	Activate	CdDrawingActive	Activate	
!CdDrawingAttr	Attributes	CdDrawingAttr	Set sheet attributes	
!CdDrawingCopy	Copy	CdDrawingCopy	Copy to clipboard	
!CdDrawingDel	Erase	CdDrawingDel	Erase	
!CdDrawingFmAttr	Sheet Format Attributes	CdDrawingFmAttr	Set sheet format attributes	
!CdDrawingFmDel	Erase	CdDrawingFmDel	Delate Sheet format	
!CdDrawingFmEdit	Edit	CdDrawingFmEdit	Edit	
!CdDrawingNew	Insert Sheet	CdDrawingNew	Insert Sheet	
!CdDrawingPaste	Paste	CdDrawingPaste	Paste from clipboard	
!CdDrawingRegion	Add View Layout Region	CdDrawingRegion	Add view layout region	
!CdDst2All	Distance	CdDst2All	Measure distance between two geometric entities	You can measure between points and other entities.
!CdDst2AllChld	Distance	CdDst2AllChld	Measure distance between two geometric entities	
!CdDstAll	Distance	CdDstAll	Measure distance between two geometric entities	
!CdDstAllChld	Distance	CdDstAllChld	Measure distance between two geometric entities	
!CdDstAllCm	Distance	CdDstAllCm	Measure distance between two geometric entities	
!CdDtmFixedSize	Fixed Size	CdDtmFixedSize	Fixed Size	
!CdDtmShowDim	Show Datum Dimension	CdDtmShowDim	Show datum dimensions	
!CdDtmSketch	New Sketch	CdDtmSketch	Create new sketch on plane	
!CdDwgDel	Delete Sheet	CdDwgDel	Delete drawing sheets	
!CdDwgLim	Use Line Limits		Line limits ON/OFF	
!CdDwgLimSet	Set Line Limits	CdDwgLimSet	Define and enable construction limits	Set the limits of lines. For example, horizontal and vertical lines will not extend beyond the set limits.
!CdDwgOrigin	Origin	CdDwgOrigin	Set drawing origin for coordinate input	Set the active drawing sheet origin. This origin becomes the new reference origin for all coordinate input.
!CdDwgRename	Rename	CdDwgRename	Rename drawing component	
!CdDxPlnExpFile	Export DWG/DXF		Export DWG/DXF	Export DWG/DXF
!CdDynSection	Section	CdDynSection	View dynamic section	This is very convenient when you need to work on areas of a part that are not readily visible in Wireframe Display Mode or Hidden Line Display Mode.
!CdDynSectionCm	Section	CdDynSectionCm	Create planar section feature	This is very convenient when you need to work on areas of a part that are not readily visible in Wireframe Display Mode or Hidden Line Display Mode.
!CdEcadCutRgn	Region Cut	CdEcadCutRgn	Region cut	Select a polygon or profile to cut on the shape. It used to cut a region for the design of ECAD or MCAD.
!CdEcadExport	Export IDF		Export IDF data	Export EMN and EMP file.
!CdEcadHoleAtMod	Add Hole Attribute		Add hole attribute	
!CdEcadSetRgn	Region Set	CdEcadSetRgn	Region set	Select the polygon or profile to flag. It used to create a wide region for the design of ECAD or MCAD.
!CdEditAllPrtCfg	Config Table		Edit all part configs	
!CdEditBlock2d	Edit Block		Edit a block	
!CdEditCompPart	Edit	CdEditCompPart	Edit component part	This command activates an existing component for editing. This is the same as right-clicking on a component and selecting Edit Part.
!CdEditImportFtr	Edit Import Path			
!CdEditProf2	Activate Sketch	CdEditProf2	Activate sketch for editing	
!CdEditPrtCfg	Edit		Edit Part Config	
!CdEdmTblCrt	Electrode	CdEdmTblCrt	Create an electrode table from view object	Create an electrode table and place it in the Table Manager. The table is based on a layout view that contains features created from the Electrode Blank command in its associated part.
!CdEntExplode	Explode	CdEntExplode	Explode entities	Such as text, dimensions and symbols into line, arc, and circle geometry.
!CdEnterAnim	Animation	CdEnterAnim	Animation	
!CdEnvScene	Scene	CdEnvScene	Set environment scene	
!CdEqCurve	Equation	CdEqCurve	Generate a equation curve	
!CdEqCurve2D	Equation	CdEqCurve2D	Generate a equation curve	
!CdEsfExplode	Explode Multi-Shell	CdEsfExplode	Explode Multi-Shell	
!CdExpEdit	Edit	CdExpEdit	Edit equation set	
!CdExpSolve	Solve		Solve equation set	
!CdExpldBlock	Explode	CdExpldBlock	Explode point blocks	Use this command to explode one or more point blocks so that all points are once again separate entities. You can also regroup the points using the Group Points into Block command.
!CdExtractCenln	Extract Centerlines	CdExtractCenln	Extract Centerlines	Extract centerlines from faces.
!CdFCrvCreate	Face Curve	CdFCrvCreate	Create face curves	Create face curves (parting lines) from edges or curves.  Select faces, then select edges adjacent to the faces (edge selections adjacent to more than one selected face are ignored) or select curves to project onto the selected faces.
!CdFaceBndRplc	Replace Loop	CdFaceBndRplc	Modify face trim boundary	Select the face (F) to modify.  Select an edge on the loops (L) to be removed. Select curves (C) for the new trim loops to be added. The curves selected for the new trim loop will be projected normal to the face.
!CdFaceCnsMove	Align Move Face	CdFaceCnsMove	Move faces with alignment	Move faces with alignment.
!CdFaceDegElev	Elevate Degree	CdFaceDegElev	Increment the U or V degree of a surface	Elevate to the next degree, the U or V parameter of a face. Degree refers to the degree of the defining equation for the U or V parameter space of the selected face.
!CdFaceDimMove	Dim Move Face	CdFaceDimMove	Move faces by dimension	Move faces by dimension.
!CdFaceEnlarge	Enlarge Face	CdFaceEnlarge	Enlarge a face	Create a 4-sided surface feature that is associative to a selected trimmed or untrimmed sheet or face. You can change the size of the feature by dragging handles or typing U and V distance values for the four edges.
!CdFaceExplode	Explode	CdFaceExplode	Explode faces	Explode faces from their base shape. Select the faces to explode and then middle-click to explode them.
!CdFaceExt	Extend Open Shape	CdFaceExt	Extend an open shape	Extend the face edges of an open shape.  You can extend one, some or all edges of the shape.
!CdFaceExt1	Extend Face	CdFaceExt1	Extend a face	Select the face (F) and the edges (E) to extend. Enter the distance (D) to extend. (+ value to extend or - value to trim)
!CdFaceExt2	Extend Face	CdFaceExt2	Extend a face	Select the face (F) and the edges (E) to extend. Enter the distance (D) to extend. (+ value to extend or - value to trim)
!CdFaceFil	Flag Fillet Face	CdFaceFil	Flag face as fillet	Use this command to manually flag an imported face as a fillet. This command is a backup tool to ensure that faces can be flagged manually, if necessary.
!CdFaceInsKt	Insert Knot	CdFaceInsKt	Insert new U or V knot value in face	Insert a knot (i.e., control point) on a face. It modifies the base surface of the selected face.  The U and V parameter directions are displayed on the face.
!CdFaceJoin	Join Faces	CdFaceJoin	Join faces with the same geometry on specified shapes	Join faces with the same geometry on specified shapes.
!CdFaceMerge	Merge Faces	CdFaceMerge	Merge faces with common boundaries into one face	Merge faces with common boundaries into one continuous face.  The faces do not have to belong to the same shape.  The edge boundaries of the two faces must coincide within the geometry tolerance.
!CdFaceReparam	Reparameterize Faces	CdFaceReparam	Reparameterize faces	Use this command to re-parameterize the UV space of selected faces to 1x1.  This command does not change the geometry of the faces, only the parameterization. Please use this command only when directed by ZW3D technical support.
!CdFacesOrient	Set Face Direction	CdFacesOrient	Change direction of selected faces	If you middle-click without selecting any faces, then all faces in the active part will be oriented to a default view direction which is the positive z-axis.
!CdFacesetFlip	Reverse Direction	CdFacesetFlip	Flip faces/shapes	Reverse the normal direction of faces or shapes. Direction arrows will appear indicating the current direction of the face or shape.
!CdFacesetSew	Sew Multiple Shapes	CdFacesetSew	Sew shape	Create a new feature by sewing faces (or connecting edges) into a single closed solid. The edge boundaries of the faces must coincide to be sewn (i.e., no free edge gaps greater than the sewn tolerance).
!CdFcMchTan	Match Tangency	CdFcMchTan	Impose tangent continuity along common face boundaries	Modify two adjacent faces so that they become tangent continuous along a shared edge.
!CdFcsPrimFix	Fix Primitive Faces	CdFcsPrimFix	Check and fix primitive faces	Create a new feature by checking faces and if one face is in fact a primitive face but not marked correctly, fix the face and mark it correctly.
!CdFilCvChn	Fillet Chain	CdFilCvChn	Fillet a chain of curves	Create fillets of a specified radius between a chain of curves.
!CdFileOpen3	Open	CdFileOpen3	Open a file for editing	
!CdFileOpenSnt	Open...	CdFileOpenSnt	Open and run a Show-n-Tell tutorial	
!CdFitCrv	Fit Curve	CdFitCrv	Fit Curve	
!CdFitPlane	Fit Plane	CdFitPlane	Create a plane fitting a set of points.	Input a seed point on the triangle patch, then you can get a plane from the seed point and STL model.
!CdFlatSrfII	Unfold to Plane	CdFlatSrfII	Unfold onto a plane	
!CdFldrDwgCopy	Copy	CdFldrDwgCopy	Copy to clipboard	
!CdFldrDwgCut	Cut	CdFldrDwgCut		
!CdFldrDwgPaste	Paste	CdFldrDwgPaste		
!CdFolderAdDwg	Insert Sheet	CdFolderAdDwg	Insert Sheet	
!CdFolderAdToSht	Insert Folder	CdFolderAdToSht	Insert Folder	
!CdFolderDel	Erase	CdFolderDel	Erase	
!CdFolderNew	Insert Folder	CdFolderNew	Insert Folder	
!CdFolderPaste	Paste	CdFolderPaste	Paste from clipboard	
!CdFreezeObj	Freeze Entities	CdFreezeObj	Freeze entities	So that they cannot be picked or otherwise modified.
!CdFrz2This	Freeze to Here		Freeze to Here	
!CdFtrDelSupp	Delete Suppressed	CdFtrDelSupp	Delete all suppressed operations	
!CdFtrDepend	Dependencies	CdFtrDepend	Show feature dependencies	
!CdFtrDispAt	Change Attributes	CdFtrDispAt	Assign active display attributes to history operation	
!CdFtrExpand	Open/Close	CdFtrExpand	Expand feature information	
!CdFtrExplode	Explode Custom	CdFtrExplode	Explode custom feature	Explode a Custom Feature into its sub-operations in order to edit, delete or debug them.
!CdFtrMark	History Folder		Delimit a set of history operations	Put features into a folder.
!CdFtrMarkDel	Delete	CdFtrMarkDel	Delete history folder	
!CdFtrPartSilh	Parting Line	CdFtrPartSilh		Parting lines by extraction direction (silhouette curves).
!CdFtrReplace	Replace	CdFtrReplace	Replace one feature with another	Replace one feature with another in the active part history. The replacement feature "inherits" the unique id and/or label of the original feature. This is done so that geometry attached to the original feature will attempt to reattach to the new feature during a regen.
!CdFtrRod	Swept Rod	CdFtrRod	Create rods along selected curves	Specify the diameter D for the rods. Select the curves defining the rod path. This command is ideal for modeling pipe, tube or cable routes.
!CdFtrSection	Named Section	CdFtrSection	Create named section feature	Create a named section feature through the active part. The section will consist of wireframe geometry (e.g., lines, arcs, curves, etc.) that lie on the surface of the part. This feature is used in conjunction with the Insert Section View command at the Drawing Sheet Level.
!CdFtrSetName2	Rename	CdFtrSetName2	Rename history operation	This is the name that appears in the active part&apos;s history and on the feature&apos;s entity label.
!CdFtrSetTol	Modify Tolerance	CdFtrSetTol	Set feature tolerance	Modify the geometry tolerance of selected features. The new tolerance will override the default geometry tolerance defined in the Part Settings Form.
!CdFtrShowDim	Show Feature Dimension	CdFtrShowDim	Show feature dimensions	
!CdFtrShowEnt	Show/Hide Dimensions	CdFtrShowEnt	Show/Hide dimensions associated with a feature	
!CdFtrShowPrf	Show Sketch	CdFtrShowPrf	Toggle visibility of feature sketchs	
!CdFtrShowSub	Show Feature Component	CdFtrShowSub	Toggle visibility of feature components	
!CdFtrSkipTo	Skip To	CdFtrSkipTo	Skip down to a feature based on a conditional expression	Add a "Skip to" operation to the active part&apos;s history.
!CdFtrSupp	Toggle	CdFtrSupp	Toggle suppression of history operations	Set a feature&apos;s suppression state as either suppressed or unsuppressed. Suppressed features are not deleted. They are simply flagged and ignored during regeneration.
!CdFtrSuppSlct	Suppress	CdFtrSuppSlct	Toggle Suppress of history operations	
!CdFtrUnSupp	Unsuppress All	CdFtrUnSupp	Unsuppress all suppressed operations	
!CdFtrUnSuppSlct	Unsuppress	CdFtrUnSuppSlct	Toggle Unsuppress of history operations	
!CdG1FromCrv	Get From Another Curve			
!CdG1MagFromCrv	Get From Another Curve			
!CdG2FromCrv	Get From Another Curve			
!CdGapTighten	Gap Tighten	CdGapTighten	Gap Tighten	Reduce the gap of edges and vertices in the premise of not changing the topology.
!CdGeodesicPath	Geodesic Path	CdGeodesicPath	The geodesic path between two points.	Define two points, get the geodesic path between them along the STL mesh.
!CdGeomCopy	External Geom Copy	CdGeomCopy	Copy external geometry	
!CdGeomCopyUpd	Auto Update	CdGeomCopyUpd	Enable/Disable the copy geometry regen	
!CdGeomDefeature	Defeature	CdGeomDefeature	Defeature geometry	
!CdGeomExport	Copy geometry to a part	CdGeomExport	Copy geometry to a part	
!CdGeomExportII	Geom to Part	CdGeomExportII	Copy geometry to a part	Copy geometry from the active part to a destination part. There is an option to instance the destination part into the active part as a component.
!CdGeomExportX	Geom to Part	CdGeomExportX	Copy geometry to a part	Copy geometry from the active part to a destination part. There is an option to instance the destination part into the active part as a component.
!CdGetFaceset	To Faces		Boundary faces	
!CdGroupAdd	Add to Group	CdGroupAdd	Add entities to a group	Add geometry or other groups to an existing group. First select the entities to add and then select the group to add them to.
!CdGroupClip	Clip and Group	CdGroupClip	Clip and make it a group	Create a group by clipping part of the drawing sheet. The clipped geometry will be copied to the group at a specified location leaving the original geometry unchanged.
!CdGroupCrt	Make a Group	CdGroupCrt	Create a group of entities	Groups are useful for combining large amounts of drawing data into a single entity such as title blocks and drawing borders.  You can also explode them back to their individual geometry.
!CdGroupExplode	Explode a Group	CdGroupExplode	Explode a group	Explode a group to gain access to the geometry it contains. If the group contains nested groups, they will not be exploded.
!CdHatAtEntSet	Attributes	CdHatAtEntSet	Edit hatch attributes	
!CdHealCorners	Heal Corners	CdHealCorners	Heal Corners	Auto heal or manual heal the edges whose vertex coordinate and geometry curve end point are not consistent and auto merge vertices to heal openloops of target shell.
!CdHealTtAll	Heal/Analyze	CdHealTtAll	Heal and Check	Analyze and attempt to repair abnormal conditions relating to the geometry of entities that defines the topology of the active part. Such conditions include gaps between face edges and coincident vertices.
!CdHiddenComp	Hidden Line	CdHiddenComp	Hidden line component display	
!CdHistCopy	Copy		Copy	
!CdHistCut	Cut		Cut	
!CdHistDel	Delete	CdHistDel	Delete operations	Delete features from the active part history.
!CdHistPaste2	Paste	CdHistPaste2	Insert clipboard operations in history	Paste
!CdHistScrollTo	Scroll to Tree		Scroll to Tree	
!CdHistUnlink	Unlink		Remove linkage.	
!CdHlTblBPSwitch	Hide Origin Indicator	CdHlTblBPSwitch	Blank or unblank origin symbol of hole table	
!CdHlTblCmbnSmID	Combine Same ID			
!CdHlTblCmbnSmSz	Combine Same Size			
!CdHoleCallMk	Hole Callout	CdHoleCallMk	Create hole callouts for a view	First select the layout view and then select the holes to add callouts to.
!CdHoleTblMk2	Hole	CdHoleTblMk2	Create a hole table for a view	Create a hole table and place it in the Table Manager. This command comes in handy when you have many holes of different sizes and locations that makes standard dimensioning cumbersome.
!CdIferChk	Interference Check	CdIferChk	Perform interference check	Check for interference between components or the assembly. Blanked and suppressed components in an assembly will be ignored during these calculations.
!CdIferChk1	Interference Check	CdIferChk1	Perform interference check	Check for interference between components or the assembly. Blanked and suppressed components in an assembly will be ignored during these calculations.
!CdImportMesh	Import OBJ	CdImportMesh	Import facet geometry from OBJ file	Import an OBJ file to create blocks of facet (polygon) geometry.
!CdIncludePart	Include Unplaced Component	CdIncludePart	Include an unplaced component	
!CdInhAt	Inherit Attributes	CdInhAt	Inherit Attributes	
!CdInqAng2All	Angle	CdInqAng2All	Measure angle between entities	You can measure by selecting points and vectors.
!CdInqAng2AllCh	Angle	CdInqAng2AllCh	Measure angle between entities	
!CdInqAngAll	Angle	CdInqAngAll	Measure angle between planes	Measure 3D angles at the Part Level. You can measure between points, geometry and planes.
!CdInqAngAllCh	Angle	CdInqAngAllCh	Measure angle between planes	
!CdInqAngAllCm	Angle	CdInqAngAllCm	Measure angle between planes	
!CdInqBlock2d	Entity Info		Show entity information	Display of information about an entity in the Entity Browser.  This command can also be invoked automatically from the object editor by right-clicking on a highlighted entity and selecting Inquire from the popup menu.
!CdInqEnt	Inquire	CdInqEnt	Show entity information	
!CdInqEntity	Entity Info	CdInqEntity	Show entity information	Display of information about an entity in the Entity Browser.  This command can also be invoked automatically from the object editor by right-clicking on a highlighted entity and selecting Inquire from the popup menu.
!CdInqEntity2	Entity Info	CdInqEntity2	Show entity information	Display of information about an entity in the Entity Browser.  This command can also be invoked automatically from the object editor by right-clicking on a highlighted entity and selecting Inquire from the popup menu.
!CdInqEntity4	Inquire	CdInqEntity4	Show entity information	
!CdInqEntity6	Inquire	CdInqEntity6	Show entity information	
!CdInqOpnEdg	Show Open Edges	CdInqOpnEdg	Show open edge information	As you cycle through the list each open edge is highlighted in solid red, "o"&apos;s are created at each endpoint, and text with the edge id# points to the edge. This helps identify even tiny edges.
!CdInqPartList	Part List	CdInqPartList	Show part list	It containing information about the active part/assembly. This form contains File and Edit pull down menus to perform a variety of parts list tasks.
!CdInqPartStat	Part Statistics	CdInqPartStat	Show part statistics	Display statistics about the active part including the numbers of features and file size.
!CdInqPlistCrv	Curve Continuity	CdInqPlistCrv	Show curve list connectivity	Any gaps between curves in the curve list will be indicated with white square markers at the end points.
!CdInqPlistSrf	Surface Continuity	CdInqPlistSrf	Show surface list connectivity	Show the continuity error on the common edges of the surfaces in the surface list.
!CdInqSrfProp	3D Surface	CdInqSrfProp	Inquire 3D surface area properties	
!CdInqSrfPropCm	3D Surface	CdInqSrfPropCm	Inquire 3D surface area properties	
!CdInqStock	Inquire Stock Size		Inquire the stock size of the selected part	Inquire the stock size of the selected part.
!CdInqTarg	Packet	CdInqTarg	Show target object information	
!CdInqTarg_AsmTree	Inquire		Show target object information	
!CdInqVolMp	Mass Properties	CdInqVolMp	Evaluate mass properties	Calculate and display mass properties information (e.g., volume, area, mass, etc.) for a selected shape , component, or the entire assembly.
!CdInsPart	External Part	CdInsPart	Insert a copy of a part	Copy an external part and then insert it into the active part as a shape.  If the source part is modified, the shape is also modified the next time the active part is regenerated.
!CdInsSketch	External Sketch	CdInsSketch	Insert a copy of a sketch	Copy a root sketch and insert it into the active part. If the root sketch is changed, the new sketch will not.
!CdInsSubPart	Sub-Part	CdInsSubPart	Insert a sub-part and activate it for editing	
!CdInsideAdd	Attach "Inside" Tag to Curve	CdInsideAdd	Indicate "interior" of open profile	Create an attribute tag that marks the inside of an open profile. The attribute symbol is an arrow pointing toward the inside of the profile. Select a point on the profile and then a point indicating the inside direction.
!CdInsideDel	Delete "Inside" Tag	CdInsideDel	Delete "inside" tag	Delete an attribute tag created by the Attach Inside Tag command. Select the inside attribute tag symbol to delete.
!CdInstMultiPart	Multi Insert	CdInstMultiPart	Multi Insert	
!CdInstNewPart	New to Insert	CdInstNewPart	Create a component and insert it	
!CdInstPart3	Insert	CdInstPart3	Insert a component	
!CdInstPartAsShp	Insert as Shape	CdInstPartAsShp	Insert a component as shape	
!CdInstPartII	Insert	CdInstPartII	Insert a component	
!CdInstVirtPart	Insert Virtual	CdInstVirtPart	Insert virtual part/assembly	
!CdIsolate3DPrf	Show Only		Show Only	
!CdIsolateDwg	Show Only		Show Only	
!CdIsolatePart	Show Only		Show Only	
!CdLiteDel	Delete	CdLiteDel	Delete light sources	Right-click on a Lights in the Visual Manager and select Delete light.
!CdLiteDelAll	Delete All	CdLiteDelAll	Delete all light sources	Right-click on a Lights in the Visual Manager and select Delete all lights.
!CdLiteDelPU	Delete Light	CdLiteDelPU	Delete light source	
!CdLiteMod	Modify	CdLiteMod	Modify light source	Right-click on a Lights in the Visual Manager and select Modify light.
!CdLiteModPU	Modify	CdLiteModPU	Modify light source	
!CdLites	Add	CdLites	Add light source	Create and position light sources. You can also Right-click on a Lights in the Visual Manager and select Add light.
!CdLnAtEntSet	Attributes	CdLnAtEntSet	Edit line attributes	
!CdLnOnSf	Blend on Face	CdLnOnSf	Blend curve on face	Create a blended curve on a face in a straight line between two points (P1)(P2) that lie on the face (F1)(F2). The straight line is projected normal to the face between the two points.
!CdLnPoly	Polyline	CdLnPoly	Create connected line segments	Create 3D connected line segments (Polyline) from specified points. The lines will be connected from point to point forming a single entity. They can be used like other wireframe curves to support the creating and modification of 3D features.
!CdLoadBrepByFtr	Load Model			
!CdLocalCoord	LCS	CdLocalCoord	Define local coordinate system	Assign a datum plane as the active local coordinate system. Any coordinate input will be referenced relative to this LCS and not the default world origin.
!CdLocalCoordRC	LCS		Define local coordinate system	Assign a datum plane as the active local coordinate system. Any coordinate input will be referenced relative to this LCS and not the default world origin.
!CdLocalToWcs	Restore to default system		Local coordinate system back to the beginning	Return the current coordinate to the origin of the world coordinate system.
!CdLyrAct	Activate Layer	CdLyrAct	Set active layer	
!CdLyrAssign	Assign Layer	CdLyrAssign	Assign entities to a layer	
!CdLyrCopy	Copy/Move to Layer		Copy/Move to Layer	Copy/Move object from source layer to target layer
!CdLyrCopyTo	Copy to Layer	CdLyrCopyTo		Copy object from source layer to target layer
!CdLyrDel	Delete	CdLyrDel	Delete layers	
!CdLyrEdit	Edit	CdLyrEdit	Edit a layer	
!CdLyrFreeze	Freeze	CdLyrFreeze	Freeze/unfreeze layer	
!CdLyrInq	Show Layer Information	CdLyrInq	Show layer information	
!CdLyrMoveTo	Move to Layer	CdLyrMoveTo		Move object from source layer to target layer
!CdLyrPreview	Preview	CdLyrPreview	Preview layer	
!CdLyrSync	Synchronize	CdLyrSync	Synchronize	
!CdLyrVis	Layer On/Off	CdLyrVis	Toggle layer visibility	
!CdMatInpPln	Relocate		Relocate profile	Prompt for a new insertion plane for the next sketch, datum or component operation.
!CdMatInpPlnProf	Relocate		Relocate profile	Prompt for a new insertion plane for current sketch.
!CdMatlClear	Delete Material		Delete material	Clear material information for selected object.
!CdMatlEntity	Material Library	CdMatlEntity	Show material library	Display of material library about an entity in the Entity Browser.  This command can also be invoked automatically from the object editor by right-clicking on a highlighted entity and selecting Inquire from the popup menu.
!CdMatlShPick	Pick Shape	CdMatlShPick	Pick shape	
!CdMatlShell	Edit Material	CdMatlShell	Edit material	Display of material library about an entity in the Entity Browser.  This command can also be invoked automatically from the object editor by right-clicking on a highlighted entity and selecting Inquire from the popup menu.
!CdMchSrfBnd	Match Edges	CdMchSrfBnd	Match boundary edges of an untrimmed face to target curves	Match the untrimmed edge of a face to a curve.
!CdMdEditSurf	Edit Parting Faces Attributes	CdMdEditSurf	Set the surface as parting surface or patch surface	
!CdMdEnlargeTrim	Enlarge and Trim Face	CdMdEnlargeTrim	Create Parting Face	
!CdMdExtrudeEdge	Extrude Edges by Rails	CdMdExtrudeEdge	Extrude Edges by Rails.	
!CdMdFtSfBridge	Bridge Surface	CdMdFtSfBridge	Bridge Surface.	
!CdMdGuideLine	Guide Line	CdMdGuideLine	Guide Line	
!CdMdHolePatch	Mold Hole Patch Surface	CdMdHolePatch	Mold hole patch surface	
!CdMdPartLines	Parting Line	CdMdPartLines	Parting line dialog	
!CdMdPartLines2	Parting Line	CdMdPartLines2	Parting line dialog	
!CdMdSpineLoft	Spine Loft	CdMdSpineLoft	Spine Loft.	
!CdMdTrimPlane	Trimmed Plane by Boundaries	CdMdTrimPlane	Trimmed Plane by Boundaries.	
!CdMedCrv	2D Medial	CdMedCrv	Make a medial curve between two curves	Create a curve at the medial distance between two curves, arcs, or circles. The distances between any point on the medial curve and both curves are the same.
!CdMedCrv3D	3D Medial	CdMedCrv3D	Make a medial curve between two curves	Create a curve at the medial distance between two curves, arcs, or circles. The distances between any point on the medial curve and both curves are the same.
!CdMkSupport	Support Structures	CdMkSupport	Create support structures for 3D printing.	Pick an entity to add support structures.
!CdMoveDir	Move Entities along a Direction	CdMoveDir	Move entities along direction	Move part entities in a linear direction at a specified distance. This command can also be used to rotate entities (Distance = 0).
!CdMovePnt2Pnt	Move Entities from Point to Point	CdMovePnt2Pnt	Move entity from point to point	Move part entities from one point to another. All sketch copies will be locked using this command.
!CdMtAtNew	Material...	CdMtAtNew	Set material attributes	
!CdMtlAlum	Aluminium	CdMtlAlum	Assign aluminium material to faces	
!CdMtlAlumB	Aluminium	CdMtlAlumB	Assign brushed aluminium material to faces	
!CdMtlAlumC	Aluminium	CdMtlAlumC	Assign cast aluminium material to faces	
!CdMtlAlumM	Aluminium	CdMtlAlumM	Assign aluminium material to faces	
!CdMtlAlumP	Aluminium	CdMtlAlumP	Assign polished aluminium material to faces	
!CdMtlBron	Bronze	CdMtlBron	Assign bronze material to faces	
!CdMtlBronB	Bronze	CdMtlBronB	Assign brushed bronze material to faces	
!CdMtlBronC	Bronze	CdMtlBronC	Assign cast bronze material to faces	
!CdMtlBronM	Bronze	CdMtlBronM	Assign bronze material to faces	
!CdMtlBronP	Bronze	CdMtlBronP	Assign polished bronze material to faces	
!CdMtlCopp	Copper	CdMtlCopp	Assign copper material to faces	
!CdMtlCoppB	Copper	CdMtlCoppB	Assign brushed copper material to faces	
!CdMtlCoppC	Copper	CdMtlCoppC	Assign cast copper material to faces	
!CdMtlCoppM	Copper	CdMtlCoppM	Assign copper material to faces	
!CdMtlCoppP	Copper	CdMtlCoppP	Assign polished copper material to faces	
!CdMtlGold	Gold	CdMtlGold	Assign gold material to faces	
!CdMtlGoldB	Gold	CdMtlGoldB	Assign brushed gold material to faces	
!CdMtlGoldC	Gold	CdMtlGoldC	Assign cast gold material to faces	
!CdMtlGoldM	Gold	CdMtlGoldM	Assign gold material to faces	
!CdMtlGoldP	Gold	CdMtlGoldP	Assign polished gold material to faces	
!CdMtlMetal	Metal	CdMtlMetal	Assign metal material to faces	
!CdMtlMetalB	Metal (brushed)	CdMtlMetalB	Assign brushed metal material to faces	
!CdMtlMetalC	Metal (cast)	CdMtlMetalC	Assign cast metal material to faces	
!CdMtlMetalM	Metal (matte)	CdMtlMetalM	Assign matte metal material to faces	
!CdMtlNick	Nickel	CdMtlNick	Assign nickel material to faces	
!CdMtlNickB	Nickel	CdMtlNickB	Assign brushed nickel material to faces	
!CdMtlNickC	Nickel	CdMtlNickC	Assign cast nickel material to faces	
!CdMtlNickM	Nickel	CdMtlNickM	Assign nickel material to faces	
!CdMtlNickP	Nickel	CdMtlNickP	Assign polished nickel material to faces	
!CdMtlPlat	Platinum	CdMtlPlat	Assign platinum material to faces	
!CdMtlPlatB	Platinum	CdMtlPlatB	Assign brushed platinum material to faces	
!CdMtlPlatC	Platinum	CdMtlPlatC	Assign cast platinum material to faces	
!CdMtlPlatM	Platinum	CdMtlPlatM	Assign platinum material to faces	
!CdMtlPlatP	Platinum	CdMtlPlatP	Assign polished platinum material to faces	
!CdMtlSilv	Silver	CdMtlSilv	Assign silver material to faces	
!CdMtlSilvB	Silver	CdMtlSilvB	Assign brushed silver material to faces	
!CdMtlSilvC	Silver	CdMtlSilvC	Assign cast silver material to faces	
!CdMtlSilvM	Silver	CdMtlSilvM	Assign silver material to faces	
!CdMtlSilvP	Silver	CdMtlSilvP	Assign polished silver material to faces	
!CdMtlSteel	Steel	CdMtlSteel	Assign steel material to faces	
!CdMtlSteelB	Steel	CdMtlSteelB	Assign brushed steel material to faces	
!CdMtlSteelC	Steel	CdMtlSteelC	Assign cast steel material to faces	
!CdMtlSteelM	Steel	CdMtlSteelM	Assign steel material to faces	
!CdMtlSteelP	Steel	CdMtlSteelP	Assign polished steel material to faces	
!CdMtlTita	Titanium	CdMtlTita	Assign titanium material to faces	
!CdMtlTitaB	Titanium	CdMtlTitaB	Assign brushed titanium material to faces	
!CdMtlTitaC	Titanium	CdMtlTitaC	Assign cast titanium material to faces	
!CdMtlTitaM	Titanium	CdMtlTitaM	Assign titanium material to faces	
!CdMtlTitaP	Titanium	CdMtlTitaP	Assign polished titanium material to faces	
!CdMultiPntCsi	Curve/Surface Intersection	CdMultiPntCsi	Point located at intersection of a curve and a surface	
!CdMultiPt	Points on Curve	CdMultiPt	Create multiple points on curve at distance	There are three methods to choose from.  You may place points along a curve, a curve list or a face edge.
!CdMultiPt3D	Points on Curve	CdMultiPt3D	Create multiple points on curve at distance	There are three methods to choose from.  You may place points along a curve, a curve list or a face edge.
!CdNatAdd	Attach Name Tag to Entity	CdNatAdd	Attach a name tag to an entity	It can be used to attach name tags to dimensions. If a dimension has a name tag, the name tag will be used as the driving dimension&apos;s name on the Part Attributes Form.
!CdNatAdd2d	Attach Name Tag to Entity	CdNatAdd2d	Attach a name tag to an entity	It can be used to attach name tags to dimensions. If a dimension has a name tag, the name tag will be used as the driving dimension&apos;s name on the Part Attributes Form.
!CdNatDel	Delete Name Tag	CdNatDel	Delete name tag	Select the entity that the name attribute tag is attached to.
!CdNatDel2d	Delete Name Tag	CdNatDel2d	Delete name tag	Select the entity that the name attribute tag is attached to.
!CdNesting	Nesting	CdNesting	Nest to blank	
!CdNonAssocGeom	Non-associate	CdNonAssocGeom	Generate non-associative geometry.	
!CdNumEnt	Dimension Value	CdNumEnt	Input number by entity selection	
!CdNumGlobal	Global Value		Input number by global value	
!CdNumLen	Length	CdNumLen	Length Input	
!CdNumPnt	To Point	CdNumPnt	Select limiting point	
!CdPLAddDel	Add parting lines	CdPLAddDel	Add parting lines	
!CdPMIBPCtrl	Blank/Unblank Balloon		Blank/unblank balloon	
!CdPMIBalloon	Balloon	CdPMIBalloon	Create a balloon dimension	It is useful for creating balloon dimension pointing to one or more entities.
!CdPMIBlnEd	Edit		Edit balloon	
!CdPMICenLin	Center Line	CdPMICenLin	Create center line dimension	
!CdPMICenLnCir	Center Mark Circle	CdPMICenLnCir	Create circular pattern of center mark dimensions	Place a centerline through a circular pattern such as bolt holes. Select the hole center locations and then middle-click to add the centerline.
!CdPMICentre	Center Mark	CdPMICentre	Create center mark dimension	
!CdPMICoord	Coordinate	CdPMICoord	Create a coordinate label dimension	They are useful for creating leader text pointing to a coordinate.
!CdPMIDatumFs	Datum Feature	CdPMIDatumFs	Create a datum feature	Enter the datum text string and specify the entity, then specify the text point (P) to locate the symbol.
!CdPMIDatumT	Datum Target	CdPMIDatumT	Create a datum target area	
!CdPMIDimAll	Quick Dimension	CdPMIDimAll	Create a PMI dimension	Create a PMI dimension which type is inferred automatically. The default plane is defined by the selection.
!CdPMIDimAng	Angular	CdPMIDimAng	Create a angular dimension between two entities	Create a angular PMI dimension between two entities. The default plane is defined by the selection.
!CdPMIDimArc	Arc Length	CdPMIDimArc	Create an arc length dimension	Create an arc length PMI dimension. The default plane is defined by the selection.
!CdPMIDimChamfer	Chamfer	CdPMIDimChamfer	Create a Chamfer dimension	Create a Chamfer PMI dimension. The default plane is defined by the selection.
!CdPMIDimHole	Hole Callout	CdPMIDimHole	Create a hole callout	Create a hole callout PMI dimension. The default plane is defined by the selection.
!CdPMIDimLin	Linear	CdPMIDimLin	Create a linear dimension between two entities	Create a linear PMI dimension between two entities. The default plane is defined by the selection.
!CdPMIDimMod	Modify		Modify a PMI dimension	Modify PMI dimension points.
!CdPMIDimRad	Radial/Diametric	CdPMIDimRad	Create a radial/diametric dimension	Create a radial/diametric PMI dimension. The default plane is defined by the selection.
!CdPMIDispIso	Isolated Display Balloon		Isolated display balloon	
!CdPMIFCS	Feature Control	CdPMIFCS	Create a feature control symbol	Enter the FCS text or use the Dimension Editor (or RMB Editor).
!CdPMIInActVu	In active view only		Specify it only in the active view.	
!CdPMIInAllVus	In all views		Specify it in all of views.	
!CdPMIInVus	In views...		Specify it in some views.	
!CdPMIIntsectSym	Intersection Symbol	CdPMIIntsectSym	Create an intersection symbol	Create an intersection symbol. The symbol is usually used to indicate the intersection point of two curves after the chamfer command is applied to them. If the number of intersection point is 2, the intersection point close to the picked point of the first picked entity will be drawn and another one will not be drawn.
!CdPMILabel	Label	CdPMILabel	Create a label dimension	They are useful for creating leader text pointing to one entities.
!CdPMIStack	Stack Balloons	CdPMIStack	Stack existing balloons	It is useful for stacking balloon-dimensions.
!CdPMISym	Symmetry	CdPMISym	Create a symmetry dimension	
!CdPMISymInsert	Insert Block	CdSymInsert	Insert a symbol	Insert a geometry symbol from the active symbol library.
!CdPMISymSrf	Surface Finish	CdPMISymSrf	Create a surface symbol	Create a surface finish symbol on surface. The default plane is defined by the selection.
!CdPMISymSrfEdit	Edit		Edit Surface Texture Symbol	
!CdPMISymWeldCrt	Weld	CdPMISymWeldCrt	Create weld symbol	Select a point (P1) on the geometry where the symbol leader is attached. Then select a point (P2) to locate the weld symbol.
!CdPMISymWldEdit	Edit		Edit Weld Texture Symbol	
!CdPartBackup	Record State	CdPartBackup	Record current part state	Record the current part state.  When a "State" feature is inserted in a part&apos;s history, all data generated to that point is saved with the feature.
!CdPartBounding	Bounding	CdPartBounding	Create a bounding box with dimensions	Create a bounding box with dimensions. By default, the size of bounding box equals the part stock.
!CdPartClone	Make Independent Copy		Make independent copy	
!CdPartDel	Erase	CdPartDel	Erase entities generated by history operations	Erase historically-generated entities and historically-inserted entities from the active object&apos;s history. Select part entities and middle-click to erase them.
!CdPartDelAny	Erase	CdPartDelAny	Delete feature or entity	
!CdPartDelEnt2	Delete with Features	CdPartDelEnt2	>Delete with features	Delete an entity by deleting some features or modifying the input of the base feature.
!CdPartDimEdit	Modify Value	CdPartDimEdit	Modify dimension value	
!CdPartEncap	Encapsulate	CdPartEncap	Encapsulate history	Delete the history of the active part and create one feature named StartData that contains a backup of all the geometry that existed at the time this command was executed.
!CdPartEncapUpd	Encapsulate		Encapsulate history	Delete the history of the active part and create one feature named StartData that contains a backup of all the geometry that existed at the time this command was executed.
!CdPartEqnAct	Edit	CdPartEqnAct	Edit equation set	
!CdPartEqnNew	Equation Set	CdPartEqnNew	Insert a new equation set	
!CdPartFixBrep	Recover Faces	CdPartFixBrep	Recover faces from part	It does not heal face geometry/topology. It will ATTEMPT to recover face information stored in a part database if the database was corrupted to the point that ZW3D was unable to traverse it using standard functionality.
!CdPartIferChk	Part Interference Check		Part interference check	Interference check between the shapes of current part
!CdPartManage	Manage File Network	CdPartManage	Manage part/assembly file network	ZW3D PDM is a Product Data Management solution built right into ZW3D. With ZW3D PDM you can manage your part models, drawings, CAM process plans and other non-geometric documents such as word processor, database and spreadsheet files.
!CdPartModDim	Modify Feature Dim	CdPartModDim	Modify dimension value	
!CdPartPickSet	Pick Set	CdPartPickSet	Define a pick set	Create a pick set from the selected entities.
!CdPartPubSet	Publish Set	CdPartPubSet	Define a publish set	Create a publish set from the selected entities.
!CdPartRef	Reference	CdPartRef	Reference external assembly geometry into the active part	
!CdPartRefCurve	Reference Curve	CdPartRefCurve		
!CdPartRefFace	Reference Face	CdPartRefFace		
!CdPartRefPln	Reference Plane	CdPartRefPln		
!CdPartRefPlnCh	Insert Reference Plane	CdPartRefPln	Reference plane	
!CdPartRefPnt	Reference Point	CdPartRefPnt		
!CdPartRefShape	Reference Shape	CdPartRefShape		
!CdPartRestore	Next State	CdPartRestore	Restore part state	
!CdPartVarEdit	Edit	UiVar	Edit Variable	
!CdPartialLoad	Partially Loading	CdPartialLoad	Partially load assembly file	
!CdPlane	Datum Plane	CdPlane	Datum plane	Insert a new datum plane. Datums are used to establish a plane of reference.
!CdPlaneChld	Insert Datum Plane	CdPlaneChld	Datum plane	
!CdPlayContTo	Continue To	CdPlayContTo	Replay history to specified feature	
!CdPlistCrv	Curve List	CdPlistCrv	Define a curve list	Create a curve list from a group of curves or edges connected end to end. This allows multiple curves to be combined into a single selection for use during surface creation commands.
!CdPlistCrv1	Insert Curve List	CdPlistCrv1	Define a curve list	
!CdPlistCrv2	Insert Curve List	CdPlistCrv2	Define a curve list	
!CdPlistCrv4	Insert Curve List	CdPlistCrv4	Define a curve list	
!CdPlnAll	Datum Plane	CdPlnAll	Datum Plane	Insert a new datum plane. Datums are used to establish a plane of reference.
!CdPlnAll3DPrf	Datum Plane	CdPlnAll3DPrf	Datum Plane	Insert a new datum plane. Datums are used to establish a plane of reference.
!CdPlnAllChld	Insert Datum Plane	CdPlnAllChld	Datum plane	
!CdPlnHiAnalz	Height Analysis		Height Analysis	
!CdPlnSection	Planar Section	CdPlnSection	Create planar section feature	Select a reference plane (F) to section from and specify the offset distance (S) from the reference plane to dynamically section the active part or assembly. It will create section curves and view features that might normally be hidden from view.
!CdPnt2Dir	Two Points	CdPnt2Dir	Direction between two points	
!CdPnt2Ln2Dst	From 2 Lines	CdPnt2Ln2Dst	Point located at specified distances from two lines	
!CdPntAlong	Along	CdPntAlong	Point located along continuous curves	
!CdPntAng	Angle	CdPntAng	Point located at angle along a curve	
!CdPntBetAlng	Between Cv Points	CdPntBetAlng	Point located between two points along a curve	
!CdPntBetween	Between	CdPntBetween	Point located between two points	
!CdPntCLine	Center Line	CdPntCLine	Get center line of a face	
!CdPntCci	Intersection	CdPntCci	Point located at intersection of two curves	
!CdPntCenter	Center of Curvature	CdPntCenter	Point at center of curvature	
!CdPntCrvNrm	Curve Normal	CdPntCrvNrm	Direction along curve normal	
!CdPntCrvTan	Curve Tangent	CdPntCrvTan	Direction along curve tangent	
!CdPntCsi	Cv-Sf Intersection	CdPntCsi	Point located at intersection of a curve and a surface	
!CdPntDir	Plane Axis	CdPntDir	Direction along plane axis	
!CdPntFaceCtrd	Face Centroid	CdPntFaceCtrd	Point at face centroid	
!CdPntFromFile	From file	CdPntFromFile	Get points from a file	
!CdPntFromPnts	From Points	CdPntFromPnts	Select point from existent points	
!CdPntMid	Middle	CdPntMid	Curve midpoint	
!CdPntOffDist	Offset Distance	CdPntOffDist	Point along a direction	
!CdPntOffset	Offset	CdPntOffset	Point specified relative to a reference point	
!CdPntOffsetII	Offset	CdPntOffsetII	Point specified relative to a reference point	
!CdPntOnCrv	On Curve	CdPntOnCrv	Direction along point on curve	
!CdPntOnFaceUV	Point on Surface	CdPntOnFaceUV	Point on surface with uv parameter	
!CdPntPeak	Peak Point	CdPntPeak	Peak point on curve	
!CdPntPickPnt	Pick Point	CdPntPickPnt	Pick Point	
!CdPntProjCci	Projected Cv-Cv Intersection	CdPntProjCci	Point at intersection of two projected curves on plane	
!CdPntProjSrf	Project to Cv or Sf	CdPntProjSrf	Project point	
!CdPntQuadrant	Quadrant of Curvature	CdPntQuadrant	Point at quadrant of curvature	
!CdPntVecSfInt	Face-Vector	CdPntVecSfInt	Intersect vector with a face	
!CdPntsProjSrf	Project	CdPntsProjSrf	Project points	Project one or more points (P) onto one or more curves or faces (E). Each point will be projected normal to the curve or face.
!CdPrf3Del	Erase Entities	CdPrf3Del	Erase 3D Sketch Entities	
!CdPrf3New	3D Sketch	CdPrf3New	Create new 3d sketch	
!CdPrf3Ref	Reference	CdPrf3Ref	Reference Geometry	
!CdPrf3RefCvt	Unlink Reference	CdPrf3RefCvt	Unlink reference geometry	Convert external reference geometry to normal geometry. The external reference geometry is disassociated from the object from which it was derived. Its display attributes are changed to the current line attributes.
!CdPrfAutoUpt	Automatic Update		Automatic Update	
!CdPrfBkg	Background	CdPrfBkg	Use image for sketch background	Set an image as the background for a sketch. The bottom left corner of the image is located at the sketch 0,0 origin. You must also specify the width of the image.
!CdPrfDmBatch	Dimension Editor	CdPrfDmBatch	Modify value in batch	Modify a sketch dimension value. The new value will automatically drive the sketch geometry it defines. After exiting the sketch use the Regenerate Current Part command to regenerate the active part.
!CdPrfEditWeakDm	Edit Weak Dimension	CdPrfEditWeakDm	Convert or delete weak dimension by batch.	
!CdPrfEqn	Equations	CdPrfEqn	Edit equation set	You can test the results of the equation set on the active part by picking Apply.
!CdPrfModDim	Modify Value	CdPrfModDim	Modify dimension value	Modify a sketch dimension value. The new value will automatically drive the sketch geometry it defines. After exiting the sketch use the Regenerate Current Part command to regenerate the active part.
!CdPrfModDimNo	Modify Value	CdPrfModDimNo	Modify a sketch dimension value	
!CdPrfModPtnNum1	Pattern Number	CdPrfModPtnNum1	Pattern number	
!CdPrfModPtnNum2	Pattern Number 2	CdPrfModPtnNum2	Pattern number 2	
!CdPrfModPtnNum3	Pattern Number 2D	CdPrfModPtnNum3	Pattern number 2D	
!CdPrfRdText	ReadySketch Text	CdPrfRdText	Insert ReadySketch text	Create exploded text that is horizontal or follows along a curve.  For example, the sketch containing this text can be wrapped onto a planar or non-planar part face and then used to create an inlay or embossed feature.
!CdPrfRefCvt	Unlink Reference	CdPrfRefCvt	Unlink reference geometry	Convert external reference geometry to normal geometry. The external reference geometry is disassociated from the object from which it was derived. Its display attributes are changed to the current line attributes.
!CdPrfRefGeo	Reference	CdPrfRefGeo	Reference geometry	
!CdPrfRefGeo3	Reference	CdPrfRefGeo3	Reference geometry	
!CdPrfShowGap	Curve Connectivity	CdPrfShowGap	Show connectivity information of curves	It can be used to check for gaps along the intended boundary curves. Triangle - Occurs at endpoints which are over matched, that is more than two curves meet at that endpoint. Square - Occurs at endpoints which are under matched. Then you need to fix it by adding a filler curve, or extending and trimming.
!CdPrfTblAtSet	Attributes	CdPrfTblAtSet	Edit table attributes	
!CdPrjArea	Projection Area	CdPrjArea	Inquire projection area	Inquire projection area.
!CdPrjFtrSilh	Silhouette Curves	CdPrjFtrSilh	Silhouette Curves	Silhouette Curves.
!CdProfDel	Erase Entities	CdProfDel	Erase Sketch Entities	
!CdProfEdit	Edit Sketch		Edit Sketch	
!CdProfNew	Sketch	CdProfNew	Create new sketch	
!CdPrtSketchData	Print Sketch Data	CdPrtSketchData	Print sketch data	
!CdPtAtEntSet	Attributes	CdPtAtEntSet	Edit point attributes	
!CdPtFcNrmOffst	Face Normal Direction Offset	CdPtFcNrmOffst	Offset barycenter of selected points in s face normal direction	
!CdPtImport	From File	CdPtImport	Import points from a file	Import points from an ASCII file. The point file is imported based on the default part units. Use the Part Settings Form to modify the part units if desired before importing the point file.
!CdPtPop	Point	CdPtPop	Points by pop-up option	Create points at selected locations.
!CdPtToBlock	Group	CdPtToBlock	Create a point block object from a set of points	Group a set of points or point blocks into a new point block.Optionally, the input points or point blocks may be deleted after the point block is created.
!CdQuickDispEdit	Quick Display Edit	CdQuickDispEdit	Set entity attributes	Set attribute of specific entities which include face, curve, point and so on. You can also set layer for entities in this command.
!CdRdTextModStr	Change Ready Sketch Text String	CdRdTextModStr	Modify ready sketch text string	Select the ready sketch text string to modify and then enter the new text or right-click and select Editor to use the Text and Dimension Editor.
!CdRecreatePmi	Recreate PMI		Recreate PMI	Recreate PMI
!CdRefAxisType	Toggle External/Internal	CdRefAxisType	Toggle external/internal	Change 2D reference axis to external/internal type.
!CdRefitEdgCrv	Refit Edge	CdRefitEdgCrv	Refit an edge curve to tolerance	Refit edge curves to within a specified tolerance to make them smoother and more compact. Select the edges to refit or middle-click for all edges.
!CdReflectAnalz	Reflection Analyze	CdReflectAnalz	Reflection analysis of one or more faces	
!CdRegenFacets	Refine Facets	CdRegenFacets	Refine faces based on current view extent	When the Shaded Display mode is active, facets  are generated and stored with the faces of each visible object.  When this command is executed, faces whose facets are "out-of-tolerance" relative to the active view extent are refacetted.
!CdRenamePrtCfg	Rename		Rename Config	
!CdReplace	Replace Entity	CdReplace	Replace one entity with another	Replace one sketch entity with another. The entity being replaced along with any associated constraints are deleted. First select the entity to replace. Then select the replacement entity.
!CdResetComp	Reset	CdResetComp	Reset component display	
!CdResizeLock	Lock resize PMI		Lock resize PMI.	
!CdRevSymCrt	Revision Symbol	CdRevSymCrt	Create revision symbol	Create revision symbol.
!CdRevTblCrt	Revision Table	CdRevTblCrt	Create revision table	Create revision table.
!CdRootCmd	ZW3D Manager...	CdRootCmd		
!CdRootCopy	Copy to File	CdRootCopy	Copy a root object	
!CdRootCopy2	Copy to Clipboard	CdRootCopy2	Copy root objects to clipboard	
!CdRootCut	Cut to Clipboard	CdRootCut	Cut root objects to clipboard	
!CdRootDel	Delete	CdRootDel	Delete objects	Erase historically-generated entities and historically-inserted entities from the active object&apos;s history. Select part entities and middle-click to erase them.
!CdRootEdit	Edit	CdRootEdit	Activate an object for editing	
!CdRootInq	Inquire	CdRootInq	Inquire object	
!CdRootMove	Move to File	CdRootMove	Move a root object	
!CdRootPartAt	Attribute	CdRootPartAt	Show part attributes	
!CdRootPaste	Paste from Clipboard	CdRootPaste	Paste root objects from clipboard	
!CdRootRederive	Rederive	CdRootRederive	Rederive derived parts	
!CdRootRegen	Regen	CdRootRegen	Force regeneration of root objects	
!CdRootRelaCopy	Related copy	CdRootRelaCopy	Copy root objects and related objects to clipboard	
!CdRootRelaCut	Related cut to Clipboard	CdRootRelaCut	Cut root objects and related objects to clipboard	
!CdRootRename2	Rename	CdRootRename2	Rename a root object	
!CdRootSeparate	Separate	CdRootSeparate	Separate objects to file	
!CdRoughExpand	Rough Expand	CdRoughExpand	Expand STL surfaces with input distance.	Expand STL surfaces with input distance.
!CdScale3D	Scale	CdScale3D	Scale entities	
!CdSdCheck	Checker board	CdSdCheck	Assign checkerboard texture to faces	Apply a pre-defined checkerboard texture to one or more faces.
!CdSdChrome	Chrome	CdSdChrome	Assign chrome texture to faces	Apply a pre-defined chrome texture to one or more faces.
!CdSdGranite	Granite	CdSdGranite	Assign granite texture to faces	Apply a pre-defined granite texture to one or more faces.
!CdSdMarble	Marble	CdSdMarble	Assign marble texture to faces	Apply a pre-defined marble texture to one or more faces.
!CdSdWood	Wood	CdSdWood	Assign wood texture to faces	Apply a pre-defined wood texture to one or more faces.
!CdSectionAlz	Section Curvature	CdSectionAlz	Section Curvature Info	Create plane section curves in the active part, and show the curvature of those section curves.
!CdSetExtCmp	Make Independent	CdSetExtCmp	Make the virtual part to be external	
!CdSetPocket	Set Pocket	CdSetPocket	Set the pocket state for the shapes	
!CdSewEdgGap	Sew Edge&apos;s Gap	CdSewEdgGap	Extend faces to sew the gap between edges	Attempt to sew a gap that exists between two sets of face edges (E1)(E2).
!CdSf2Pln	Analyze Plane	CdSf2Pln	Replace with planes	If an untrimmed surface is not planar but the trimmed surface is, then you can modify the untrimmed surface to a planar surface with this command.
!CdSfAtEntSet	Attributes	CdSfAtEntSet	Edit face attributes	
!CdSfCpDraw	Control Polygon	CdSfCpDraw	Draw control net of faces	Display the control net of a face.
!CdSfFair	Smooth Face	CdSfFair	Smooth face	Smooth selected control points of a face. Smoothing refers to the process of shape editing to remove unwanted imperfections in a curve or face.
!CdSfFitBnd	FEM Patch	CdSfFitBnd	Create a trimmed face fitting boundary curves	Fit a single face through a set of points on boundary curves (P). A surface is directly fitted through a collection of points on the boundary curves, then trimmed along the boundary.
!CdSfFitBnd2	Fit Face	CdSfFitBnd2	Create a trimmed face fitting a set of points and boundaries	Input points (P) the face must pass through and the set of boundary curves (C) used to trim the face.
!CdSfFitSctDat	Surface from Pts	CdSfFitSctDat	Create an untrimmed face fitting a set of points	Create an untrimmed face that passes through a set of points referred to as a point cloud. The only required input are the points the face must pass through.
!CdSfInqKrv	Surface Curvature	CdSfInqKrv	Surface curvature at a point	Inquire about the curvature of a face where it passes through a specified point.  By default, the point lies on the face.  You can use the Face option to select a different face to analyze.  By default, a direction that is normal to the face through the specified point is used to "slice" the face for curvature analysis.
!CdSfMod	Modify Ctrl Pts	CdSfMod	Activate a face for local modification	Move one or more control points of a face.  If only one control point is selected, it is used as the reference point for the move.  Otherwise, the barycenter of all the picked control points is used.
!CdSfNumIso	Modify Isoline Num	CdSfNumIso	Change number of isolines displayed for a face	Set the number of isolines displayed in the U and V directions of a face.
!CdSfPick	Modify Ctrl Pts	CdSfPick	Activate a face for local modification	Move one or more control points of a face.  If only one control point is selected, it is used as the reference point for the move.  Otherwise, the barycenter of all the picked control points is used.
!CdSfReduce	Reduce Data	CdSfReduce	Reduce number of control points	Remove many surface imperfections by reducing the total number of control points and thus eliminating offending points. This command works well with IGES data imported from other CAD systems.
!CdSfRefit	Refit Surface	CdSfRefit	Refit surface	Refit a face (i.e., modify the degrees of freedom).  This command modifies the base surface of the selected face.  The U and V parameter directions are displayed on the face.
!CdSfSmooth	Smooth via FEM	CdSfSmooth	Smooth faces via FEM refit	Smooth one or more NURBS surfaces.  This command makes use of the Finite Element Method (FEM).
!CdSfUvSwap	Reverse UV Param Spaces	CdSfUvSwap	Reverse U and V parameter spaces	This command will reverse the U and V parameter space of selected faces.
!CdShMagAtEntSet	Attributes	CdShMagAtEntSet	Edit magnetic line attributes	
!CdShadeComp	Shade	CdShadeComp	Shade component	
!CdShapeNames	Shape Names	CdShapeNames	Set Shape attributes	
!CdShapeSew	Sew	CdShapeSew	Sew shape	Create a new feature by sewing faces (or connecting edges) into a single closed solid. The edge boundaries of the faces must coincide to be sewn (i.e., no free edge gaps greater than the sewn tolerance).
!CdSheetEdit	Edit	CdSheetEdit	Activate sheet for editing	
!CdSheetInst	Existing Sheet	CdSheetInst	Instance sheet from drawing packet	
!CdShellExt	Extend Shape	CdShellExt	Extend shape	Extend the face edges of a shape.  You can extend one or sereval edges of the shape.
!CdShowAllDim	Show All Dimension	CdShowAllDim	Show all dimensions	
!CdShowAllPrf	Show All Sketches	CdShowAllPrf	Show all sketches	
!CdShowAllSub	Show All Components	CdShowAllSub	Show all components	
!CdShpCnsMove	Align Move	CdShpCnsMove	Move shapes with alignment	
!CdShpCnsesMv	Align Move	CdShpCnsesMv	Move shapes with alignment	
!CdShtAsc	Ascending by Name	CdShtAsc	Ascending by name	
!CdShtDel	Erase	CdShtDel	Erase entities	
!CdShtDes	Descending by Name	CdShtDes	Descending by name	
!CdShtLnAtEntSet	Attributes	CdShtLnAtEntSet	Edit line attributes	
!CdShtMgrScroll	Scroll to Tree			
!CdShtProf	Sketch	CdShtProf	Create a sketch	Create a sketch
!CdShtPtAtEntSet	Attributes	CdShtPtAtEntSet	Edit point attributes	
!CdShtTextCrt	Text	CdShtTextCrt	Create text	
!CdShtTxtAtSet	Attributes	CdShtTxtAtSet	Edit text attributes	
!CdSimplify	Simplify	CdSimplify	Remove faces and close the gaps	Simplify a part by removing selected faces.
!CdSimplifyEdg	Close Gaps	CdSimplifyEdg	Simplify - Close Gaps	It is designed mainly to handle imported geometry to attempt to sew gaps that exist between shared face edges.
!CdSketchEdit	Edit Sketch	CdSketchEdit	Edit a Sketch	
!CdSketchRegen	Regen	CdSketchRegen	Regen Sketch	
!CdSketchShow	Show	CdSketchShow	Toggle the display of all dimensions	
!CdSmartFastener	Smart Fastener	CdSmartFastener	Insert fasteners	
!CdSmdAddBend	Mark Bend	CdSmdAddBend	Mark faces as sheet metal bends	A key characteristic of sheet metal parts are its bend faces.  In order to perform fold and unfold a sheet metal part commands any bend radii (other than those created during the Create Full and Partial Sheet Metal Flange commands) need to be marked.
!CdSmdAddBend2	Mark Bend	CdSmdAddBend2	Mark faces as sheet metal bends	A key characteristic of sheet metal parts are its bend faces.  In order to perform fold and unfold a sheet metal part commands any bend radii (other than those created during the Create Full and Partial Sheet Metal Flange commands) need to be marked.
!CdSmdAttrib	Sheet Metal Attributes	CdSmdAttrib	Set/modify sheet metal attributes	
!CdSmdBendEdit	Change Bend	CdSmdBendEdit	Change bend	Change the bend radius of a full face and partial face sheet metal angle or a bend marked using the Mark Sheet Metal Bend command. You can change one or more bend radii at a time or middle-click to change all bend radii in all shapes in the active sheet metal part.
!CdSmdBendRad	Change Bend Radius	CdSmdBendRad	Change bend radius	Change the bend radius of a full face and partial face sheet metal angle or a bend marked using the Mark Sheet Metal Bend command. You can change one or more bend radii at a time or middle-click to change all bend radii in all shapes in the active sheet metal part.
!CdSmdBendTaper	Bend Taper	CdSmdBendTaper	Bend Taper	Choose one bend face and taper the bend.
!CdSmdCnvt	Convert to sheet metal	CdSmdCnvt	Convert to sheet metal.	Convert a shape to sheet metal.
!CdSmdComFlng	Flange	CdSmdComFlng	Add flange	Select an edge (E) chain to add flange
!CdSmdCut	Rip	CdSmdCut	Rip a sheet metal part.	Create a gap in a sheet metal part.
!CdSmdCut2	Rip	CdSmdCut2	Rip a sheet metal part.	Create a gap in a sheet metal part.
!CdSmdDrawBend	Fold by Line	CdSmdDrawBend	Create Bend Along a Line	
!CdSmdDrawFlng	Flange with Profile	CdSmdDrawFlng	Add a flange with a defined profile	Select a linear edge (E) to add an flange whose profile can be modified as desired.
!CdSmdExtFlange	Extrude Flange	CdSmdExtFlange	Extrude flange	Input a open profile or close profile, it will offset with the thick and add the bend, then extrude to flange.
!CdSmdExtTab	Extrude Tab	CdSmdExtTab	Extrude base tab.	Extrude a close profile to be a base shape. If there are any other shape, it can merge with it.
!CdSmdFlangeAng	Change Bend Angle	CdSmdFlangeAng	Change bend angle	Select the bend face or middle-click to select all bend faces in all shapes in the active part and then enter a new bend angle.  You can select the inner or outer bend face.
!CdSmdFlat	Flatten	CdSmdFlat	Flatten sheet metal solid	Create flat solid or flat pattern for sheet metal solid.
!CdSmdFlatItmExp	Export Flat Item		Export flat item	Export flat item
!CdSmdFlatPtnExp	Export DWG/DXF		Export DWG/DXF	Export DWG/DXF
!CdSmdFlatUpd	Regen Flat		Regen sheet metal flat item	
!CdSmdFlng	Partial Flange	CdSmdFlng	Add flange	Select the inner edge (E) and the position to add partial flange
!CdSmdFlng1	Full Flange	CdSmdFlng1	Add a full face flange	Select the inner edge (E) to add an edge flange
!CdSmdFlngExtend	Extend Flange	CdSmdFlngExtend	Extend the flange	Choose one line edge on the flange and extend the flange.
!CdSmdFold	Fold	CdSmdFold	Fold sheet metal solid	Fold axial bends in a 3D sheet metal part after it has been unfolded with the Unfold Sheet Metal Part command. The part is resized to accommodate the expansion characteristics of the bent sheet metal and any notches, holes, planar cutouts, or cutouts across bends.
!CdSmdHem	Hem Flange	CdSmdHem	Add hem flanges	
!CdSmdIferChk	Flange Interference	CdSmdIferChk	Flange interference	Flange interference
!CdSmdJog	Jog	CdSmdJog	Jog sheet metal	Fold along a straight line. Create two bends.
!CdSmdLftdFlng	Lofted Flange	CdSmdLftdFlng	Add a lofted flange	
!CdSmdLftdFlng2	Lofted Flange	CdSmdLftdFlng2	Add a lofted flange	
!CdSmdLnUnfold	Linear Unfold	CdSmdLnUnfold	Linear unfold sheet metal solid	
!CdSmdPartFlng	Partial Flange	CdSmdPartFlng	Add a partial face flange	Select the inner edge (E) and the position to add partial flange
!CdSmdRip	Sketched Rip	CdSmdRip	Rip a sheet metal part	Create a gap in a sheet metal part.
!CdSmdRlveFlange	Revolve Flange	CdSmdRlveFlange	Revolve flange	Input a open profile or close profile, it will offset with the thick and add the bend, then revolve to flange.
!CdSmdSwpFlg	Swept Flange	CdSmdSwpFlg	sweep flange with a profile	
!CdSmdTwist	Twist Flange	CdSmdTwist	Twist flange	Choose an edge and input the twist angle and flange length, and then generate a twist flange.
!CdSmdUnFold	Unfold	CdSmdUnFold	Unfold sheet metal solid	Unfold axial bends in a 3D sheet metal part. The part is sized to accommodate the expansion characteristics of the bent sheet metal and any notches, holes, planar cutouts, or cutouts across bends.
!CdSmtFocus	Focus	CdSmtFocus	Specify focus entity	
!CdSmtMsr	Measure	CdSmtMsr	Measure entities	
!CdSolidExt	Extend Shape	CdSolidExt	Extend shape	Extend the face edges of a shape.  You can extend one or sereval edges of the shape.
!CdSplitBlock	Split	CdSplitBlock	Split point blocks with planes	First select the point block (B) then select a plane (C).  Any number of point block objects may be split simultaneously via any combination of datum planes, planar faces, and  sketches.
!CdSplitStlFile	Split STL File	CdSplitStlFile	Split a STL file into multiple files	Split a standard STL data file into several smaller files by cutting equal thickness slices from the original STL data and saving them in separate files.  This will help load very large STL files into ZW3D.
!CdSpurGear	Spur Gear	CdSpurGear	Create spur gear	Create spur gear by specified parameters.
!CdSrfAnalz2	Analyze Faces	CdSrfAnalz2	Analysis of one or more faces	Analyze faces for surface imperfections, draft angles, curvature, and other surface characteristics. The analysis results are presented in a variety of plots superimposed on the active part.
!CdSrfAngSrf2	Face at Angle	CdSrfAngSrf2	Create faces along curves at angle to face	Select the face (F) and the curve (C) to project. Specify the distance (S) that the new face should extend. Specify the angle (A) of the new face relative to the selected faces.  An angle of 0 (zero) will result in a face that is normal to the selected faces (i.e., perpendicular). An angle of +/-90 will result in a face that is tangent to the selected faces.
!CdSubSetRegen	Enable/Disable sub-feature regen	CdSubSetRegen	Enable/Disable sub-feature regen	Regenerate the active part history re-evaluating each feature.
!CdSurfExt	Extend Surface	CdSurfExt	Extend base surface of a face	Extend the base surface (underlying geometry) of a face. The trim boundaries of the face are not affected. Use the Extend a Face command to extend the trim boundary of a face.
!CdSwapVis	Swap Entity Visibility	CdSwapVis	Swap visibility of all entities	
!CdSwitchPrtCfg	Activate		Activate the Config	
!CdSymBeadCrt	Caterpillar		Create weld bead symbol.	
!CdSymBeadMod	Edit		Modify weld bead symbol.	
!CdSymEndTrtCrt	End Treatment		Create end treatment.	
!CdSymEndTrtMod	Edit		Modify end treatment.	
!CdSymImgCrt	Image	CdSymImgCrt	Create an image symbol or background	Insert an image symbol or background into the active target. It can be any image file.
!CdSymImgMod	Edit	CdSymImgMod	Edit Image Symbol	
!CdSymInsert	Insert Block	CdSymInsert	Insert a symbol	Insert a geometry symbol from the active symbol library.
!CdSymInsertMod	Reset		Reset block symbol	
!CdSymLibAdd	Add Block	CdSymLibAdd	Create/replace a symbol	Save a group of entities to the active symbol library. You can select part of or the entire drawing sheet, assign it a name, an insertion point, and save it for later use.
!CdSymLinkExport	Export File		Export File	
!CdSymLinkMod	Edit		Edit OpenLink Symbol	
!CdSymMarkCrt	Hole Mark	CdSymMarkCrt	Create a circular symbol to mark a hole	Insert different kind of circular symbols into the active target to mark different holes.
!CdSymOrgAtSet	Attributes	CdSymOrgAtSet	Edit origin symbol attributes	
!CdSymOriginMove	Move	CdSymOriginMove	Move origin symbol	
!CdSymSrfCrt	Surface Finish	CdSymSrfCrt	Create a Surface symbol	Create surface texture symbols and place them on your drawing sheet. The symbol can rest on an entity such as a line or be extended with a leader terminator.
!CdSymSrfMod	Edit	CdSymSrfMod	Edit Surface Texture Symbol	
!CdSymWeldCrt	Weld	CdSymWeldCrt	Create weld symbol	Select a point (P1) on the geometry where the symbol leader is attached. Then select a point (P2) to locate the weld symbol.
!CdSymWeldMod	Edit	CdSymWeldMod	Edit Weld Symbol	
!CdTMap	Texture Map	CdTMap	Map texture image onto face	Use any external texture map file and apply it to a part. First select the projection method. Then specify the image map file and the origin.
!CdTMapDel	Erase Texture	CdTMapDel	Erase texture image mapped from face	Remove a texture map previously assigned to a face using the Apply Texture Map File command.
!CdTMapEdit	Edit Texture	CdTMapEdit	Edit texture assigned to face	Edit texture previously assigned to the face using the Texture map command.
!CdTagAdd	Attach ID Tag to Entity	CdTagAdd	Attach an ID tag to an entity	Create an attribute tag and link it to a selected entity. The attribute symbol placed on the affected entity is the ID number. Select the entity and then specify a positive ID number.
!CdTagAdd2d	Attach ID Tag to Entity	CdTagAdd2d	Attach an ID tag to an entity	Create an attribute tag and link it to a selected entity. The attribute symbol placed on the affected entity is the ID number. Select the entity and then specify a positive ID number.
!CdTagDel	Delete ID Tag	CdTagDel	Delete ID tag	Delete an attribute tag created by the Attach ID Tag command. Select the entity that the ID attribute tag is attached to.
!CdTagDel2d	Delete ID Tag	CdTagDel2d	Delete ID tag	Delete an attribute tag created by the Attach ID Tag command. Select the entity that the ID attribute tag is attached to.
!CdTblAddUsrComp	Custom components		Add new custom components in the specified BOM table.	
!CdTblAdjBln	Modify Table Balloon	CdTblAdjBln	Adjust balloon locations for a table	Modify a BOM balloon location as a whole or modify a balloon dimension&apos;s arrow and text respectively.
!CdTblAtEntSet	Attributes	CdTblAtEntSet	Edit table attributes	
!CdTblCellModTol	Modify Cell Tolerance	CdTblCellModTol	Modify dimension tolerance	Modify the tolerance displayed for a hole coordination in a table cell. Select the tolerance type icon and enter the tolerance value.
!CdTblEdit	Edit	CdTblEdit	Edit Table	
!CdTblExport	Export Table	CdTblExport	Export table	
!CdTblImport	Import Table	CdTblImport	Import a user table	
!CdTblInsert	Insert Table	CdTblInsert	Insert a table	
!CdTblRegen	Regen	CdTblRegen	Regen Table	
!CdTblRegenAll	Regen All Tables	CdTblRegenAll	Regen all tables	
!CdTblRowHiByBln	Navigate to table row		Navigate to the corresponding table row.	
!CdTblSyncAttr	Sync BOM Table with Part Attributes	CdTblSyncAttr	Sync BoM table attributes with part attributes	
!CdTblTplSave	Save as Template...		Save the specified table as the table template.	
!CdTblUsrCrt	User Table	CdTblUsrCrt	Create a user table	
!CdTextAtEntSet	Attributes	CdTextAtEntSet	Edit text attributes	
!CdTextCrt	Text	CdTextCrt	Create text	
!CdTextFtr	Text	CdTextFtr	Add annotation text	Create Part annotated text, image and dimension features and anchor them at points in the active part or in another component in an assembly or sub-assembly while in the active part. Use the Redefine Feature  command to revise them.
!CdTextModStr	Change Text String	CdTextModStr	Modify text string	Select the text string to modify and then enter the new text or right-click and select Editor to use the Text and Dimension Editor.
!CdTextOnSurf2	Emboss	CdTextOnSurf2	Emboss image onto face	Emboss (deform) a face using an external raster image file as a height map. If the file is color, it is converted to monochrome.
!CdTextShFnt	Font Table	CdTextShFnt	Add font table at insertion point	First enter the font number shown on the Text Attributes Form. Then select an insertion point.
!CdThinPntArray	Reduce	CdThinPntArray	Reduce Point Data	Reduce the total number of points in a point cloud. The points can be created by ZW3D or imported from CMM (Coordinate Measuring Machine) data.
!CdThkAnalz	Thickness Analysis	CdThkAnalz	Analyze thickness of surface(s)	Select a shape (V) and pick the surface(s) (S) on it to analyze Thickness (T). Or measure the thickness (T) at a specific position. Two methods are provided: left figure - Ball-rolling and right figure - Ray-casting.
!CdThrdAdd	Flag Ext Thread	CdThrdAdd	Add external thread display attribute	Specify a thread attribute on a cylindrical face. This is similar to the Flag Hole Feature command but only visible in 3D.
!CdTraceRegion	Trace Region	CdTraceRegion	Trace a region according to a seed facet, seed facet normal and a threshold angle.	Select a seed facet and input a threshold angle, trace an adjacent region in the STL model. For every facet inside the region, the angle between its normal and the seed facet normal is smaller than the threshold.
!CdTraceShpEdge	Trace Sharp Edge	CdTraceShpEdge	Trace the sharp edges on the STL mesh.	Find out the sharp edges on the STL mesh
!CdTraceSilhou	Trace Silhouette	CdTraceSilhou	Find out the silhouette profile of an STL model.	Given a project direction, find out the silhouette profile along this direction.
!CdTransComp	Transparent	CdTransComp	Transparent component display	
!CdTransToggle	Toggle Entity Transparency		Toggle entity transparency	
!CdTrcOffset	Offset Trace Profile	CdTrcOffset	Offset trace profile	Select the trace profile to offset. Then specify the offset distance. A positive value creates an outer offset while a negative value creates an inner offset.
!CdTrcTssltEdg	Trace Edges	CdTrcTssltEdg	Trace a set of edges from tessellated points or STL data	This can be used to quickly trace boundary edges or holes from a set of tessellated data or as a starting point for the manual tracing stage.
!CdTrimBlock	Trim	CdTrimBlock	Trim point blocks to planes	First select the point block (B) then select the plane (C).  An arrow will indicate what side of the point block will be kept.  You can change the direction of the arrow using the Flip side to keep option.
!CdTrimChain	Power Trim			Draw a line to trim the intersecting curves.
!CdTrimQuick	One Touch Trim	CdTrimQuick	Trim away picked curve segment	Automatically trim a curve segment when it is selected.
!CdTrimQuick3D	One Touch Trim	CdTrimQuick3D	Trim away picked curve segment	Automatically trim a curve segment when it is selected.
!CdTssltSctDat	Tessellate	CdTssltSctDat	Tessellate & stitch a set of points or STL data	Tessellate 3D point data into inter-connected and therefore traversable vertices and edges. The connected edges form a series of triangles. This provides a structured way of traversing random input data for further processing.
!CdTumble	Tumble	CdTumble	Tumble the active view (press Escape to exit)	Make the active view tumble until you press the <Escape> key or select any other command.
!CdUDFCmd				
!CdUnBlankAll	Unblank All	CdUnBlankAll	Unblank all entities	Display all entities that were hidden by the Blank Entities command.
!CdUnHi	Unhighlight All	CdUnHi	Unhighlight all picked entities	When a selected entity will remain selected (i.e., highlighted) even after a function has completed. If an entity appears to be stuck in highlight mode, use this command to Unhighlight and unpick all geometry in the active object.
!CdUnblank3DPrf	Unblank	CdUnblank3DPrf	Unblank entities	
!CdUnblankDwg	Unblank	CdUnblankDwg	Unblank entities	
!CdUnblankDwg2	Unblank		Unblank entities	
!CdUnblankPart	Unblank	CdUnblankPart	Unblank entities	
!CdUndercut	Undercut Analysis		Undercut Analysis	
!CdUnfreezeAll	Thaw All Entities	CdUnfreezeAll	Unfreeze All	This command thaws all entities that have been frozen with the Freeze Entities command.
!CdUnfreezeObj	Thaw Entities	CdUnfreezeObj	Unfreeze entities	This command thaws entities frozen with the Freeze Entities command.
!CdV33DCurves	Show 3D Curves from Part	CdV33DCurves	Show or not show 3D Curves from part	
!CdV3ActPart	Edit Part	CdV3ActPart	Edit Part	
!CdV3AlignCH	Align Center Horizontal	CdV3AlignCH	Change the state of the alignment	
!CdV3AlignCV	Align Center Vertical	CdV3AlignCV	Change the state of the alignment	
!CdV3AlignDef	Default Alignment	CdV3AlignDef	Change the state of the alignment	
!CdV3AlignOH	Align Original Horizontal	CdV3AlignOH	Change the state of the alignment	
!CdV3AlignOV	Align Original Vertical	CdV3AlignOV	Change the state of the alignment	
!CdV3AlignOff	Alignment Off	CdV3AlignOff	Change the state of the alignment	
!CdV3AlterPos	Alternate Position View	CdV3AlterPos	Insert alternate position view	Select a view to drag/move its position.Display the projected view at the specified position as an alternate view.
!CdV3AssocEnt	Associate /Disassociate	CdV3AssocEnt	Associate/disassociate entities with view	This command associates (adds) the desired 2D entities to a layout view. Associated entities will be considered part of the view and will act accordingly during commands that affect the entire view.
!CdV3AtEntSet	View Attributes	CdV3AtEntSet	Set view display attributes	Edit the view attributes for existing layout views. The command is located on the Layout toolbar. The default view attributes defined in the View Attributes Form are not affected.
!CdV3Auto	Layout	CdV3Auto	Automatic view layout	Create a 3 or 4 view layout of a 3D part. Use the Edit 3D View Attributes command to change the view attributes after the views are created.
!CdV3Auto2	Layout	CdV3Auto2	Automatic view layout	Create a 1 to 7 view layout of a 3D part. Use the Edit 3D View Attributes command to change the view attributes after the views are created.
!CdV3Beads	Show weld beads from part		Show or not show weld beads from part	
!CdV3BendLine	Show bend lines	CdV3BendLine	Show or not show bend lines	
!CdV3BrkLine	Break Line	CdV3BrkLine	Insert break line view	Select a view to break(except detail view, define view, crop view). Select two or three points to define the starting line and the parallel offset line. Then specify the size of gap between break lines.
!CdV3BrkSect	Broken Section	CdV3BrkSect	Insert broken section view	Insert a broken section in a 3D layout view. Select an existing view, draw a boundary where the view is to be cut away, and define a section plane to expose the interior of the part.
!CdV3CenterLine	Show Center Lines	CdV3CenterLine	Show or not show center lines	
!CdV3CnvToStd	Convert to Standard View			Convert a projection view to standard view.
!CdV3Crop	Crop View	CdV3Crop	Crop view	Select a view to Crop(except detail view, define view, break line view).
!CdV3Crop3D	3D Crop	CdV3Crop3D	3D crop view	Select a view to 3D crop(except detail view, define view, break line view).
!CdV3CropApp3D	Apply Crop View to	CdV3CropApp3D	Apply crop view to	Select a 3D crop view to apply.
!CdV3DPrjMdDisc	Discrete	CdV3DPrjMdDisc		
!CdV3DPrjMdPar	From Parent	CdV3DPrjMdPar		
!CdV3DPrjMdPrec	Precise	CdV3DPrjMdPrec		
!CdV3DPrjObjHide	Hide Wireframe	CdV3DPrjObjHide	Hide wireframe	
!CdV3DPrjObjInq	Inquire		Inquire wireframe information	
!CdV3DPrjObjShow	Show Wireframe		Show wireframe	
!CdV3DelCrop3D	Delete Crop View	CdV3DelCrop3D	Delete 3D crop view	Select a 3D crop view to delete.
!CdV3Detail	Detail	CdV3Detail	Insert detail view	Create circular, rectangular and polyline detail views from another 3D layout view. The line and color attributes defined in the Options Form refer to the detail border.
!CdV3Dimension	Show Dimensions from Part	CdV3Dimension	Show or not show the dimension from part	
!CdV3DtmDim	Show Projected Datums from Part	CdV3DtmDim	Show or not show projected datums from part	
!CdV3EditLabel	View Label	CdV3EditLabel	Edit the label of a view	Modify the label text of a layout view. You can also use this command to add a label to a view created without one.
!CdV3FastHide	Fast Hidden Line	CdV3FastHide	Fast hidden line	
!CdV3HiddenLin	Show hidden lines	CdV3HiddenLin	Show or not show hidden lines	
!CdV3Hide	Hidden Line	CdV3Hide	Hidden line	
!CdV3HideComp	Suppress Component	CdV3HideComp	Suppress component in view	Suppress entities belonging to a particular component.
!CdV3InheritPMI	Inherit PMI	CdV3InheritPMI	Inherit PMI entities from part or not.	
!CdV3Ins	Standard	CdV3Ins	Insert standard view of part	Create a standard orthographic layout view from a 3D part. If the part has named views created using the View Manager, they can also be inserted as a standard view.
!CdV3InsAux	Auxiliary	CdV3InsAux	Insert Auxiliary view of part	Create an auxiliary view that is projected perpendicular from an edge of another layout view. Select the layout view (V) to project, a line (L) defining the auxiliary view plane and a point (P) to locate the view.
!CdV3InsEmpty	Empty	CdV3InsEmpty	Insert empty view of part	
!CdV3InsPrj	Projection	CdV3InsPrj	Insert projected view of part	Select the 3D layout view (V) to project. Then select the view location (P). Moving the cursor to the top, bottom, left, or right will created a projected view in that direction.
!CdV3InsSecStep	Insert Step	CdV3InsSecStep	Insert a step for section definition view	You can break a line of the definition view of full section, aligned section and revolved section to insert a step.
!CdV3Label	Turn View Label on/off	CdV3Label	label	
!CdV3LinkToBOM	Balloons link to BOM	CdV3LinkToBOM	Balloons link to the specified BOM table	
!CdV3LocLock	Lock Location	CdV3LocLock	Lock location	
!CdV3Measure	3D Measure	CdV3Measure	Enable/disable 3D measurement	
!CdV3Mod3DDim	Modify Part Dim	CdV3Mod3DDim	Modify 3D part dimensions from drawing	This command provides bi-directional associativity between the 3D part or assembly and its drawing sheets. You can only modify part dimensions with this command and not sheet dimensions.
!CdV3ModConf	Component Config	CdV3ModConf	Modify view assembly configuration	If the referenced assembly of a layout view has multiple component configurations, use this command to change the configuration. First select the layout view to modify. Then, if the reference assembly has component configuration, select one from the list.
!CdV3ModPrtCfg	Part Config	CdV3ModPrtCfg	Modify view Part configuration	If the referenced part of a layout view has multiple configurations, use this command to change the configuration. First select the layout view to modify. Then, if the reference part has part configuration, select one from the list.
!CdV3Move	Move Views	CdV3Move	Move views	
!CdV3MoveTo	Move View to Sheet	CdV3MoveTo	Move view to sheet	
!CdV3OrientView	Orient View Tool	CdV3OrientView	Orient view tool	Insert a view base on the direction in the preview window which can be decided by the "up" and "right" vectors or free rotation
!CdV3PartOrient	View Orientation from Parent	CdV3PartOrient	Views orientation from parent	
!CdV3ProfAtSet	Scale	CdV3ProfAtSet	Set sketch attributes	Set sketch attributes
!CdV3RedefBrkX	Redefine Broken Section	CdV3RedefBrkX	Redefine broken section	Redefine a broken section view.
!CdV3RedefCrop	Redefine Crop View	CdV3RedefCrop	Redefine crop view	Select a crop view to redefine.
!CdV3RedefDet	Redefine Detail	CdV3RedefDet	Redefine detail view	
!CdV3RedefSec	Redefine Section	CdV3RedefSec	Redefine section definition	
!CdV3RedefX	Redefine Section	CdV3RedefX	Redefine section definition	
!CdV3RefAtEnt	Attribute	CdV3RefAtEnt	Set the attribute for the component	
!CdV3RefEdit	Edit Part	CdV3RefEdit	Edit component	
!CdV3RefHat	Hatch	CdV3RefHat	Change the Hatch state of the component	
!CdV3RefHidHdLn	Hide hidden line	CdV3RefHidHdLn	Hide the hidden line generate by the component	
!CdV3RefHidShll	Hide Shape	CdV3RefHidShll	Show component	
!CdV3RefHide	Suppress Component	CdV3RefHide	Suppress component	
!CdV3RefInq	Inquire	CdV3RefInq	inquire component informations	
!CdV3RefSect	Section	CdV3RefSect	Change the section state of the component	
!CdV3RefShow	Show Component	CdV3RefShow	Show component	
!CdV3RefShowHdLn	Show hidden line	CdV3RefShowHdLn	Show the hidden line generate by the component	
!CdV3RemoveCrop	Delete Crop	CdV3RemoveCrop	Delete crop from view	Select a crop view to delete the crop.
!CdV3RevDir	Reverse Direction	CdV3RevDir	Reverse the direction of the projection	
!CdV3RmBrkLine	Delete Break Line	CdV3RmBrkLine	Delete break line from view	Select a break line view to delete break line(s).
!CdV3Scale	Turn View Scale on/off	CdV3Scale	Scale	
!CdV3SecAlign	Aligned Section	CdV3SecAlign	Insert a aligned section view of part	Insert and redefine a variety of section views of a 3D layout view. You can section part views, detail views and full section views.
!CdV3SecBent	Bent Section	CdV3SecBent	Insert a bent section view of part	Insert and redefine a variety of section views of a 3D layout view. You can section part views, detail views and full section views.
!CdV3SecFull	Full Section	CdV3SecFull	Insert a full section view of part	Insert and redefine a variety of section views of a 3D layout view. You can section part views, detail views and full section views.
!CdV3SecNamed	3D Named Section	CdV3SecNamed	Insert a named section view of part	Insert and redefine a variety of section views of a 3D layout view. You can section part views, detail views and full section views.
!CdV3Section	Section	CdV3Section	Insert section view of part	Insert and redefine a variety of section views of a 3D layout view. You can section part views, detail views and full section views.
!CdV3Section3D	Isometric Section	CdV3Section3D	Insert isometric section view of part	
!CdV3SetPart	Change	CdV3SetPart	Set view part	Replace the part model associated with a layout view. First select the layout view to modify. Then specify the new part to reference. You can select from the default list of parts in the active file or pick the folder icon to select another ZW3D file using the File Browser.
!CdV3SetScale	View Scale	CdV3SetScale	Set view scale	Modify the scale factor of a layout view. The individual view&apos;s scale sets the scale factor for that view. The drawing sheet scale factor only applies to "independent" geometry that is not associated with any layout view.
!CdV3Shade	Shaded	CdV3Shade	Shaded	
!CdV3StepLine	Turn View Step Line on/off	CdV3StepLine	StepLine	
!CdV3SynHat	Component hatch from Part	CdV3SynHat	Component hatch from part	
!CdV3SynSect	Component section from Part	CdV3SynSect	Component section from part	
!CdV3SynVis	Component Visibility from Part	CdV3SynVis	Component visibility from part	
!CdV3SynVisFrPar	From Parent	CdV3SynVisFrPar	Component visibility from parent	
!CdV3SynVisFrPrt	From Part	CdV3SynVisFrPrt	Component visibility from part	
!CdV3SynVisIdpd	Independent	CdV3SynVisIdpd	Component visibility independent	
!CdV3TanLin	Show Tangent Lines	CdV3TanLin	Show or not show tangent lines	
!CdV3Text	Show Text from Part	CdV3Text	Show or not show text from part	
!CdV3TextLbl	View Label		Edit the label of a view	Modify the label text of a view.
!CdV3TextScl	View Scale		Edit the scale of a view	Modify the scale text of a view.
!CdV3Threads	Show Threads	CdV3Threads	Show or not show threads	
!CdV3UnBrkView	Un-Break View	CdV3UnBrkView	Undo breaklines of view	Undo breaklines of view.
!CdV3Update	Regen layout Views	CdV3Update	Update layout views	Regenerate all layout views as well as any 2D tables and user embedded text associated with any layout view.
!CdV3Wire	Wireframe	CdV3Wire	Wireframe	
!CdV3ZeroPnt	Show 3D Zero Point	CdV3ZeroPnt	Show or not show 3D zero point	
!CdV3Zoom	Zoom Limit	CdV3Zoom	Zoom to view	
!CdVAtTagDisp	Toggle Attribute Tag Display	CdVAtTagDisp	Toggle disp of attribute tags	
!CdVBackFColor	Set Back Face Color	CdVBackFColor	Back Face color	
!CdVCpsTriadDisp	Toggle compass triad Display		Toggle compass disp of Triad	
!CdVDShadow	Toggle Drop Shadow Display	CdVDShadow	Toggle display of drop shadow	
!CdVDShadowMod	Edit Offset	CdVDShadowMod	Drop shadow offset	
!CdVDimTDisp	Toggle Show Hidden Dim	CdVDimTDisp	Toggle show hidden dimensions	
!CdVDtmAutoSize	Auto Size Datum		Toggle disp of auto size datums	
!CdVDtmColorShow	Show Colorful Datum		Toggle disp colorful datums	
!CdVDtmExtDisp	Toggle Ext Datum	CdVDtmExtDisp	Toggle disp of external datums	
!CdVDtmGDisp	Toggle Global Datum	CdVDtmDisp	Toggle disp of global datums	
!CdVDtmLDisp	Toggle Local Datum	CdVDtmDisp	Toggle disp of local datums	
!CdVDtmNameDisp	Toggle Datum Name Display		Toggle disp datum name	
!CdVDtmTDisp	Toggle Show Hidden Local Datum	CdVDtmTDisp	Toggle show hidden local datums	
!CdVEColor	Edit Color	CdVEColor	Echo color	
!CdVEDetail	Edit Detail	CdVEDetail	Echo detail level	
!CdVEdgeColor	Set Shaded Edge Color	CdVEdgeColor	Edge color	
!CdVEdgeDisp	Toggle Shaded Edge	CdVEdgeDisp	Toggle show shaded edge	
!CdVEdgeThk	Set Shaded Edge Thickness	CdVEdgeThk	Set edge thickness	
!CdVFaceAppAt	Appearance	CdVFaceAppAt	Set face appearance	
!CdVFaceAppCpy	Format Painter	CdVFaceAppCpy	Copy the face appearance	
!CdVFaceAtDel	Erase Appearance	CdVFaceAtDel	Erase appearance from face	Remove an appearance previously assigned to a face
!CdVFrmTriadDisp	Toggle frame triad Display		Toggle frame disp of Triad	
!CdVLAngleMod	Edit Angle	CdVLAngleMod	Light source brightness	
!CdVLAttenMod	Edit Attenuation	CdVLAttenMod	Light source attenuation	
!CdVLBriteMod	Edit Brightness	CdVLBriteMod	Light source brightness	
!CdVLColorMod	Edit Color	CdVLColorMod	Light color	
!CdVLDirMod	Edit Direction	CdVLDirMod	Light direction	
!CdVLFallMod	Edit Falloff	CdVLFallMod	Light source brightness	
!CdVLPosMod	Edit Location	CdVLPosMod	Light location	
!CdVLTargMod	Edit Target	CdVLTargMod	Light target	
!CdVOpenEColor	Set Open Edge Color	CdVOpenEColor	Open Edge color	
!CdVOpenEDisp	Toggle Open Edge	CdVOpenEDisp	Toggle show open edge	
!CdVOpenEStyle	Set Open Edge Style	CdVOpenEStyle	Set open edge style	
!CdVOpenEThk	Set Open Edge Thickness	CdVOpenEThk	Set open edge thickness	
!CdVPerfOption	Set Performance Option	CdVPerfOption	Set performance option	
!CdVPixelLite	Toggle per Pixel Lighting	CdVPixelLite	Toggle use of per pixel lighting	
!CdVShdrDisp	Toggle Shader	CdVShdrDisp	Toggle disp of shaders	
!CdVTMapDisp	Toggle Texture Map Display	CdVTMapDisp	Toggle disp of texture maps	
!CdVTriadDisp	Toggle triad Display	CdVTriadDisp	Toggle disp of Triad	
!CdVTriadTDisp	Toggle Show Hidden triad	CdVTriadTDisp	Toggle show hidden Triad	
!CdVarCreate	Variable	CdVarCreate	Create a variable	Create a variable that is local to the active object. You can use this command to develop ZW3D parts and drawing sheets in preparation for the PARTshell Check commands.
!CdVarDis	Variable	CdVarDis	Insert a history operation to add/update a variable	
!CdVarEdit	Variable	CdVarEdit	Modify a variable	
!CdVarRegen	Create/Edit a variable	CdVarRegen	Create/Edit a variable	
!CdViewCamera	Camera	CdViewCamera	Camera view	
!CdViewDelAll	Delete All Custom Views		Delete all custom views	
!CdViewDir	Align with Direction	CdViewDir	Align view with "up" and "right" directions	Display a view aligned with a reference point and two directions indicating the origin, "up" (Y axis) and "right" (Z axis).
!CdViewPln	Align with Plane	CdViewPln	Align view with plane	Display a view aligned with a datum plane or planar face. You can apply this command to the active part or to another component in an assembly or sub-assembly.
!CdViewRotate	Rotate View	CdViewRotate	Rotate the view in sheet.	Rotate the view in sheet.
!CdViewSto	New	CdViewSto	New view	
!CdVuAxis	Set Axis	CdVuAxis	Set view rotation axis for <F3> dynamic view mode	Set a new view axis. Dynamic View uses the view axis as a base line for rotations. The default view axis is the world Z axis.  Select an axis (or direction) to set the view axis. Once set, you can press the F3 key to activate Dynamic Rotate about the view axis.
!CdVuCustomPnt	Custom Center		Set custom rotation center	
!CdVuLnOpenPart	Open Part...	CdVuLnOpenPart	Open the corresponded part file associated with a line	
!CdVuPnt	Set Rotation Center		Set Rotation Center	
!CdVuPntReset	Clear Rotation Center		Clear Rotation Center	
!CdWdSegTblCrt	Structural BOM (Legacy)	CdWdSegTblCrt	Create a structural BOM (Legacy) table from view object	Create a structural BOM (Legacy) table from a layout view with structural members. First select the view and then enter a name.
!CdWeldBeads	Weld Bead	CdWeldBeads	Weld Bead	Create a simplified representation of weld path between two shapes.
!CdWeldEndCap	End Cap	CdWeldEndCap	End Cap	Create an end cap feature using the end faces on open structual member.
!CdWeldGusset	Gusset	CdWeldGusset	Gusset	Add a guesst between two plannar adjoining faces.
!CdWeldStrctCrt	Profile Swept Rod	CdWeldStrctCrt	Create rods with selected profile along selected curves	Create rods with selected profile along selected curves.
!CdWeldStruct	Structural Member	CdWeldStruct	Structural Member	Create a structural member feature by pre-defined profiles along user defined path.
!CdWeldTblCrt	Weld	CdWeldTblCrt	Create a weld table from view object	Create a weld table from a layout view with weld beads. First select the view and then enter a name.
!CdWeldTrim	Trim	CdWeldTrim	Extend trim	Trim between two weldment structural.
!CdWireComp	Wireframe	CdWireComp	Wireframe component display	
!CdWireText	Wire Text	CdWireText	Insert Wire text	Create wire text.
!CdWireType	Toggle Type	CdWireType	Toggle curve type (construction/shape geometry)	Change 2D geometry (lines, arcs, circles, or curves) to and from construction geometry.
!CdWireType2	Toggle Type	CdWireType2	Toggle Type	Change 2D geometry (lines, arcs, circles, or curves) to and from construction geometry.
!CdWorm	Worm Wheel	CdWorm	Create worm	Create worm by specified parameters.
!CdWr3dPolygon	Polygon	CdWr3dPolygon	Create polygon	
!CdWrArcs	Arc	CdWrArcs	Create arc	
!CdWrCircles	Circle	CdWrCircles	Create circle	
!CdWrCrSpline3D	Spline	CdWrCrSpline3D	Create a curve through points or control points.	Create a curve by defining a series of points which the curve will pass by. Or create a curve by defining a series of control points. The curve will begin with the first control point and end at the last control point. The points between the first and the last ones will control the curve&apos;s shape.
!CdWrLines	Line	CdWrLines	Create line	
!CdWrap	Simplified Wrap	CdWrap	Simplified wrap	
!CdWrapUpd	Auto Update	CdWrapUpd	Enable/Disable the simplified wrap regen	
!CmAddPoints	Point	CmAddPoints	Create point by pop-up option	Select the locations for one or more points.  You can right-click to display a pop-up menu of point input options.
!CmBlComparator	Baseline Comparator	CmBlComparator	Baseline comparator	Import baseline file to compare toolpath.
!CmBlankSk	Blank Sketch	CmBlankSk	Blank sketch or text entity from setup	
!CmClNcViewer	CL/NC Viewer	CmClNcViewer	CL/NC Viewer	Import CL/NC file to display toolpath.
!CmDelSk	Delete Sketch	CmDelSk	Delete sketch or text entity from setup	You can also delete a sketch using the Erase icon on the CAM toolbar.
!CmInpBossAdd	CylBoss	CmInpBossAdd	CylBoss	
!CmInpChamfAdd	Chamfer	CmInpChamfAdd	Add Chamfer features	Right-click on a component in the CAM Plan Manager tree and select Add Feature. Select Chamfer from the popup list of CAM features.
!CmInpCrndAdd	Corner Round	CmInpCrndAdd	Add Corner Round features	Right-click on a component in the CAM Plan Manager tree and select Add Feature. Select Corner Round from the popup list of CAM features.
!CmInpFaceAdd	Planar Face	CmInpFaceAdd	Add Planar Face features	Right-click on a component in the CAM Plan Manager tree and select Add Feature. Select Planar Face from the popup list of CAM features.
!CmInpFlatAdd	Flat Region	CmInpFlatAdd	Add Flat Region features	Right-click on a component in the CAM Plan Manager tree and select Add Feature. Select part from the popup list of CAM features.
!CmInpHoleAdd	Hole	CmInpHoleAdd	Add Hole features	Right-click on a component in the CAM Plan Manager tree and select Add Feature. Select Hole from the popup list of CAM features.
!CmInpPockAdd	Pocket	CmInpPockAdd	Add Pocket features	Right-click on a component in the CAM Plan Manager tree and select Add Feature. Select Pocket from the popup list of CAM features.
!CmInpPoint	Point	CmInpPoint	Create point by pop-up option	Select the locations for one point. You can right-click to display a pop-up menu of point input options.
!CmInpProfAdd	Profile	CmInpProfAdd	Add Profile features	Right-click on a component in the CAM Plan Manager tree and select Add Feature. Select Profile from the popup list of CAM features.
!CmInpSlotAdd	Slot	CmInpSlotAdd	Add Slot features	Right-click on a component in the CAM Plan Manager tree and select Add Feature. Select Slot from the popup list of CAM features.
!CmInpSolidAdd	Solid	CmInpSolidAdd	Add Solid features	Right-click on a component in the CAM Plan Manager tree and select Add Feature. Select Solid from the popup list of CAM features.
!CmInpStepAdd	Step	CmInpStepAdd	Add Step features	Right-click on a component in the CAM Plan Manager tree and select Add Feature. Select Step from the popup list of CAM features.
!CmInpSurfAdd	Surface	CmInpSurfAdd	Add Surface features	Right-click on a component in the CAM Plan Manager tree and select Add Feature. Select Surface from the popup list of CAM features.
!CmInpToolAdd	Create Tool	CmInpToolAdd	Create tool	
!CmInpVector	Vector	CmInpVector	Create vector by pop-up option	Select the locations for one vector. You can right-click to display a pop-up menu of vector input options.
!CmLatheTool	Create Lathe Tool	CmLatheTool	Create lathe tool	
!CmOpBndList	Add Trim Boundary	CmOpBndList	Add Trim boundary	Select or edit the trim boundaries.
!CmOpGeomList	Add Operation Geometry	CmOpGeomList	Add operation Geometry	Add operation Geometry.
!CmOpSpdFdDetail	SpeedFeed Detail Setting	CmOpSpdFdDetail	Set speeds and feeds	
!CmOpTreeFav	Operation Tree Favorite	CmOpTreeFav	Customize favorite items	Customize favorite items for quick access.
!CmQmSrvCfg	QM Server Configure		QM server configure	
!CmShopSetting	Shop Setting		CAM tool manager	
!CmTpathAnalysis	Toolpath Analysis	CmTpathAnalysis	Toolpath analysis	Tool path analysis is to check the safety of the tool rail, which can be divided into collision and gouge. By setting relevant parameters and clicking the analysis command, the safety detection report of the tool rail can be output.
!CmTpathDivide	Tool Path Divide	CmTpathDivide	Tool Path Divide	Tool Path Divide
!CmTpathMirror	Tool Path Mirror	CmTpathMirror	Tool Path Mirror	Tool Path Mirror
!CmTpathMove	Tool Path Move	CmTpathMove	Tool Path Move	Tool Path Move
!CmTpathPattern	Tool Path Pattern	CmTpathPattern	Tool Path Pattern	Tool Path Pattern
!CmTpathScale	Tool Path Scale	CmTpathScale	Tool Path Scale	Tool Path Scale
!CmTpathTrim	Tool Path Trim	CmTpathTrim	Tool Path Trim	Tool Path Trim
!CmTpathVerify	Toolpath Verify		Toolpath Verify	Provide the ability to move forward or backward through a tool path.
!CmTrackingPnt	Tracking Point Selection	CmTrackingPnt	Tracking point selection	Selecte the tracking point option for lathe operation
!CmViewSto	New	CmViewSto	New view	
!CustomCLCmdAll	Custom CL Command	CustomCLCmdAll	Table for manage custom CL command	Manage for custom CL command,the Header Command is for at the start of CL command,the Ending Command is for the end of CL command,you can do operation like add,delete,modify,insert,copy,paste,move for rows
!DmAddBranch	Insert branch	DmAddBranch	Insert a new branch	Insert a new branch.
!DmAddBranch2	Insert branch	DmAddBranch2	Insert a new branch	Insert a new branch.
!DmAddDiameter	Diameter symbol	DmAddDiameter	Dimension add diameter symbol as prefix	Dimension add diameter symbol as prefix
!DmAddJogPnt	Insert jog point	DmAddJogPnt	Insert jog point	Insert jog point
!DmAddM	M symbol	DmAddM	Dimension add the symbol of M as prefix	Dimension add the symbol of M as prefix
!DmAddRadius	Radius symbol	DmAddRadius	Dimension add radius symbol prefix	Dimension add radius symbol prefix
!DmAll	Dimension	DmAll	Create a dimension	
!DmAll3D	Quick Dimension	DmAll3D	Create a dimension	
!DmAll3DPrf	Quick Dimension	DmAll3DPrf	Create a dimension	
!DmAng	Angular	DmAng	Create an angular dimension	
!DmAng3D	Angular	DmAng3D	Create an angular dimension	
!DmAngOrd	Angular Ordinate		Create a angular ordinate dimension	
!DmArc	Arc Length	DmArc	Create an arc length dimension	
!DmArc3D	Arc Length	DmArc3D	Create an arc length dimension	
!DmAt3DEntSet	Attributes	DmAt3DEntSet	Edit dimension attributes	
!DmAtEntGet	Attributes	DmAtEntGet	Get dimension attributes from entity	
!DmAtEntSet	Attributes	DmAtEntSet	Edit dimension attributes	
!DmAuto	Auto Dimension	DmAuto	Create auto dimensions for one view	
!DmBalloon	Balloon	DmBalloon	Create a balloon label dimension	It is useful for creating balloon text pointing to one or more drawing entities.
!DmCLExtDiff	Set Extension Individually		Set extension individually or not.	
!DmCenLin	Center Line	DmCenLin	Create center line dimension	
!DmCenLnCir	Center Mark Circle	DmCenLnCir	Create circular pattern of center mark dimensions	Place a centerline through a circular pattern such as bolt holes. Select the hole center locations and then middle-click to add the centerline.
!DmCenter	Center Mark	DmCenter	Create a center mark dimension	Create a center mark at an arc or circle.
!DmChmf	Linear Chamfer	DmChmf	Create a chamfer dimension	
!DmCvtRadDiam	Convert Radial/Diametric Dimension	DmCvtRadDiam	Convert radial/diametric dimension	
!DmDatum	Datum Feature	DmDatum	Create a Datum Feature	Enter the datum text string directly or right-click and select Editor to use the Text and Dimension Editor. Then specify the text point (P) to locate the symbol.
!DmDatumTc	Datum Target	DmDatumTc	Create a Datum Target Area	Specify the GD&T datum target text using the Text and Dimension Editor.Then select the datum circle point (P1) on any 2D entity to start the DTAS leader line and text point (P2).
!DmDelBranch	Delete branch	DmDelBranch	Delete branch	Delete branch.
!DmDelJogPnt	Delete jog point	DmDelJogPnt	Delete jog point	Delete jog point
!DmEditorUtil	Dimension Quick Edit	DmEditorUtil	Dimension quick edit	
!DmElevation	Elevation	DmElevation	Insert elevation	
!DmFCS	Feature Control		Create a feature control symbol	
!DmIntsectSym	Intersection Symbol	DmIntsectSym	Create an Intersection symbol	Create an intersection symbol and place it on your drawing sheet. The symbol is usually used to indicate the intersection point of two curves after the chamfer command is applied to them. If the number of intersection point is 2, the intersection point close to the picked point of the first picked entity will be drawn and another one will not be drawn.
!DmKillVar	Unlink Variable	DmKillVar	Unlink dimension from variable	Break the link between a sketch dimension and variable created with the Link Variable to Dimension command. The variable will not be deleted but will no longer drive the dimension to which it was linked.
!DmLabel	Label	DmLabel	Create a label dimension	They are useful for creating leader and balloon text pointing to one or more drawing entities.
!DmLabelOrd	Label Coordinate	DmLabelOrd	Create a label ordinate dimension	They are useful for creating leader ordinate dimension pointing to one or more drawing entities.
!DmLin	Linear	DmLin	Create a linear dimension	
!DmLin3D	Linear	DmLin3D	Create a linear dimension	
!DmLinGrp	Linear Group Dimension	DmLinGrp	Create a linear group dimension	
!DmLinOrd	Ordinate	DmLinOrd	Create an ordinate dimension	
!DmMagLine	Magnetic Line		Magnetic line	Drag the magnetic line, and the dimension that is attached by magnetic line will move with it. Use this command can quickly align the dimension.
!DmModAlign	Modify Text Alignment	DmModAlign	Align dimension text	Align the position of a dimension with another dimension.
!DmModAng	Modify an Angular Dimension	DmModAng	Modify an angular dimension	
!DmModAngOrd	Modify an Ordinate Dimension	DmModAngOrd	Modify an ordinate dimension	
!DmModArc	Modify an Arc Length Dimension	DmModArc	Modify an arc length dimension	
!DmModBlnTxtStr	Modify Dimension	DmModBlnTxtStr	Modify dimension text string and attributes	Use this command at the Drawing Sheet Level to modify a dimension&apos;s text string and attributes. This command replaces the dimension value with user text.
!DmModCenter	Modify a Center Mark	DmModCenter	Modify a center mark	
!DmModChmf	Modify a Chamfer Dimension	DmModChmf	Modify a chamfer dimension	
!DmModCoordStr	Modify Dimension	DmModCoordStr	Modify dimension text string and attributes	Use this command to modify a dimension&apos;s text string and attributes.
!DmModDLAdd	Add Dimension Dogleg		Add dimension dogleg	
!DmModDLDel	Remove Dogleg Points	DmModDLDel	Remove dogleg points	
!DmModDatum	Modify a Datum Dimension	DmModDatum	Modify a datum dimension	
!DmModDogLeg	Modify Dogleg	DmModDogLeg	Modify dimension dogleg	Select the extension line to modify, followed by the points to locate the dogleg.
!DmModEleva	Modify Elevation Dimension	DmModEleva	Modify an elevation dimension	
!DmModFCS	Modify a feature symbol	DmModFCS	Modify a feature symbol dimension	
!DmModGrpAdd	Add to Group	DmModGrpAdd	Insert dimension to a chain dimension	Select a dimension in the group and then specify a point to add a dimension to.
!DmModGrpBLine	Convert Baseline Group	DmModGrpBLine	Convert baseline chain dimension to continuous chain dimension	
!DmModGrpConv	Convert Continuous Group	DmModGrpConv	Convert continuous chain dimension to baseline chain dimension	
!DmModGrpDel	Remove from Group	DmModGrpDel	Remove dimension from a chain dimension	
!DmModGrpDelAll	Delete all		Delete all	
!DmModGrpExp	Explode Group	DmModGrpExp	Explode group dimension	Explode a dimension group back into its individual dimensions. First select the dimension group and then middle-click to explode it.
!DmModGrpInd	Independent from Group	DmModGrpInd	Independent dimension from a chain dimension	
!DmModHoleStr	Modify Text	DmModHoleStr	Modify hole callout  text string	Use this command at the Drawing Sheet Level to modify a dimension&apos;s text string. This command replaces the dimension value with user text.
!DmModLabel	Modify a label dimension	DmModLabel	Modify a label dimension	
!DmModLin	Modify a Linear Dimension	DmModLin	Modify a linear dimension	
!DmModLinGrp	Modify a Baseline or a Continuous Dimension	DmModLinGrp	Modify a baseline or a continuous dimension	
!DmModLinOrd	Modify an Ordinate Dimension	DmModLinOrd	Modify an ordinate dimension	
!DmModLinToLH	Horizontal Alignment	DmModLinToLH	Modify a linear dimension display type to horizontal alignment	
!DmModLinToLP	Line Alignment	DmModLinToLP	Modify a linear dimension display type to line alignment	
!DmModLinToLV	Vertical Alignment	DmModLinToLV	Modify a linear dimension display type to vertical alignment	
!DmModOff	Modify an Offset Dimension	DmModOff	Modify an offset dimension	
!DmModPts	Modify Dimension Points	DmModPts	Modify dimension points	
!DmModRadDia	Modify a Radial Dimension	DmModRadDia	Modify a radial dimension	
!DmModSym	Modify a Symmetry Dimension	DmModSym	Modify a symmetry dimension	
!DmModTol	Modify Tolerance	DmModTol	Modify dimension tolerance	Modify the tolerance displayed for a dimension on a drawing sheet. First select the dimension to modify. Then select the tolerance type icon and enter the tolerance value.
!DmModTxtPt	Modify Text Point	DmModTxtPt	Modify dimension text point	Modify the text point location of a dimension. The dimension text and extension lines will adapt accordingly.
!DmModTxtStr	Modify Dimension	DmModTxtStr	Modify dimension text string and attributes	Use this command to modify a dimension&apos;s text string and attributes. This command replaces the dimension value with user text.
!DmModTxtStrDT	Modify Dimension	DmModTxtStrDT	Modify dimension text string and attributes	Use this command to modify a dimension&apos;s text string and attributes.
!DmNotToScale	Not-to-scale Dimensions	DmNotToScale	Show not-to-scale dimensions	By default, the dimensions are temporarily displayed in red. You can change the color using the option provided.
!DmOff	Linear Offset	DmOff	Create an offset dimension	Projected Distance Method, Create a linear dimension that is the projected distance from a point perpendicular to a line.
!DmOff3D	Linear Offset	DmOff3D	Create an offset dimension	Projected Distance Method, Create a linear dimension that is the projected distance from a point perpendicular to a line.
!DmOrdAutoSort	Auto Sort	DmOrdAutoSort	Auto sort	Auto sort
!DmOrdMerge	Merge Same Dimensions		Merge same dimensions	
!DmOrdSplit	Split Same Dimensions		Split same dimensions	
!DmPerimeter	Perimeter	DmPerimeter	Create a perimeter dimension	
!DmPrimUnit1	Precision 0.	DmPrimUnit1	Set the precision of the dimension.	Set the precision of the dimension.
!DmPrimUnit10	Precision X/8	DmPrimUnit10	Set the precision of the dimension.	Set the precision of the dimension.
!DmPrimUnit11	Precision X/16	DmPrimUnit11	Set the precision of the dimension.	Set the precision of the dimension.
!DmPrimUnit12	Precision X/32	DmPrimUnit12	Set the precision of the dimension.	Set the precision of the dimension.
!DmPrimUnit2	Precision 0.0	DmPrimUnit2	Set the precision of the dimension.	Set the precision of the dimension.
!DmPrimUnit3	Precision 0.00	DmPrimUnit3	Set the precision of the dimension.	Set the precision of the dimension.
!DmPrimUnit4	Precision 0.000	DmPrimUnit4	Set the precision of the dimension.	Set the precision of the dimension.
!DmPrimUnit5	Precision 0.0000	DmPrimUnit5	Set the precision of the dimension.	Set the precision of the dimension.
!DmPrimUnit6	Precision 0.00000	DmPrimUnit6	Set the precision of the dimension.	Set the precision of the dimension.
!DmPrimUnit7	Precision 0	DmPrimUnit7	Set the precision of the dimension.	Set the precision of the dimension.
!DmPrimUnit8	Precision X/2	DmPrimUnit8	Set the precision of the dimension.	Set the precision of the dimension.
!DmPrimUnit9	Precision X/4	DmPrimUnit9	Set the precision of the dimension.	Set the precision of the dimension.
!DmPrimUnitA	Precision second	DmPrimUnitA	Set the precision of the dimension.	Set the precision of the dimension.
!DmRadDia	Radial/Diametric	DmRadDia	Create a radial dimension	
!DmRadDia3D	Radial/Diametric	DmRadDia3D	Create a radial dimension	
!DmRefToggle	Toggle Reference	DmRefToggle	Toggle dimension reference status On/Off	Select a dimension to toggle it to/from a reference dimension. Reference dimensions are displayed in ( ).
!DmRotCenter	Rotate Center Mark	DmRotCenter	Rotate a center mark dimension	You can place center marks at the center of arcs and circles. You can use this command to rotate those center marks toward a specified point.
!DmSetVar	Link to Variable	DmSetVar	Link dimension to a local sketch variable	Create the variable with the Equations(Edit > Equations...) command and then use this command to link it to a dimension.
!DmStack	Stack Balloons		Stack Balloons	
!DmStackDown	Stack Down		Stack Down	
!DmStackLeft	Stack Left		Stack Left	
!DmStackRight	Stack Right		Stack Right	
!DmStackSort	Sort Stack Balloons		Sort Stack Balloons	
!DmStackUp	Stack Up		Stack Up	
!DmSwitchDLMod	Switch Dogleg	DmSwitchDLMod	Switch dogleg	Switch dogleg
!DmSym	Symmetry	DmSym	Create a symmetry dimension	
!DmSym3D	Symmetry	DmSym3D	Create a symmetry dimension	
!DmTextBox	Basic	DmTextBox	Add text box to the dimension.	Add text box to the dimension.
!DmTextBrackets	Reference	DmTextBrackets	Add reference dimension flag to the dimension.	Add reference dimension flag to the dimension.
!DmTextUline	Not to scale	DmTextUline	Add not to scale flag to the dimension.	Add not to scale flag to the dimension.
!DmTolFmt1	No tolerance	DmTolFmt1	set the dimension tolerance format as no tolerance	set the dimension tolerance format as no tolerance
!DmTolFmt2	Limit tolerance	DmTolFmt2	Select dimension to set the tolerance format as limit tolerance	Select dimension to set the tolerance format as limit tolerance
!DmTolFmt3	Unequal tolerance	DmTolFmt3	Select dimension to set the tolerance format as unequal format	Select dimension to set the tolerance format as unequal format
!DmTolFmt4	Equal tolerance	DmTolFmt4	Select dimension to set the tolerance format as equal tolerance	Select dimension to set the tolerance format as equal tolerance
!DmWeakToggle	Switch to Driving Dimension	DmWeakToggle	Toggle dimension weak status Off	Convert a weak dimension into a driving dimension.
!FtAllBox	Block	FtAllBox	Block Shape	Create a Box QuickShape feature. The standard Base, Add, Remove and Intersect methods are supported and you can use Center or Corner positioning.
!FtAllCone	Cone	FtAllCone	Cone Shape	You can let the R2 default to zero to create a cone or specify it to create a frustum.
!FtAllCyl	Cylinder	FtAllCyl	Cylinder Shape	Create a Cylinder QuickShape feature.  Optionally, you can align the cylinder with a plane.
!FtAllEllso	Ellipsoid	FtAllEllso	Ellipsoid shape	Select the ellipsoid center point (P). You can drag the preview echo of the ellipsoid to locate the center point or right-click to select additional input options.Then specify the length of the ellipsoid along the x, y and z axes.
!FtAllExt	Extrude	FtAllExt	Extruded shape	Select a profile (P) to extrude or middle-click to Create a Feature Sketch. Then specify the start (S) and end (E) of the extruded feature.
!FtAllExtSMD	Extrude	FtAllExtSMD	Extruded shape	Create extruded sheet metal features. Select a profile (P) to extrude and Specify the start (S) and end (E) of the extruded feature.
!FtAllLft	Loft	FtAllLft	Lofted shape	Select the profiles (P) in the order you want to loft them making sure that the arrows are pointing in the same direction.
!FtAllLft1	Loft	FtAllLft1	Lofted shape	Select the profiles (P) in the order you want to loft them making sure that the arrows are pointing in the same direction.
!FtAllRev	Revolve	FtAllRev	Revolved shape	Select profile (P) to revolve or middle-click to Create a Feature Sketch. Specify the revolve axis (A). You can select a line or right-click for additional input options. Then specify the start angle (S)and end angle (E) of the revolved feature.
!FtAllSph	Sphere	FtAllSph	Spherical Shape	Create a Sphere QuickShape feature.  You can create a base feature or add, remove or intersect the sphere with the active part.
!FtAllSub	Merge	FtAllSub	Merge component shape with active part	Create a base shape (using the Base option) or feature (using the Add, Remove or Intersect options) from a component.
!FtAllSwp1	Sweep	FtAllSwp1	Swept shape	Select profile (P1) to sweep or middle-click to Create a Feature Sketch.  Path (P2) support wireframe, edges and sketch geometry. Multiple wireframe entities can be selected by Right-click > Insert curve list.  The path must be tangentially continuous.
!FtAllSwpVar	Var Sweep	FtAllSwpVar	Create variational swept solid	Create a variational feature by sweeping an open or closed profile along a path.  The sweep path can be wireframe geometry, a face edge, a sketch or a curve list.
!FtAllThrds	Thread	FtAllThrds	Create threads	Create a threaded shape feature by revolving a closed profile (P) about a cylindrical face (F). Specify the number of turns (T) and the distance (D) along the axis for each turn. It can be used to make thread features or any other shape that is revolved in a linear direction.
!FtAssemChamfers	Chamfer	FtAssemChamfers	Assembly Chamfer	Select the edges (E) to chamfer. Then specify chamfer setback distance (S).
!FtAssemCut2	Cut	FtAssemCut2	Cut assembly	Cut one or more assembly components with assembly shapes. First select the components (B) to be cut followed by the cutting shapes (C).
!FtAssemCut3	Cut	FtAssemCut3	Cut assembly	Cut one or more assembly components with assembly shapes. First select the components (B) to be cut followed by the cutting shapes (C).
!FtAssemCut4	Cut	FtAssemCut4	Cut assembly	Cut one or more assembly components with assembly shapes. First select the components (B) to be cut followed by the cutting shapes (C).
!FtAssemFillet	Fillet	FtAssemFillet	Assembly Fillet	Select the edges (E) and radius (R) to fillet. It used to create a wide variety of constant and variable fillets and corner blends.
!FtAssemHole	Hole	FtAssemHole	Assembly hole	Generate hole feature in assembly in specific location and direction.
!FtBoolAdd	Add Multiple Shapes	FtBoolAdd	Add multiple shapes	
!FtBoolAll	Combine	FtBoolAll	Combine shapes	
!FtBoolIsect	Intersect Shape	FtBoolIsect	Intersect shape	
!FtBoolRm	Remove Shape	FtBoolRm	Remove shape	
!FtBoolSoloAdd	Add Shape	FtBoolSoloAdd	Add shape	
!FtBoolSoloIsect	Intersect Shape	FtBoolSoloIsect	Intersect shape	
!FtBoolSoloRm	Remove Shape	FtBoolSoloRm	Remove shape	
!FtBridgeSrf	Blend Face	FtBridgeSrf	Blend face	Create a blend face that bridges two edges. Optional boundary constraints can be provided to generate a smooth blend across each open edge.
!FtCCCircle	Circular Bi Rail	FtCCCircle	Create circular surface	Create a face of circular cross-section between two sets of path curves (P1)(P2).  The radii (R) of the cross-sections are determined by the creation method and are used to define a circle that intersects both boundary curves.
!FtCCCircle1	Circular Bi Rail	FtCCCircle1	Create circular surface	Create a face of circular cross-section between two sets of path curves (P1)(P2).  The radii (R) of the cross-sections are determined by the creation method and are used to define a circle that intersects both boundary curves.
!FtCCConic	Conic Bi Rail	FtCCConic	Create conic surface	Create a face with conic cross-sections between two path curves (P1)(P2).  The radii of the cross-sections are determined by the creation method.
!FtCCConic1	Conic Bi Rail	FtCCConic1	Create conic surface	Create a face with conic cross-sections between two path curves (P1)(P2).  The radii of the cross-sections are determined by the creation method.
!FtCCCurveMult	Bi Rail Loft	FtCCCurveMult	Create free-form surface	Select the first and second path curve, one or more cross-section profiles (P). Use this command to create a bi-rail loft face between two path curves and that passes through one or more cross-section curves.
!FtCCCurveMult1	Bi Rail Loft	FtCCCurveMult1	Create free-form surface	Select the first and second path curve, one or more cross-section profiles (P). Use this command to create a bi-rail loft face between two path curves and that passes through one or more cross-section curves.
!FtCCLine	Ruled	FtCCLine	Create ruled surface	Create a ruled face with linear cross-sections between two path curves (P1)(P2).
!FtChamfers	Chamfer	FtChamfers	Chamfer	Select the edges (E) to chamfer. Then specify chamfer setback distance (S).
!FtChamfers2	Chamfer	FtChamfers2	Chamfer	Select the edges (E) to chamfer. Then specify chamfer setback distance (S).
!FtCrTrimPln	Trimmed Plane	FtCrTrimPln	Create a trimmed plane	Select the boundary curves (C). Select a datum plane or planar face (F) to project the curves onto prior to creating the planar face. The curves must form a closed loop in order to create the planar face.
!FtCrossTrim	Cross Trim	FtCrossTrim	Cross trim between faces	Trim faces with faces and curves.
!FtCurveBend	Curved Bend	FtCurveBend	Curved bend	Use this command to bend a shape with curve.
!FtCylBend	Cylindrical Bend	FtCylBend	Cylindrical bend	Use this command to bend a shape into cylindrical shape.
!FtDeDraft	DE Draft	FtDeDraft	Direct edit draft	Select the faces to draft about and specify the draft angle.
!FtDeMirror	DE Mirror	FtDeMirror	Direct edit mirror	
!FtDeOffset	DE Face Offset	FtDeOffset	Direct edit offset face	Select the faces (F) to offset. Specify the offset value (T) . A negative value indicates an internal offset. A positive value indicates an external offset.
!FtDePtn	DE Pattern	FtDePtn	Direct edit pattern	
!FtDesignArea	Strip Line	FtDesignArea	Design an area	Create an area using some closed curves on the shape. All the selected curves and points should lie on the same shape.
!FtDivFcsToCvs	Split with Curves	FtDivFcsToCvs	Split faces at curves	Split a face or shape at a curve or set of curves.
!FtDome	Dome	FtDome	Dome	Select a base profile (B) to define the dome. The profile can be a sketch, curve, face edge or a curve list. Then enter the crown height (H).
!FtDraft	Draft	FtDraft	Draft	
!FtDraftAll	Draft	FtDraftAll	Draft	Select the entities (D) to draft about and specify the draft angle (A). Select the reference plane (P) whose Z-axis will determine the draft direction. If a datum plane is selected for the Draft about input, use draft side (S) to specify which side to draft.
!FtDraftAngChk	Check Draft	FtDraftAngChk	Check faces for draft angle violations	Check faces to determine if they meet a given draft angle based on an extract direction. Curves on the face(s) are created to indicate the region of the face that is less than the given draft angle.
!FtDraftEdg	Draft	FtDraftEdg	Draft faces about a neutral edge	
!FtDraftPlnAbs	Draft about Neutral Plane	FtDraftPlnAbs	Draft faces about a neutral plane	
!FtDraftPro	Asymmetrical Draft	FtDraftPro	Asymmetrical Draft	
!FtEdMerge	Concatenate	FtEdMerge	Concatenate edges	Concatenate (merge) compatible adjacent (i.e., sequential) edges on faces.
!FtEdSplit	Split Edge	FtEdSplit	Split an edge	Split the edge of a face at a selected point. Select the face edge (E) and then select the split point (P).
!FtExtStock2	Stock	FtExtStock2	Create extruded stock	Create an extruded stock feature that completely encloses a single face or the entire shape of the active part. By default, the size of the stock equals the extents of the shape.
!FtFaceFllt	Face Fillet	FtFaceFllt	Face fillet	Select the faces and radius (R) to fillet.
!FtFillet	Fillet	FtFillet	Fillet	Select the edges (E) and radius (R) to fillet. It used to create a wide variety of constant and variable fillets and corner blends.
!FtFillet2	Fillet	FtFillet2	Fillet	Select the edges (E) and radius (R) to fillet. It used to create a wide variety of constant and variable fillets and corner blends.
!FtFlltConst2	Fillet	FtFlltConst2	Fillet	Select the edges (E) and radius (R) to fillet. It used to create a wide variety of constant and variable fillets and corner blends.
!FtFlltSrfSets	Fillet Open Faces	FtFlltSrfSets	Create face fillet feature	Create a fillet between two faces or shapes.
!FtGapFill	Fill Gap	FtGapFill	Fill a gap	This command fills open gaps between faces. The gaps must be bordered by a closed loop of open edges. If the edges are not coplanar, a ruled face is created. If the edges are coplanar, a planar face with trim loops is created.
!FtHoleAsgn	Flag Holes	FtHoleAsgn	Assign hole data to cylindrical faces	Assign hole attributes to a hole shaped region created by a non-hole feature such as imported geometry, a Boolean remove, a cylinder or a revolved notch. After using this command the region is treated as a hole feature. It will have a centerline, threads, and center mark in a drawing sheet and will be added to any future hole tables.
!FtHoleMain	Hole	FtHoleMain	Create hole feature	Simple, tapered, counterbore, countersink and spot face holes are supported with different end type options including blind, until face and through all.
!FtInlay	Inlay	FtInlay	Inlay curves	Select one or more faces (F) to receive the Inlay. Select the complete list of curves (C) that lie on the faces. Specify the Offset distance (D). Positive raises the faces while negative sinks the faces.
!FtLip	Lip	FtLip	Lip feature	Create a constant lip feature along selected edges (E) based on two offset distances (D1)(D2).
!FtMirrorAll	Mirror	FtMirrorAll	Mirror an entity	
!FtMirrorFtr	Mirror Feature	FtMirrorFtr	Mirror a feature	
!FtMirrorGeom	Mirror Geometry	FtMirrorGeom	Mirror an entity	
!FtMrgeRevPitch	Spiral Sweep	FtMrgeRevPitch	Create spiral solid	Select profile (P) for the spiral solid, the spiral axis (A).Specify the number of turns (T) and the distance (D) along the axis for each turn. This can be used to make threads or any other shape that is revolved in a linear direction such as springs and coils.
!FtMrgeRevPitch2	Spiral Sweep	FtMrgeRevPitch2	Create spiral solid	Select profile (P) for the spiral solid, the spiral axis (A).Specify the number of turns (T) and the distance (D) along the axis for each turn. This can be used to make threads or any other shape that is revolved in a linear direction such as springs and coils.
!FtOffsetFace	Face Offset	FtOffsetFace	Offset a face	Select the faces (F) to offset. Specify the offset value (T) . A negative value indicates an internal offset. A positive value indicates an external offset.
!FtOffsetFace1	Face Offset	FtOffsetFace1	Offset a face	Select the faces (F) to offset. Specify the offset value (T) . A negative value indicates an internal offset. A positive value indicates an external offset.
!FtOffsetSurf	Offset	FtOffsetSurf	Create offset face	Create a new face offset from a face at a specified distance.
!FtOffsetSurf1	Offset	FtOffsetSurf1	Create offset face	Create a new face offset from a face at a specified distance.
!FtPtnAll	Pattern	FtPtnAll	Pattern array	
!FtPtnElectrode	Pattern Electrode	FtPtnElectrode	Pattern electrode	
!FtPtnFtr	Pattern Feature	FtPtnFtr	Pattern feature	
!FtPtnGeom	Pattern Geometry	FtPtnGeom	Pattern array	
!FtPunch	Punch	FtPunch	Perform a Punch operation between two shapes	Perform a punch operation between solids (B) and open shapes (P). This thickness (T) represents the shell offset.
!FtReferenceCut	Cut		Reference cut	
!FtRib	Rib	FtRib	Create Rib feature	Select an open sketch defining the rib profile (P1) or middle-click to Create a Feature Sketch. Specify the rib thickness (W). Enter the draft angle (A). Specify the rib boundary faces (B). If a draft angle was specified, select the draft plane (P2).
!FtRibNet	Rib Network	FtRibNet	Create network of ribs	Select the profile (P) for the rib feature and enter the thickness  (W) for this profile. Select the start (S) and all boundary faces (E) where the ribs will intersect the part.
!FtRibNet1	Rib Network	FtRibNet1	Create network of ribs	Select the profile (P) for the rib feature and enter the thickness  (W) for this profile. Select the start (S) and all boundary faces (E) where the ribs will intersect the part.
!FtRoughOffset	Rough Offset	FtRoughOffset	Create rough offset face	Create a new face roughly offset from selected faces at a specified distance.
!FtSelfX	Resolve SelfX	FtSelfX	Tie off self intersections	Remove self intersections and inverted regions (including inverted inner loop cases) on selected faces as well as can be done.
!FtSfInvert	Invert Loops	FtSfInvert	Invert loops of a face	Create a face by inverting the trim loops (E) of a face.
!FtSfMeshProf	Curve Mesh	FtSfMeshProf	Create a face from a mesh of curves	Create a face by blending through a mesh of U and V curves. The curves must intersect but do not have to be coincident at their end points.
!FtSfMeshProf1	Curve Mesh	FtSfMeshProf1	Create a face from a mesh of curves	Create a face by blending through a mesh of U and V curves. The curves must intersect but do not have to be coincident at their end points.
!FtSfMultSwp	Drive Curve Loft	FtSfMultSwp	Create loft surface with a drive curve	Select the drive curve (C) and the profiles (P) to loft. Use this command to create a shape by lofting (blending) faces through a series of profiles.
!FtSfMultSwp1	Drive Curve Loft	FtSfMultSwp1	Create loft surface with a drive curve	Select the drive curve (C) and the profiles (P) to loft. Use this command to create a shape by lofting (blending) faces through a series of profiles.
!FtSfNPatch	N-sided	FtSfNPatch	Create a n-sided surface patch feature	Create a face by patching across 3 or more profiles. The profiles can be wireframe geometry, sketches, or face edges.
!FtSfSplit	Split with Faces	FtSfSplit	Split faces with faces	Split a face or shape where it intersects with another face, shape, or datum planes.
!FtSfTrim	Trim to Faces	FtSfTrim	Trim faces to faces	Trim away part of a face or shape where it intersects with other faces, shapes, and/or datum planes.
!FtSfUntrim	Delete Loop	FtSfUntrim	Delete face trim loops	
!FtShapeMod	Morph with Point	FtShapeMod	Morph shape	The transformation is performed by grabbing a point on a face and dragging it in different ways.
!FtShapeMod2	Morph with Curve	FtShapeMod2	Morph shape	The transformation is performed by grabbing a point on a face and dragging it in different ways.
!FtShapeModCrv	Morph to Curve	FtShapeModCrv	Morph curve to curve	This command allows you to grab a curve on a model and morph it to a destination curve.  The surfaces near the curve are modified.
!FtShapeModOff	Morph by Offset	FtShapeModOff	Morph curve by offset	This command allows you to grab a curve on a shape and offset it rather than move it.  Again, the surfaces near the curve are dragged just as surfaces near a point are.  Select the curve and then enter or drag the offset.
!FtShell	Shell	FtShell	Create shell from shape	Select the shape (S) to shell. Specify the shell thickness (T) . A negative value indicates an internal offset. A positive value indicates an external offset. Select which faces (O) if any should be deleted from offset consideration or middle-click to skip this option.
!FtShell1	Shell	FtShell1	Create shell from shape	Select the shape (S) to shell. Specify the shell thickness (T) . A negative value indicates an internal offset. A positive value indicates an external offset. Select which faces (O) if any should be deleted from offset consideration or middle-click to skip this option.
!FtShrink	Vol Offset	FtShrink	Volume offset	Select the shapes (S) to offset. Specify the offset value (T) . A negative value indicates an internal offset. A positive value indicates an external offset. Select which faces (F) if any should be offseted or middle-click to skip this option.
!FtShrink1	Vol Offset	FtShrink1	Volume offset	Select the shapes (S) to offset. Specify the offset value (T) . A negative value indicates an internal offset. A positive value indicates an external offset. Select which faces (F) if any should be offseted or middle-click to skip this option.
!FtSmtSrf	Fillet Blend	FtSmtSrf	Fillet blend	Create an intelligent blend face. You can right-click and select Make Curve List to make a parametric list of existing curves.
!FtSolidDiv	Divide Multiple Shapes	FtSolidDiv	Divide multiple shapes	Divide a solid or open shape (B) where it intersects with faces, shapes, or datum planes (C). The result will be two distinct solids or shapes.
!FtSolidSoloDiv	Divide	FtSolidSoloDiv	Divide shape	Divide a solid or open shape (B) where it intersects with faces, shapes, or datum planes (C). The result will be two distinct solids or shapes.
!FtSolidSoloTrm	Trim	FtSolidSoloTrm	Trim shape	Trim away part of a solid or open shape (B) where it intersects with faces, shapes, and/or datum planes (T). The arrows (S) indicate the side to keep.
!FtSolidTrim	Trim Multiple Shapes	FtSolidTrim	Trim multiple shapes	Trim away part of a solid or open shape (B) where it intersects with faces, shapes, and/or datum planes (T). The arrows (S) indicate the side to keep.
!FtSpatula	Replace	FtSpatula	Replace faces	Replace one or more faces of a solid or shape (B) with another face or shape (R).
!FtStaticShpCut	Cut		Cut	Cut
!FtStockCam	Add Stock		Insert a new stock	
!FtStretch	Stretch	FtStretch	Stretch	Use this command to stretch a shape.
!FtSubMerge	Merge	FtSubMerge	Merge components with active part	
!FtTaper	Taper	FtTaper	Taper	Use this command to taper a shape into tapered shapes.
!FtThicken	Thicken	FtThicken	Create solid shape from a set of faces	Select the region (R) to thicken. Specify the thicken thickness (T) . A negative value indicates an internal offset. A positive value indicates an external offset.
!FtTorBend	Toroidal Bend	FtTorBend	Toroidal bend	Use this command to bend a shape into toroidal shape.
!FtTrimFcsToCvs	Trim to Curves	FtTrimFcsToCvs	Trim faces to curves	Trim a face or shape to a curve or set of curves.
!FtTwist	Twist	FtTwist	Twist	Use this command to twist a shape into spiral shape.
!FtTwkFllt	Modify Fillets	FtTwkFllt	Modify Fillet	
!FtTwkHole	Modify Holes	FtTwkHole	Modify holes	
!FtTwkRad	Modify Radius	FtTwkRad	Modify Radius	
!FtWrapCrv	Wrap on Face	FtWrapCrv	Wrap curve on surface	Use this command to "wrap" curves onto a part face.It is perfect for placing logo on a part.
!FtWrapPtn	Wrap Pattern to Faces	FtWrapPtn	Wrap pattern to faces	Use this command to pattern the shapes, curves, points or blocks in two directions and then wrap the pattern onto the specified face. Support three methods to wrap shape to face. You can also scale the pattern or adjust the number and spacing of instances.
!FtWrapShp	Wrap to Faces	FtWrapShp	Wrap to faces	Use this command to map and morph a set of geometries to a set of faces. These geometries should be on a plane. This is useful for placing a 3D logo onto a set of faces.
!OpdefAreaMill	Area Mill	OpdefAreaMill	Area Mill	The Area Mill operation uses selected faces as drive geometry. Specify part geometry and cut area, Edit containment method and region pattern to create toolpath. Recommanded for finishing specific areas.
!PipConPoint	Create Connect Point			
!PipInstPoint	Create Insert Point			
!PipRouteLine	Create Route Line			
!PipSetSupType	Set Support Type			
!PipVerifyStdPart	Routing Standard Part Verify		Routing standard part verify	Routing standard part verify
!SmdBendInfo	Show Bend Info	SmdBendInfo	Display bend Info	Use the Sheet Metal Attributes Form to set the default values for these attributes. Middle-click to display the Bend Information Form and to select additional bends.
!SmdCloseCorner	Close Corner	SmdCloseCorner	Close adjacent corner	Extend sheet metal flanges to form a closed corner. Select face edges (E1)(E2) to close.
!SmdClsCrnerList	Close Corner	SmdClsCrnerList	Close adjacent corner	Extend sheet metal flanges to form a closed corner. Select face edges (E1)(E2) to close.
!SmdDimple	Dimple	SmdDimple	Create a dimple feature	Create one or more raised dimple features in a sheet metal part.  The dimple(s) can be placed on any flat face including flanges and will extend in the direction of the face.
!SmdLouver	Louver	SmdLouver	Create a louver feature	Create one or more louver features in a sheet metal part.  The louver(s) can be placed on any flat face including flanges and will extend in the direction of the face.
!SmdNormalCut	Normal Cut	SmdNormalCut	Normal cut sheet metal	Project a profile onto the sheet metal, then cut perpendicular to faces intersected by the projection.
!SmdPunch	Punch	SmdPunch	Perform a Punch operation between two shapes	Perform a punch operation between solids (B) and open shapes (P). This thickness (T) represents the shell offset.
!SmdSetStatFc	Set Stationary Face	SmdSetStatFc	Set stationary face	This face remains stationary when the part is folded or unfolded. If this command is not used, the default stationary face will be the face with the largest surface area. You can also set or change the stationary face during the Fold and Unfold Sheet Metal Part commands.
!WdFilletWeld	Fillet Weld	WdFilletWeld	Fillet weld	Fillet weld.
!WdGrooveWeld	Groove Weld	WdGrooveWeld	Groove weld	Groove weld.
!WdPlugWeldMulti	Plug/Slot Weld	WdPlugWeldMulti	Plug/slot weld	Plug/slot weld.
!WdSpotWeld	Spot Weld	WdSpotWeld	Spot weld	Spot weld.
!WrCrArcChn	Arc Segments	WrCrArcChn	Create arcs connected tangentially	Create a chain of tangent arcs attached end-to-end. First select a start point and the start tangent angle of the first arc. Then select end points where the arcs are connected.
!WrCrArcCon3D	Concentric Arc	WrCrArcCon3D	Create concentric arc	Create an arc that is concentric to an existing arc, equal to its arc angle, and at a specified radius.
!WrCrArcs	Arc	WrCrArcs	Create arc	
!WrCrArcs3D	Arc	WrCrArcs3D	Create arc	
!WrCrAxis	Axis	WrCrAxis	Create aixs	
!WrCrBndBox	View Bounding Box	WrCrBndBox	Create Bounding Box	Create bounding box geometry around one or more 3D layout views. This can be helpful if you want to see a view&apos;s extents or "foot print."
!WrCrCircles	Circle	WrCrCircles	Create circle	
!WrCrCircles3D	Circle	WrCrCircles3D	Create circle	
!WrCrDblLine	Double Line	WrCrDblLine	Create a double-line	Create a multi segmented double line attached end-to-end. You can enter the right and left-hand width of the double lines as measured from an imaginary line between the points.
!WrCrEllp3D	Ellipse	WrCrEllp3D	Create 3D ellipse	Create an ellipse that lies on a planar face or datum plane.
!WrCrElps	Ellipse	WrCrElps	Create an ellipse	
!WrCrHat2D	Cross Hatch	WrCrHat2D	Create a cross hatch	Select the entities that define a closed boundry.Then pick a point that indicates the area to hatch.
!WrCrLines	Line	WrCrLines	Create line	
!WrCrLines3D	Line	WrCrLines3D	Create line	
!WrCrLnPoly	Polyline	WrCrLnPoly	Create poly line	Create a multi-segmented lines attached end-to-end, also referred to as "polylines."
!WrCrLnPoly3D	Polyline		Create poly line	Create a multi-segmented lines attached end-to-end, also referred to as "polylines."
!WrCrNgons	Polygon	WrCrNgons	Create a polygon	
!WrCrParabP3	3 Point Conic	WrCrParabP3	Create a conic with 3 control points	Select the start point and the end point for the conic curve. Then select how the third point is specified. Specify a tangent point. The conic curve will remain tangent between the start/end points and the tangent point. Specify a shoulder point. The conic curve will pass through this point.
!WrCrParabP3D	3 Point Conic Curve	WrCrParabP3D	Create a conic with 3 control points	Select the start point and the end point for the conic curve. Then select how the third point is specified. Specify a tangent point. The conic curve will remain tangent between the start/end points and the tangent point. Specify a shoulder point. The conic curve will pass through this point.
!WrCrParabP3DPrf	3 Point Conic Curve	WrCrParabP3DPrf	Create a conic with 3 control points	Select the start point and the end point for the conic curve. Then select how the third point is specified. Specify a tangent point. The conic curve will remain tangent between the start/end points and the tangent point. Specify a shoulder point. The conic curve will pass through this point.
!WrCrPolygon3D	Polygon	WrCrPolygon3D	Create polygon	
!WrCrPtPop	Point	WrCrPtPop	Create point by pop-up option	Select the locations for one or more points.  You can right-click to display a pop-up menu of point input options.
!WrCrPtPop3D	Point	WrCrPtPop3D	Points by pop-up option	Create points at selected locations.
!WrCrRect3D	Rectangle	WrCrRect3D	Create 3D rectangle	Create a rectangle that lies on a planar face or datum plane.
!WrCrRects	Rectangle	WrCrRects	Create a rectangle	
!WrCrSlot	Slot	WrCrSlot	Create a slot from two center points and a radius	Create a 2D slot by selecting two points (P1)(P2) and defining the radius (R) or diameter (D).
!WrCrSpline	Spline	WrCrSpline	Create a curve through points or control points.	Create a curve by defining a series of points which the curve will pass by. Or create a curve by defining a series of control points. The curve will begin with the first control point and end at the last control point. The points between the first and the last ones will control the curve&apos;s shape.
!WrCrSpline3D	Spline	WrCrSpline3D	Create a curve through points or control points.	Create a curve by defining a series of points which the curve will pass by. Or create a curve by defining a series of control points. The curve will begin with the first control point and end at the last control point. The points between the first and the last ones will control the curve&apos;s shape.
!WrHatRegen	Update Cross Hatch	WrHatRegen	Regen a crosshatch entity	It redefines the boundary of a hatch pattern.
!WrInqArc3P	Arc	WrInqArc3P	Inquire arc data	Select points and display arc data such as radius, included angle, center, and normal.  You can use this command to check the theoretical arc data for three random points.
!WrInqArc3P-2D	Arc	WrInqArc3P-2D	Inquire arc data	Select points and display arc data such as radius, included angle, center, and normal.  You can use this command to check the theoretical arc data for three random points.
!WrInqArc3PCm	Arc	WrInqArc3PCm	Inquire arc data	Select points and display arc data such as radius, included angle, center, and normal.  You can use this command to check the theoretical arc data for three random points.
!WrInqArea	Area	WrInqArea	Inquire area properties	Inquire an arbitrary planar area enclosed by boundary curves.
!WrInqArea2	Area	WrInqArea2	Inquire area properties	Inquire an arbitrary planar area enclosed by boundary curves.
!WrInqCoord	Coordinate	WrInqCoord	Show Coordinate	Display the location of a point measured in absolute X,Y, Z coordinates.
!WrInqCoord2	Coordinate	WrInqCoord2	Show coordinate	Display the location of a point measured in absolute X,Y, Z coordinates.
!WrInqCoord3	Coordinate	WrInqCoord3	Show coordinates	Display the locations of points measured in absolute X,Y,Z coordinates.
!WrInqCrv	Curve Info	WrInqCrv	Show curve&apos;s information	Inquire curve information on any line, arc, curve, or edge.
!WrInqLen	Length	WrInqLen	Show the length of a curve	Inquire the length of a line, arc, curve, or edge. You can also inquire a length summation by selecting multiple items to measure.
!WrInqLen2	Length	WrInqLen2	Show the length of a curve	Inquire the length of a line, arc, curve, or edge. You can also inquire a length summation by selecting multiple items to measure.
!WrInqLen3	Length	WrInqLen3	Show the length of a curve	Inquire the length of a line, arc, curve, or edge. You can also inquire a length summation by selecting multiple items to measure.
!WrInqLenCm	Length	WrInqLenCm	Show the length of a curve	Inquire the length of a line, arc, curve, or edge. You can also inquire a length summation by selecting multiple items to measure.
!WrInqNrbCrv	NURBS Data	WrInqNrbCrv	Show curve NURBS information	Inquire the NURBS data of a line, arc, curve, or edge.
!WrInqNrbSrf	NURBS Data	WrInqNrbSrf	Show surface NURBS information	Inquire the NURBS data of a face or free surface.
!WrInqRad	Radius	WrInqRad	Inquire radius data	Select arc,circle(or edge),cylindrical face or spherical face.  You can use this command to check the theoretical radius data for input entity.
!WrInqRadChld	Radius	WrInqRadChld	Inquire radius data	Select an arc,circle(or edge),cylindrical face or spherical face.  Use this command to check the theoretical radius data for input entity.
!WrMdBiarc	Convert to Arcs/Lines	WrMdBiarc	Convert curve(s) to arcs and lines	
!WrMdBoolCut	Remove Regions	WrMdBoolCut	Cut a region with another region	Trim one geometry region from another. First select the curves on the base region. Then select curves on the region to be removed.
!WrMdBoolCvs	Outer Boundary	WrMdBoolCvs	Join regions to make outer boundary	Add two geometry regions into one. The two regions will be trimmed where they intersect. First select the curves on the base region. Then select curves on the region to be added.
!WrMdBoolInt	Intersect Regions	WrMdBoolInt	Intersect two regions	Trim two geometry regions except where they intersect.
!WrMdBoolJoin	Add Regions	WrMdBoolJoin	Join two regions	Join the outer perimeter of two or more geometry regions.
!WrMdChmChn	Chamfer Chain	WrMdChmChn	Chamfer a chain of curves	Create chamfers of equal setback around a chain of curves.
!WrMdChms	Chamfer	WrMdChms	Place a chamfer between two boundary curves	First select the two curves (C1)(C2) near their ends to chamfer. Then specify the setback (S) along the first curve and the angle (A).
!WrMdCmprss	Merge Coincident Arcs/Lines	WrMdCmprss	Merge primitive curves	Use this command to merge coincident lines, arcs, and curves into a single entity.
!WrMdConcatCrv	Concatenate	WrMdConcatCrv	Concatenate a list of curves	Create a curve by concatenating (i.e., joining) a chain of existing curves. The existing curves must connect end-to-end. The original curves are deleted unless they belong to a sketch.
!WrMdCorner	Trim/Extend to Corner	WrMdCorner	Make a corner from two curves	Trim or extend two curves (C1)(C2) to each other forming a corner.
!WrMdCp2D	Copy	WrMdCp2D	Copy entities	
!WrMdCp3D	Copy	WrMdCp3D	Copy entity	Copy 3D sketch entities. Various methods are supported including directions, points and frames (i.e., datum planes or planar faces).
!WrMdDelBowties	Delete Bowties	WrMdDelBowties	Delete bowties from chain of curves	Simply select all curve segments (C) containing the unwanted "bowties" and then to remove them.
!WrMdDof	FEM Refit	WrMdDof	Refit curve with specified # of control points and degree	Refit a curve by modifying its degrees of freedom.
!WrMdFlt	Fillet	WrMdFlt	Place a fillet between two curves	
!WrMdFlt3	Fillet	WrMdFlt3	Place a fillet between two curves	
!WrMdFltChn	Fillet Chain	WrMdFltChn	Fillet a chain of curves	Create fillets of a specified radius between a chain of curves.
!WrMdMir2D	Mirror entities	WrMdMir2D	Mirror entities	
!WrMdMove2D	Move	WrMdMove2D	Move entities	
!WrMdMove3D	Move	WrMdMove3D	Move entity	Move 3D sketch entities. Various methods are supported including directions, points and frames (i.e., datum planes or planar faces).
!WrMdOffChn	Offset	WrMdOffChn	Offset a chain of curves	Create a curve that is offset from a curve, chain of curves, or face edge.
!WrMdPtn	Pattern	WrMdPtn	Pattern array	
!WrMdRot2D	Rotate	WrMdRot2D	Rotate entities	Rotate a entity (E) about a reference point (P).
!WrMdScl2D	Scale	WrMdScl2D	Scale entities	Select the entities (E) and specify the base point (P) for scaling. You can select the type of scaling: Factor or 2 Points. And the method of scaling
!WrMdScl3D	Scale	WrMdScl3D	Scale entities	
!WrMdShrExt	Trim/Extend	WrMdShrExt	Extend or trim curve(s)	Select the curves (C) to trim or extend. Then select a destination point (P) or curve to trim or extend to or enter an extension length.
!WrMdStrch	Stretch	WrMdStrch	Stretch critical points	First, window critical points to stretch. Then specify points to stretch from and to stretch to.
!WrMdSym2D	Mirror geometry	WrMdSym2D	Mirror geometry	
!WrMdTrmBnd	Trim/Split Curve	WrMdTrmBnd	Trim/break curves	Select the boundary Curves to split or trim to. Then select the curve Segments to delete, keep, or split.
!WrMdTrmPnt	Trim/Split at Point	WrMdTrmPnt	Split/trim a curve	You can select multiple segments to keep or just split the curve. Select a curve (C) to trim or break, trim/break points (P) on or near the curve and the segments (L) to keep or middle-click to split the curve.
!WrNotch2d	Notch	WrNotch2d	Make a notch on curve	Select a Curve (C) to locate the notch on. Specify the base point location (P1), direction angle (specify P2), height (H), and the shape angle (A) of the notch.
!WrSmtDraw2D	Draw	WrSmtDraw2D	Create 2D connected curves	Draw a variety of geometry types.  You can draw lines, tangent arcs, 3 point arcs, radius arcs, circles, and curves.
!WrSplitSelfX	Split at Intersections	WrSplitSelfX	Split Curves at Self-Intersections	Select all the curve segments and then to split them.
!pvReplace2	Replace	pvReplace2	2D PARTreplace	Open the PARTsolutions PARTdataManager application for replacing a layout view in the active ZW3D drawing sheet with a 2D view of a PARTsolutions component.
$Another	Start Another ZW3D		Launch another instance of ZW3D	Start another instance of ZW3D on the same computer at the same time.  This can be helpful if you need to compare two ZW3D parts, assemblies, drawing sheets, etc. side by side.
$CdAbout	About		Information about this version of ZW3D software	
$CdAnimKeyDel	Delete Key Frame		Delete key frame	Delete key frame
$CdAnimParamDel	Delete parameter		Delete parameter	Delete parameter
$CdAnimValUnSet	Clear value		Clear value of parameter	Clear value of parameter
$CdAsmFtrRegenAll	Regen Assembly		Regen Assembly	Regenerate all assembly features
$CdAsmModeLinkFilesChkUpd	Encapsulate Old Assembly Files		Encapsulate all old assembly mode files	Encapsulate all the assembly files associated with the current file contain objects of the old assembly mode to update their old assembly mode.
$CdCancelExit	Cancel		Cancel	Cancel the currently active object.
$CdChnPickNw	Pick Curves		Pick Curves	
$CdChnPickPNw	Pick Curves		Pick Curves	
$CdCui	Customize...		Customize	
$CdDelAcisData	Delete the imported graphic data		Delete the imported graphic data	
$CdDimNameOff	Dimension Values		Display dimension values	
$CdDimNameOn	Dimension Names		Display dimension names	
$CdDimNameOnBoth	Expressions		Display both dimension names and values	
$CdDispAnalyze	Analyze		Analyze	This mode performs a spherical environment map of texture. You can determine characteristics of the surface depending on the visible results of the reflection.
$CdDispC2ColorCode	Always display color code on/off		In sketch, always display the state code of geometry and constraints or not.	Display color code.
$CdDispCentrArcCirc	Show Center		Show center of arc/circle	Center of Arcs or Circles are shown in sketches.
$CdDispClosedRing				
$CdDispComb	Combination		Combination	This display mode is used for assemblies when you want to display components in different display modes.  This can help enhance the display of certain assembly conditions and/or configurations.
$CdDispDashTgl	Show/Remove Dashed Hidden Lines		Show dashed hidden lines	This command serves as a toggle.  It works in Shaded, Analyze, Hidden and Section Display Modes. You can now select hidden (dashed) objects while in this display mode.
$CdDispEdgeMode	Display Edges in Shaded Mode		Toggle disp of edges	
$CdDispExtDatum	External Datums On/Off		Turn display of external datums on/off	External datums are shown using dashed lines to reduce screen clutter.
$CdDispGhostFaces	Display Ghost Faces On/Off		Display Ghost Faces On/Off	
$CdDispHLHiddenLines	Show/Remove Highlight Hidden Lines		Show highlight hidden lines	This command serves as a toggle.
$CdDispHide	Hidden Line		Hidden Line	All hidden lines and only edges are displayed. Like shaded mode, only visible faces will highlight when the cursor moves over them. Again, press and hold the (Alt) key to highlight and select faces that are hidden from view.
$CdDispMode	DispMode		DispMode	
$CdDispModeTog	Toggle Wire and Shade Mode		toggle wire and shade mode	
$CdDispOpenEnds	Display open ends on/off		Turn display of open ends on/off	Open ends are shown or not.
$CdDispPMI	Display PMI		Enable/disable to display PMI entities.	
$CdDispSect	Section		Section	The part is displayed based on the options selected during the Part Section View command.
$CdDispShade	Shade		Shade	Hidden lines are removed and visible surfaces are shaded. Only visible faces will highlight when the cursor moves over them. Press and hold the (Alt) key to highlight and select faces that are hidden from view.
$CdDispWire	Wireframe		Wireframe	All curve, surface, and solid edges are displayed and viewed directly.
$CdDispXYAxis	Display default XY Axis ON/OFF		Display default XY Axis ON/OFF	Toggle the display of default XY Axis at the sketch level.
$CdDisplay	Display		Turn display update on/off	All redraws (from dynamic viewing, layer management, redraw command, etc.) are disabled when the display is toggled off. This command can be used while working with large models.
$CdDwgBorder	Drawing Border		Turn drawing border on/off	
$CdDwgCon	Construction Geometry ON/OFF		Construction geometry ON/OFF	Toggle the display of construction geometry at the sketch and drawing sheet levels. While this icon is turned on (depressed), all geometry created will be designated as construction geometry.
$CdDynPreview	Dynamic Preview		Turn dynamic preview on/off	For some 3D block entities such as large point clouds and imported STL data, the dynamic preview echo can drag system performance considerably.
$CdEdgeVrtx	Get Vertex Edges		Get edges of a specific vertex	
$CdEditAloneFtr	Redefine		Redefine feature	Redefine the alone feature.
$CdEditParent	Exit		Exit	Exit the currently active object.
$CdFaceRegionNw	Pick Faces		Pick Faces	
$CdFaceShp	Get Shape Faces		Get faces of a specific shape	
$CdFileConvert	Multi-Export		Export multiple file formats at one time	Export a ZW3D model to various file formats at one time, such as IGES, STEP, STL, Catia, etc.
$CdFileExport	Export		Export non-native data	Export ZW3D objects (e.g., parts, sketches, and drawing sheets) to other industry standard formats such as IGES, STEP, DWG, HTML, VRML, etc.
$CdFileImport	Import		Import non-native data	Import non-ZW3D files types such as IGES, STEP, DWG, etc. into ZW3D as parts, sketches, or drawing sheets.
$CdFileInMulti	Multi-Import		Multi-Import 3rd format files	Multi-Import 3rd format files( ACIS, Catia V4, Catia V5, UG/NX, ProE/Creo, Inventor, SolidEdge and SolidWorks) and auto save these files.
$CdFileIopView	Quick Import		Quick view the graphical data	Quick view the graphical data of non-ZW3D files types such as NX, ProE, Catia V5, Inventor etc. into ZW3D.
$CdFileMergeBnd	Import Attribute Bundles		Import attribute bundles	
$CdFileNew	New		Create a new ZW3D object file	
$CdFileOpenInCAD	ZWCAD		Open it with ZWCAD.EXE.	
$CdFileOpenInCAD_2D	Dimension in ZWCAD		Dimension the drawing in ZWCAD	Transfer the 2D sheet to DWG format and then you can add the dimensions or edit the drawing in ZWCAD.
$CdFileOpenInCAD_Top	ZWCAD		Open ZWCAD	A powerful, reliable and DWG compatible CAD solution.
$CdFilePack	Pack		Pack up the files.	
$CdFileReload	Reload File		Reload file	Reload File.
$CdFileSTLImport	Import STL		Import STL File	Import STL file into ZW3D as parts.
$CdFileSave	Save		Save	
$CdFileSaveAs	Save As...		Save as specified file	
$CdFileSeparate	File Separate		Separate multi-root files into single-root files	Separate multi-root files into single-root files.
$CdFileSwitchPerm	Switch File Permission		Switch the file permission	Switch the file permission.
$CdFileTarget	Object File		Export multiple file formats at one time	Export a ZW3D model to various file formats at one time, such as IGES, STEP, STL, Catia, etc.
$CdFileTemplate	Templates...		Create/Edit ZW3D object template file	You can use all of the object related functions on template files just like any other ZW3D file. You can create a new object based on a template by selecting the template file from the "Template" section of the New File/Object Form.
$CdFilter	Entity Filter (Shift+RMB)		Entity filter	Pick filters are used to limit selectable entities to a specific type. If many entities overlap or are close together, using the proper pick filter will make selecting the right entity easier.
$CdFixUid	Check History ID&apos;s		Find and fix duplicate history ID&apos;s	This utility checks for, and corrects, cases when history operations get generated with the same unique id.
$CdFsetAct	Activate Parent		Activate parent part or feature-set	
$CdFsetInq	Inquire		Inquire	
$CdFsetRef	Create Ref-Geom		Create reference geometry	
$CdGRLoadModel	Load Current Model		Load current model	
$CdGridLine	Grid Line		Toggle grid line on	
$CdGridOff	Grid Off		Toggle grid off	
$CdGridPoint	Grid Point		Toggle grid point on	
$CdHandles	Assem Handle		Define assembly constraint handle	
$CdHelp	Help Browser		Display help browser	
$CdHelpOnline	Online Help Browser		Display online help browser	
$CdHelpOnlineSet	Online Help Browser		Display online help browser	
$CdHelpSet	Help Browser		Display help browser	
$CdHistCloseAll	Close All Items		Open/Close All History Items	
$CdHistEdit	Redefine		Redefine feature	Rollback the active part history to a feature and modify it.
$CdHistEditNoRollback	Edit Feature		Edit feature	Edit feature&apos;s parameters.
$CdHistFtrset	Insert Feature-set		Insert a new feature-set	
$CdKnowledge	Online Knowledge Base		Online Knowledge Base	
$CdLabel	Labels		Turn display of entity labels on/off	As new entities are created, labels (similar to name tags) are generated. When label are toggled on, they are displayed as the cursor passes over and highlights and entity.
$CdLegacyFileConvert	Convert Legacy Files		Convert legacy files into new files	Convert legacy files into new files.
$CdLoadAcisBrep	Load model		Load model	
$CdManager	ZW3D Manager...		ZW3D Manager	The CAM Plan Manager is the primary interface for ZW3D CAM. The graphical tree interface contains each section required to define and output tool path operations within a CAM setup.
$CdMdMir2D	Mirror		Mirror	Select the entities (E) to mirror and then select the line (M) of symmetry.
$CdModelImport	Model Import		Heterogeneous data conversion with parameter	A powerful, reliable heterogeneous data conversion plugin.
$CdPMIRegenAll	Regen PMI		Regen all PMI entities	
$CdPMIRegenLock	Regen PMI Manually		Lock/Unlock regen PMI.	
$CdPartCAM	CAM Plan		CAM Plan	
$CdPartSheet	2D Sheet		2D Sheet	
$CdPickEdit	Edit Picks		Edit Picks	
$CdPlayAuto5	Regen History		Regen history and suppress failed operations automatically	
$CdPlayAutoAut	Regen		Regen outdated object	Regenerate all the outdated objects including history,assembly feature or assembly alignment etc.
$CdPlayAutoHist	Regen History		Regen current object automatically	Regenerate the active part history re-evaluating each feature.
$CdPlayAutoSupp	Continue to End		Continue to End	
$CdPlayDel	Delete		Delete The Operation	
$CdPlayDelAny	Delete		Delete The Operation	
$CdPlayEdit	Edit		Edit The Operation	
$CdPlayEnd	Delete Unplayed Features		Delete Unplayed Features	
$CdPlayIns	Relocate		Relocate The Sketch	
$CdPlayLast	Redefine Last		Redefine Last	Use this command to quickly edit the last feature in the active part history.
$CdPlayRef	Regen Ext Ref		Start external reference replay	It is used to replay, edit or delete external references that you have added to the active sketch.
$CdPlayUnLink	Unlink		Unlink The Operation	
$CdPntAltPick	Pick from List		Pick from list	
$CdPolyPick	Poly Pick		Poly Pick	
$CdPopupGallery	Popup Gallery		Popup gallery	Provide popup gallery for call other command conveniently.
$CdPrfClrStg	Constraint Color	UiPrfClrStg	Set constraint color	
$CdPrfRegenRef	Ext Reference Manager	UiPrfRegenRef	Open external reference manager	It is used to regen, edit, unlink or delete external references that you have added to the active sketch.
$CdPrfRelocate	Relocate		Relocate sketch	
$CdPrjClear	Clear Session		Clear session edits and backup	
$CdPrjClear2	Close All		Close all files	
$CdPrjCloseFile	Close		Close active file	
$CdPrjDelete	Delete Session		Delete a session	
$CdPrjOpen	Open Session		Open a session	
$CdPrjQuit	Exit		Shutdown ZW3D	
$CdPrjReset	Restore Last Backup		Reset session to last backup	
$CdPrjSave	Backup Session		Backup the current session	
$CdPrjSaveAll	Save All		Save all modified files	
$CdPrjSaveAs	Save Session As		Save the current session with a new name	
$CdPrjSync	Synchronize Files		Synchronize session with modified source files	
$CdProfSolveAut	Solve Current Sketch Automatically		Solve current sketch automatically	
$CdProfSolveMan	Solve Current Sketch Manually		Solve current sketch manually	
$CdProfWeakDim	Add Weak Dimensions Automatically		Add Weak Dimensions Automatically	
$CdPropWrapper	Properties...		File properties	
$CdQuickPick	Pick from List		Pick from List	
$CdQuickTips	Quick Tips...		Display startup tutorial	
$CdRdSk	$CdRdSk			
$CdRdSk=RS002	4 tangent Arc Slot		4 tangent arc slot	Quickly add ReadySketch 4 Tangent Arc Slot geometry to the active sketch.
$CdRdSk=RS003	Height X Width Arc		Height X width arc	Quickly add ReadySketch Height X width arc geometry to the active sketch.
$CdRdSk=RS006	Circle		Circle	Quickly add ReadySketch Circle geometry to the active sketch.
$CdRdSk=RS007	Concentric Circles		Concentric circles	Quickly add ReadySketch Concentric Circles geometry to the active sketch.
$CdRdSk=RS008	Vertical Conic		Vertical conic	Quickly add ReadySketch Vertical Conic geometry to the active sketch.
$CdRdSk=RS009	Horizontal Conic		Horizontal conic	Quickly add ReadySketch Horizontal Conic geometry to the active sketch.
$CdRdSk=RS010	Spiral		Spiral	Quickly add ReadySketch Spiral geometry to the active sketch.
$CdRdSk=RS011	Ellipse		Ellipse	Quickly add ReadySketch Ellipse geometry to the active sketch.
$CdRdSk=RS012	Rotated Ellipse		Rotated ellipse	Quickly add ReadySketch Rotated Ellipse geometry to the active sketch.
$CdRdSk=RS013	Rectangle		Rectangle	Quickly add ReadySketch Rectangle geometry to the active sketch.
$CdRdSk=RS015	Rotated Rectangle		Rotated rectangle	Quickly add ReadySketch Rotated Rectangle geometry to the active sketch.
$CdRdSk=RS016	Chamfered Rectangle		Chamfered rectangle	Quickly add ReadySketch Chamfered Rectangle geometry to the active sketch.
$CdRdSk=RS017	Radiused Rectangle		Radiused rectangle	Quickly add ReadySketch Radiused Rectangle geometry to the active sketch.
$CdRdSk=RS018	Square		Square	Quickly add ReadySketch Square geometry to the active sketch.
$CdRdSk=RS019	Rotated Square		Rotated square	Quickly add ReadySketch Rotated Square geometry to the active sketch.
$CdRdSk=RS020	Chamfered Square		Chamfered square	Quickly add ReadySketch Chamfered Square geometry to the active sketch.
$CdRdSk=RS021	Radiused Square		Radiused square	Quickly add ReadySketch Radiused Square geometry to the active sketch.
$CdRdSk=RS022	L Section		L section	Quickly add ReadySketch L Section geometry to the active sketch.
$CdRdSk=RS023	Equal sided L Section		Equal sided L section	Quickly add ReadySketch Equal Sided L Section geometry to the active sketch.
$CdRdSk=RS024	T Section		T section	Quickly add ReadySketch T Section geometry to the active sketch.
$CdRdSk=RS025	U Section		U section	Quickly add ReadySketch U Section geometry to the active sketch.
$CdRdSk=RS026	Double U Section		Double U section	Quickly add ReadySketch Square geometry to the active sketch.
$CdRdSk=RS027	Box Section		Box section	Quickly add ReadySketch Box Section geometry to the active sketch.
$CdRdSk=RS028	Radiused box Section		Radiused box section	Quickly add ReadySketch Radiused Box Section geometry to the active sketch.
$CdRdSk=RS029	+ Section		+ section	Quickly add ReadySketch + Section geometry to the active sketch.
$CdRdSk=RS030	Radiused + Section		Radiused + section	Quickly add ReadySketch Radiused + section geometry to the active sketch.
$CdRdSk=RS031	Pentagon		Pentagon	Quickly add ReadySketch Pentagon geometry to the active sketch.
$CdRdSk=RS032	Hexagon		Hexagon	Quickly add ReadySketch Hexagon geometry to the active sketch.
$CdRdSk=RS033	Octagon		Octagon	Quickly add ReadySketch Octagon geometry to the active sketch.
$CdRdSk=RS034	Radiused Equilateral Triangle		Radiused equilateral triangle	Quickly add ReadySketch Radiused Equilateral Triangle geometry to the active sketch.
$CdRdSk=RS035	Bottom Equilateral Triangle		Bottom equilateral triangle	Quickly add ReadySketch Bottom Equilateral Triangle geometry to the active sketch.
$CdRdSk=RS036	Equilateral Triangle		Equilateral triangle	Quickly add ReadySketch Equilateral Triangle geometry to the active sketch.
$CdRdSk=RS037	Rotated Equilateral Triangle		Rotated equilateral triangle	Quickly add ReadySketch Rotated Equilateral Triangle geometry to the active sketch.
$CdRdSk=RS038	Isoceles Triangle		Isoceles triangle	Quickly add ReadySketch Isoceles Triangle geometry to the active sketch.
$CdRdSk=RS039	Rotated Isoceles Triangle		Rotated isoceles triangle	Quickly add ReadySketch Octagon geometry to the active sketch.
$CdRdSk=RS040	Right Angle Triangle		Right angle triangle	Quickly add ReadySketch Right Angle Triangle geometry to the active sketch.
$CdRdSk=RS041	Rotated Right Angle Triangle		Rotated right angle triangle	Quickly add ReadySketch Rotated Right Angle Triangle geometry to the active sketch.
$CdRdSk=RS042	Slot		Slot	Quickly add ReadySketch Slot geometry to the active sketch.
$CdRdSk=RS043	Rotated Slot		Rotated slot	Quickly add ReadySketch Rotated Slot geometry to the active sketch.
$CdRdSk=RS044	Fastener Slot		Fastener slot	Quickly add ReadySketch Fastener Slot geometry to the active sketch.
$CdRdSk=RS045	Beading Slot		Beading slot	Quickly add ReadySketch Beading Slot geometry to the active sketch.
$CdRdSk=RS046	Tear Slot		Tear slot	Quickly add ReadySketch Tear Slot geometry to the active sketch.
$CdRdSk=RS048	Toolplate		Toolplate	Quickly add ReadySketch Toolplate geometry to the active sketch.
$CdRdSk=RS049	Pin		Pin	Quickly add ReadySketch Pin geometry to the active sketch.
$CdRdSk=RS050	Nut		Nut	Quickly add ReadySketch Nut geometry to the active sketch.
$CdRdSk=RS052	Arc Slot		Arc slot	Quickly add ReadySketch Arc Slot geometry to the active sketch.
$CdRdSk=RS053	Kidney Slot		Kidney slot	Quickly add ReadySketch Kidney Slot geometry to the active sketch.
$CdRdSk=RS054	Symmetrical Kidney Slot		Symmetrical kidney slot	Quickly add ReadySketch Symmetrical Kidney Slot geometry to the active sketch.
$CdRdSk=RS057	Comb Section		Comb section	Quickly add ReadySketch Comb Section geometry to the active sketch.
$CdRdSk=RS058	Corrugated Section		Corrugated section	Quickly add ReadySketch Corrugated Section geometry to the active sketch.
$CdRdSk=RS059	Arrow		Arrow	Quickly add ReadySketch Arrow geometry to the active sketch.
$CdRdSk=RS060	Arrow2		Arrow2	Quickly add ReadySketch Arrow2 geometry to the active sketch.
$CdRdSk=RS061	Pac Slot		Pac slot	Quickly add ReadySketch Pac Slot geometry to the active sketch.
$CdRdSk=RS062	Euro Slot		Euro slot	Quickly add ReadySketch Euro Slot geometry to the active sketch.
$CdRdSk=RS063	Food Use		Food use	Quickly add ReadySketch Food Use geometry to the active sketch.
$CdRdSk=RS064	No Food		No food	Quickly add ReadySketch No Food geometry to the active sketch.
$CdRdSk=RS065	Microwave Safe		Microwave safe	Quickly add ReadySketch Microwave Safe geometry to the active sketch.
$CdRdSk=RS066	Do not Microwave		Do not microwave	Quickly add ReadySketch Do Not Microwave geometry to the active sketch.
$CdRdSk=RS067	Dishwasher Safe		Dishwasher safe	Quickly add ReadySketch Dishwasher Safe Geometry to the active sketch.
$CdRdSk=RS068	Not Dishwasher Safe		Not dishwasher safe	Quickly add ReadySketch Not Dishwasher Safe geometry to the active sketch.
$CdRdSk=RS069	Immersible		Immersible	Quickly add ReadySketch Immersible geometry to the active sketch.
$CdRdSk=RS070	Do not Immerse		Do not immerse	Quickly add ReadySketch Do Not Immerse geometry to the active sketch.
$CdRdSk=RS071	Recycle		Recycle	Quickly add ReadySketch Recycle geometry to the active sketch.
$CdRdSk=RS072	PET		PET	Quickly add ReadySketch PET geometry to the active sketch.
$CdRdSk=RS073	HDPE		HDPE	Quickly add ReadySketch HDPE geometry to the active sketch.
$CdRdSk=RS074	PVC		PVC	Quickly add ReadySketch PVC geometry to the active sketch.
$CdRdSk=RS075	LDPE		LDPE	Quickly add ReadySketch LDPE geometry to the active sketch.
$CdRdSk=RS076	PP		PP	Quickly add ReadySketch PP geometry to the active sketch.
$CdRdSk=RS077	PS		PS	Quickly add ReadySketch PS geometry to the active sketch.
$CdRdSk=RS078	Other		Other	Quickly add ReadySketch Other geometry to the active sketch.
$CdRdSk=RS084	Cross Lattice		Cross lattice	Quickly add ReadySketch Cross lattice geometry to the active sketch.
$CdRdSk=RS085	Slant Lattice		Slant lattice	Quickly add ReadySketch Slant lattice geometry to the active sketch.
$CdRdSk=RS086	Wave Lattice		Wave lattice	Quickly add ReadySketch Wave lattice geometry to the active sketch.
$CdRdSk=RS091	3 Hole PCD		3 hole PCD	Quickly add ReadySketch 3 Hole PCD geometry to the active sketch.
$CdRdSk=RS092	4 Hole PCD		4 hole PCD	Quickly add ReadySketch 4 Hole PCD geometry to the active sketch.
$CdRdSk=RS093	5 Hole PCD		5 hole PCD	Quickly add ReadySketch 5 Hole PCD geometry to the active sketch.
$CdRdSk=RS094	6 Hole PCD		6 hole PCD	Quickly add ReadySketch 6 Hole PCD geometry to the active sketch.
$CdRdSk=RS095	8 Hole PCD		8 hole PCD	Quickly add ReadySketch 8 Hole PCD geometry to the active sketch.
$CdRdSk=RS096	10 Hole PCD		10 hole PCD	Quickly add ReadySketch 10 Hole PCD geometry to the active sketch.
$CdRdSk=RS101	2 X 1 Hole Pattern		2 X 1 hole pattern	Quickly add ReadySketch 2 X 1 Hole Pattern geometry to the active sketch.
$CdRdSk=RS102	3 X 1 Hole Pattern		3 X 1 hole pattern	Quickly add ReadySketch 3 X 1 Hole Pattern geometry to the active sketch.
$CdRdSk=RS103	4 X 1 Hole Pattern		4 X 1 hole pattern	Quickly add ReadySketch 4 X 1 Hole Pattern geometry to the active sketch.
$CdRdSk=RS104	5 X 1 Hole Pattern		5 X 1 hole pattern	Quickly add ReadySketch 5 X 1 Hole Pattern geometry to the active sketch.
$CdRdSk=RS105	2 X 2 Hole Pattern		2 X 2 hole pattern	Quickly add ReadySketch 2 X 2 Hole Pattern geometry to the active sketch.
$CdRdSk=RS106	3 X 2 Hole Pattern		3 X 2 hole pattern	Quickly add ReadySketch 3 X 2 Hole Pattern geometry to the active sketch.
$CdRdSk=RS107	4 X 2 Hole Pattern		4 X 2 hole pattern	Quickly add ReadySketch 4 X 2 Hole Pattern geometry to the active sketch.
$CdRdSk=RS108	5 X 2 Hole Pattern		5 X 2 hole pattern	Quickly add ReadySketch 5 X 2 Hole Pattern geometry to the active sketch.
$CdRdSk=RS109	2 X 3 Hole Pattern		2 X 3 hole pattern	Quickly add ReadySketch 2 X 3 Hole Pattern geometry to the active sketch.
$CdRdSk=RS110	3 X 3 Hole Pattern		3 X 3 hole pattern	Quickly add ReadySketch 3 X 3 Hole Pattern geometry to the active sketch.
$CdRdSk=RS111	4 X 3 Hole Pattern		4 X 3 hole pattern	Quickly add ReadySketch 4 X 3 Hole Pattern geometry to the active sketch.
$CdRdSk=RS112	5 X 3 Hole Pattern		5 X 3 hole pattern	Quickly add ReadySketch 5 X 3 Hole Pattern geometry to the active sketch.
$CdRdSk=RS189	I Section		I Section	Quickly add ReadySketch I Section geometry to the active sketch.
$CdRedo	Redo		Redo	
$CdRedraw	Redraw		Redraw display	Redraw the current display without regenerating the active object.
$CdRedrawAll	Redraw		Redraw display	Redraw the current display without regenerating the active object.
$CdRefreshTreeOnRegen	Refresh Tree on Regen		Enable updating history tree when click Regen	
$CdRegenCurves	Auto Refine Curves		Turn auto refine of curves on/off	When on, curves will display more true to their actual form. Turning this off during large assemblies will help speed up display functions.
$CdRelocate	Relocate		Relocate	Prompt for a new insertion plane for the next sketch, datum or component operation.
$CdResetWindow	Reset Window Layout		Reset Window Layout	
$CdRollBack	Rollback		Rollback	Rollback the active part history to the feature just prior to a selected feature. The selected feature can then be deleted or otherwise modified.
$CdRootExport	Export	CdRootExport	Export non-native data	Export ZW3D objects (e.g., parts, sketches, and drawing sheets) to other industry standard formats such as IGES, STEP, DWG, HTML, VRML, etc.
$CdRootExport2	Export		Export non-native data	Export ZW3D objects (e.g., parts, sketches, and drawing sheets) to other industry standard formats such as IGES, STEP, DWG, HTML, VRML, etc.
$CdRootObjSearch	Search Root Object		Search root object	
$CdRotCenterAuto	Auto		Auto center	Change space ball rotation center type to "Auto"
$CdRotCenterExtent	Extent Center		Extent center	Change space ball rotation center type to "Extent Center"
$CdRotCenterMousePos	Mouse Position		Mouse position center	Change space ball rotation center type to "Mouse Position"
$CdRotCenterVuOrg	View Origin		View origin center	Change space ball rotation center type to "View Origin"
$CdScopeAll	Show All		Show all	Add all levels of parent objects and all of their children (components, sketches, etc.) located in the active part to the display.
$CdScopeLess	Show Less		Show Less	Remove the current level of parent objects and all of their children (components, sketches, etc.) from the display.
$CdScopeMore	Show More		Show More	Add the next level of parent objects and all of their children in the active part (components, sketches, etc.) to the display.
$CdScopeTarg	Show Target		Show Target	Display the active object with all of its children (components, sketches, etc.).
$CdSetStep	Step Size		Step size	Use the Step Size Button to increase or decrease the numerical step applied when the Increment and Decrement Buttons are picked.
$CdSettings	Preferences		Current preference settings	
$CdSfReduceAll	Reduce NURBS		NURBS data reduction	
$CdSketchPts	Sketch Points		Sketch points	
$CdSmdRegenAll	Regen All Flat		Regen all sheet metal flat items	
$CdSmdRegenEn	Regen Automatically		Regen sheet metal automatically	
$CdSnapFilter	Snap Filter		Snap filter	Snap filters are used to limit smart picking constraints to a specific type.
$CdStartFolderMgr	User Folder Manager		Open the User Folder Manager	
$CdStartTcmdEditor	Tcmd Editor		Start Tcmd Editor	
$CdSwapCns	Turn Constraints On/Off		Turn constraints on/off	
$CdSwapDim	Turn Dimensions On/Off		Turn dimensions on/off	
$CdSwapLite	Toggle		Toggle light source markers	
$CdSwapMagLine	Turn Magnetic Line On/Off		Turn magnetic line on/off	
$CdSwapPmi	Turn PMI On/Off		Turn pmi on/off	
$CdTogGrid	Grid		Toggle grid on/off	
$CdTogPersp	Perspective		Toggle perspective on/off	
$CdUndo	Undo		Undo	
$CdUnitConvert	Units Converter		Units converter	
$CdWinPickMode	Window Pick		Window Pick	
$CdWorkFolder	Working Folder		Change Working Folder	
$CdZwAppLm	License Manager		Open the License Manager	
$CldFileSaveToCloud	Save to Cloud		Save as specified file	Select cloud path to save current file
$CloseUnusedFiles	Close Unused Files		Close unused files	
$DmLinBas	Baseline		Create a baseline dimension	
$DmLinCnt	Continuous		Create a continuous dimension	
$DmLinOrd	Ordinate		Create an ordinate dimension	
$NewObj=121	Equation Set		Create a new equation-set	
$NewObj=200	CAM Plan		Create a new CAM plan	
$NewObj=70	Sketch		Create a new sketch	
$NewObj=89	Part/Assembly		Create a new part/assembly	
$NewObj=90	Drawing Sheet		Insert a new sheet	
$SF=AnimBandAnalTestTool	Band Analysis Test Tool		Band analysis test tool.	Band analysis test tool.
$SF=AnimEditKfrmTime	Edit Time		Edit keyframe time	Edit keyframe time
$SF=AnimModAlnParam	Modify Parameters		Modify parameters	Modify parameters
$SF=AnimModMotParam	Modify Parameter		Modify motor parameter	Modify motor parameter
$SF=AnimMotorRename	Rename		Rename Motor	Rename motor
$SF=AnimMotorScale	Display Scale		Motor scale	Motor scale
$SF=AnimRowScale	Scale Duration		Scale duration	Scale duration
$SF=AsInqAlnStat	Constraint Status		Inquire constraint status	
$SF=AsmPickParentList	Pick Parent Object	AsmPickParentList	Pick parent object	Pick parent object.
$SF=Cd3DBomRenameCol	Rename		Rename column name	
$SF=CdAutoStockSize	Auto Stock Size		Calculate the stock size automatically	Calculate the stock size of the selected part automatically.
$SF=CdC2ConfCnsDmMgr	Conflicting Constraints		Manage conflicting constraints	Delete conflicting constraints and dimensions. Toggle conflicting dimensions to reference dimensions.
$SF=CdC2InqStat	Constraint Status		Inquire constraint status	
$SF=CdDrawingNotes	Notes		Edit notes	
$SF=CdPlnHiAnalzRes	Height Analysis Result		Height Analysis Result	
$SF=CdShowOnlyStatus	Show Only Status	CdShowOnlyStatus	Show only status	
$SF=CdStyleMgr	Style Manager...		Standard and Style manager	
$SF=CdmFileRecover	File Recovery			
$SF=CmConfigEditor	Opdef Config...		Cam Opdef Config...	
$SF=CmConfigUpdate	Update Cam Config		Update Cam Config File	
$SF=CmTaskScheduler	Cam Task Scheduler		Cam Task Scheduler	
$SF=CmVxQmBatchMgr	QM Batch Import		QM Batch Import	
$SF=TpathOptions	Color Preferences...		Current preference settings	
$SF=Ui3DBom	3D BOM		Show 3D BOM	Show BOM(bill of material) table of all the components of the assembly parts.
$SF=UiAppMgr	Application Manager		Open Application Manager	
$SF=UiAutoDraft	Auto Drafting		Auto Drafting for assembly, component or shape	Create multiple sheets automatically for assembly, component or shape.
$SF=UiAutoSync	Auto Sync		Set cloud attributes	Auto synchronize files
$SF=UiBackgroundAt	Background		Edit background	
$SF=UiBatchAttribute	Batch Attribute Edit		Batch Attribute Edit	
$SF=UiBatchShtFmAt	Batch Sheet Format Attributes		Batch sheet format attributes	
$SF=UiBrBlock	Block Manager		Manage Sketch Block Library	
$SF=UiBrPath	Search Paths...		Search Paths...	
$SF=UiCgAt	Set Attributes		Set rendering attributes	
$SF=UiChainPickSetting	Chain Pick Setting		Chain pick setting	
$SF=UiCompareParts	Compare Parts		Perform part compare	Compare two parts and show the differences between them. If they are miss-matched more than the default geometry tolerance, the component&apos;s faces will not be paired for the comparison.
$SF=UiConfig	Configuration...		Edit ZW3D configuration	
$SF=UiCosHatAt	Hatch Attribute...		Set Hatch attributes	
$SF=UiDmAt3D	Dimension...		Set dimension attributes	
$SF=UiDxFileConvert	Multi-Export		Multi-Export	
$SF=UiFiMore	Attribute Filter		Attribute filter	
$SF=UiFillTitleBlock	Fill Title Block		Quickly fill title block	
$SF=UiFlexibleDesign			Flexible design	
$SF=UiHatAt	Hatch...		Set hatch attributes	
$SF=UiInqDbSize	Inquire Size	UiInqDbSize	Show object entity size	
$SF=UiInqFiles	Associated Files		Show files associated with the target object	
$SF=UiLineAt	Line...		Set line attributes	
$SF=UiLineType	Line Type...		Line Type	
$SF=UiLineTypeMgr	Complex Line		Complex Line	
$SF=UiLink	Link Manager		Manage links	
$SF=UiLinkManager	Link Manager		Manage links	
$SF=UiMatAt	Material...		Set material attributes	
$SF=UiMultiPrint	Multi-Print		Multi-Print	
$SF=UiMultiSave	Multi-Save		Multi-Print	Select multiple file and save to cloud
$SF=UiMutableData	Mutable Data		Mutable data	
$SF=UiNotes	Notes		Add/edit notes	
$SF=UiOnlineOpts	Online Options		Set cloud attributes	
$SF=UiOptim	Design Optimizer		Design Optimizer...	
$SF=UiPMIDmAt	PMI Attributes...		Set PMI dimension attributes	
$SF=UiPartAt	Properties...		Set part attributes	
$SF=UiPartLib	Part Library		Part Library...	
$SF=UiPartTable	Library Publisher		Library Publisher...	
$SF=UiPipCatalogStg	Set Routing Catalog		Set pipe type	
$SF=UiPlayList	Play History		Play History	
$SF=UiPointAt	Point...		Set point attributes	
$SF=UiPrint3D	3D Print		3D Print	
$SF=UiPrintPlot	Print/Plot		Print and Plot	
$SF=UiPrintPre	Print Preview		Print preview	
$SF=UiScript	Script Record		Open script record	
$SF=UiSeriesValue	Series Value		Set series value	
$SF=UiShowOverlap	Overlap	UiShowOverlap	Show overlap information.	
$SF=UiShtLineAt	Line...		Set line attributes	
$SF=UiShtTextAt	Text...		Set text attributes	
$SF=UiSurfAt	Face...		Set face appearance	
$SF=UiTblAt	Table...		Set table attributes	
$SF=UiTblAutoSplit	Auto Split			
$SF=UiTextAt	Text...		Set text attributes	
$SF=UiUpdName	Find/Replace Name		Find/replace references to an object or file name	
$SF=UiVEType	Set Echo Type	UiVEType	Echo Type	
$SF=UiVar	Create a variable		Create a variable	
$SF=UiViewExt	Zoom Extents		Zoom Extents	
$SF=UiViewLyrVisibility	View layer visibility		View layer visibility	
$SF=WdWeldConvert	Convert Welds	WdWeldConvert	Convert welds	
$SaveAndClose	Save/Close		Save and then close the active file	
$ShowHints	Show Hints		Hints on/off	
$SymManager	Block Manager		Manage Symbol Library	
$UiWinPattern=0	Tile			
$UiWinPattern=1	Horizontal Tile			
$UiWinPattern=2	Vertical Tile			
$UiWinPattern=3	Cascade			
$VxDbClean	Clean File		Delete leaked objects	It should only be used to "repair" files that seem to have a definite problem -- files that are inordinately large. Using this command would be to backup the original file.
$iexplore=140	TraceParts		TraceParts library	
$iexplore=141	CadRegister...		CadRegister library	
$iexplore=155	More...		More...	
$snt=assem	Assembly		Assembly	
$snt=draft	Drafting		Drafting	
$snt=intro	Introduction		Introduction	
$snt=model	Modeling		Modeling	
$ss	Show-n-Tell Editor		Make a ZW3D CAD/CAM slideshow	
$tm=2	CAD_BasicCasesStudy...		CAD Primary Tutorial_Product Design.pdf	
$tm=3	What&apos;s New		WhatsNew.pdf	
$tm=4	CAM_Milling...		CAM From Entry to Master Tutorial_2X Machining.pdf	
$tm=5	Mold_Advanced_Tutorial...		CAD From Entry to Master Tutorial_Mold Design.pdf	
$tm=more	More...		More training manuals	
$vport=0	Fullscreen		Fullscreen	
$vport=1	Left - Right		Left - Right	
$vport=2	Left - Right (2)		Left - Right (2)	
$vport=3	Top - Bottom		Top - Bottom	
$vport=4	Top (2) - Bottom		Top (2) - Bottom	
$vport=5	Quad		Quad	
$vport=6	Associated Screen		Associated screen	
+!CdDstAllChld	Measure Distance		Measure Distance	
+!CdNumEnt	Dimension Value		Dimension Value	
+!CdNumPnt	To Point		To Point	
+FldEditDataPick	Edit		Edit	
+FldInsertDataPick	Insert		Insert	
+~CdExpShow	Expression		Expression	
+~CdNumRedef	Redefine		Redefine	
0	0 Degrees		0 degrees	
180	180 Degrees		180 degrees	
270	270 Degrees		270 degrees	
30	30 Degrees		30 degrees	
360	360 Degrees		360 degrees	
45	45 Degrees		45 degrees	
60	60 Degrees		60 degrees	
90	90 Degrees		90 degrees	
CdInvertPick	Invert Pick		Invert Pick	
CdLastPick	Last Pick		Last pick	
DirAuto	Dynamic Pick		Auto direction pick	
DynamicPick	Dynamic Pick		Dynamic pick	
EntAllButIn	Out/Cross		pick if totally/partially outside window	
EntAllButOut	In/Cross		pick if totally/partially inside window	
EntAllIn	In		pick if totally inside window	
EntAllOut	Out		pick if totally outside window	
EntPartial	Cross		pick if cross window	
EntWinPickOn	Window Pick		Window Pick	
FldAddItem	Add New Item		Add	
FldDelLast	Unpick Last		Unpick Last (Ctrl+Delete)	
FldDelThese	Unpick		Unpick	
GetCurve	To Curve		To Curve	
GetExtFace	To Extended Face		Boundary Extended Face	
GetFace	To Face		Boundary face	
NumDyn	Dynamic Input		Dynamic number	
NumThruAll	Through All		Through All	
PntAbs	Absolute		Absolute	
PntCrit	Critical		Critical	
PntDir-X	-X Axis		-X Axis	
PntDir-Y	-Y Axis		-Y Axis	
PntDir-Z	-Z Axis		-Z Axis	
PntDirX	X Axis		X Axis	
PntDirXplode	Explode Dir		Explode Dir	
PntDirY	Y Axis		Y Axis	
PntDirZ	Z Axis		Z Axis	
PntDmSmtAng	Angular Dim		Angular Dim.	
PntDmSmtDef	Default Dim		Default Dim.	
PntGrid	Grid		Grid	
PntOnEnt	On Entity		On Entity	
PntRel	Relative		Relative	
PntSmt	Default		Default	
PntSmtPopOff	Smart Pick Off		Smart Pick Off	
PntSmtPopOn	Smart Pick On		Smart Pick On	
PntSnp	Smart Point Ref		Smart Point Ref	
PntTanEnt	Tangent		Tangent	
PntToEnt	Entity		Entity	
SMFcNrm	Face Normal		Face Normal	
SMPntDir-X	-X Axis		-X Axis	
SMPntDir-Y	-Y Axis		-Y Axis	
SMPntDir-Z	-Z Axis		-Z Axis	
SMPntDirX	X Axis		X Axis	
SMPntDirY	Y Axis		Y Axis	
SMPntDirZ	Z Axis		Z Axis	
ToNext	To Next		To next	
WidDelAll	Unpick All		Unpick All (Delete)	
WidDelAllMissing	Unpick All Missing		Unpick all missing (delete)	
^$CdRedrawAll	Redraw All		Redraw All	
^RotDown	^RotDown			
^RotLeft	^RotLeft			
^RotLeftNormal	Rotate Left			
^RotRight	^RotRight			
^RotRightNormal	Rotate Right			
^RotUp	^RotUp			
^nextView	Next View		Next view	
^prevView	Previous View		Previous view	
^viewAux	Auxiliary View		Auxiliary	
^viewBack	Back View		Back	Display a view that is parallel to the back of the part looking in the direction of the negative world Y axis.
^viewBtm	Bottom View		Bottom	Display a view that is parallel to the bottom of the part looking in the direction of the positive world Z axis.
^viewDimt	Dimetric View		Dimetric View	
^viewFront	Front View		Front	Display a view that is parallel to the front of the part looking in the direction of the positive world Y axis.
^viewIso	Isometric View		Isometric	Display a view of the part that is isometric.
^viewIsoAdd	Iso Add		Iso Add	
^viewLeft	Left View		Left	Display a view that is parallel to the left side of the part looking in the direction of the positive world X axis.
^viewPlane	Plane View		Plane view	Display the active sketch plane.  It is useful for moving between views while editing a sketch and then returning to the active sketch plane.
^viewRight	Right View		Right	Display a view that is parallel to the right side of the part looking in the direction of the negative world X axis.
^viewTop	Top View		Top	Display a view that is parallel to the top of the part looking in the direction of the negative world Z axis.
^zoomAll	Zoom All		Zoom All	
^zoomAt	Zoom At		Zoom At	
^zoomIn	Zoom In		Zoom In	Enlarge the display of a window area by selecting two diagonal points.
^zoomLimits	Zoom Limit		Zoom Limit	Re-display the active drawing sheet to its set limits.
^zoomOut	Zoom Out		Zoom Out	Pick two diagonal corners of a zoom window.
^~CdReadout	Show Cursor Coordinates		Show cursor coordinates	
{111B6A78-988F-4C1E-8977-8501E4B839F8}	Custom		Custom	
{52FC0AC3-CB96-43F4-808C-00E13AC6C4A7}	Blank/Unblank			
{D781E1B4-9498-42F9-9F07-DFCD2C8EC23E}	Lock/Unlock Cells			
{DA07ED74-5FF5-4899-B9D5-5DBCFA157C59}	Key		Key	
{EBE1105C-5FFB-4AA3-9D47-9719D9504B9B}	Modify Text			
{EF0420B8-E286-4D98-9938-68533D62C0BB}	Orient		Orient	
|DECmd_!FtAllExt	Extruded Shape		Extruded shape	Select Extrude, and then drag and rotate the arow or type a value in text box to extrude.
|DECmd_!FtChamfer	Chamfer		Chamfer	Select Chamfer, and then drag the arow or type a value in text box to chamfer.
|DECmd_!FtDraftAll	Draft		Draft	Select Draft, and then rotate the arrow or type a value in text box to draft.
|DECmd_!FtFlltConst2	Fillet		Fillet	Select Fillet, and then drag the arow to fillet.
|FldDelDataPick	Delete		Delete	
|FormApply	Apply		Apply	
|FormEscape	Escape		Escape from current command	
|FormNextFld	Next Field		Next Field	
|FormOK	OK		OK	
|FormPrevFld	Previous Field		Previous Field	
|FormReject	Cancel		Cancel	
~Anim0deg2Ui	0 Degree		0 degree	0 degrees
~Anim180deg2Ui	180 Degrees		180 degrees	180 degrees
~Anim270deg2Ui	270 Degrees		270 degrees	270 degrees
~Anim30deg2Ui	30 Degrees		30 degrees	30 degrees
~Anim360deg2Ui	360 Degrees		360 degrees	360 degrees
~Anim45deg2Ui	45 Degrees		45 degrees	45 degrees
~Anim60deg2Ui	60 Degrees		60 degrees	60 degrees
~Anim90deg2Ui	90 Degrees		90 degrees	90 degrees
~AnimActivateFolder	Activate All		Activate all	
~AnimActivateTypeNode	Activate		Activate	
~AnimAlnKfrmDisable	Disable	AnimAlnKfrmDisable	Disable keyframe alignment	
~AnimAlnKfrmEnable	Enable	AnimAlnKfrmEnable	Enable keyframe alignment	
~AnimAnimationAct	Activate		Activate	
~AnimAsmCall(HideCons)	Hide Constraint Status		Hide constraint status	
~AnimAsmCall(HideSupp)	Hide Inactive Components		Hide inactive components	
~AnimAsmCall(adjustColumn)	Size All Columns to Fit		Resize all columns to adapt content	
~AnimAsmCall(blk)	Blank		Blank	
~AnimAsmCall(blk_prof)	Blank		Blank	
~AnimAsmCall(cmp_pref)	Combined Mode		Combined mode	
~AnimAsmCall(coll_all)	Collapse All		Collapse all	
~AnimAsmCall(dis_aln)	Disable		Disable	
~AnimAsmCall(dis_aln_all)	Disable All		Disable all the alignments	
~AnimAsmCall(dtmhd)	Blank External Datum		Blank the external datum of the component	
~AnimAsmCall(dtmsw)	Unblank External Datum		Display the external datum of the component	
~AnimAsmCall(en_aln)	Enable		Enable	
~AnimAsmCall(en_aln_all)	Enable All		Enable all the alignments	
~AnimAsmCall(expd_all)	Expand All		Expand all	
~AnimAsmCall(face_at)	Appearance		Set face appearance	
~AnimAsmCall(flat_pref)	Separated Mode		Separated mode	
~AnimAsmCall(hideAllAttrs)	Hide All Attributes		Hide all the assembly attributes	
~AnimAsmCall(iso)	Show Only		Show only	
~AnimAsmCall(move)	Move		Move	
~AnimAsmCall(open)	Open Part		Open part	
~AnimAsmCall(showAttrsMgr)	Attributes Manager		Show the assembly attributes manager	
~AnimAsmCall(unblk)	Unblank		Unblank	
~AnimAsmCall(unblk_prof)	Unblank		Unblank	
~AnimAsmCall(zoom_to)	Zoom To		Zoom to component	
~AnimAsmExpandPicked	Show Picked on Tree		Show picked on tree	
~AnimAsmTLCall(dis_aln)	Disable		Disable	
~AnimAsmTLCall(dis_aln_all)	Disable All		Disable all	
~AnimAsmTLCall(en_aln)	Enable		Enable	
~AnimAsmTLCall(en_aln_all)	Enable All		Enable all	
~AnimBlankAllObj	Blank All		Blank all	Blank all
~AnimBlankFolder	Blank All		Blank all	
~AnimBlankMotor	Blank		Blank motor	Blank motor
~AnimBlankObj	Blank		Blank	Blank objects
~AnimBlankTypeNode	Blank		Blank	
~AnimBlkAllMotor	Blank All		Blank all motor	Blank all motor
~AnimCall(dis)	Disable		Disable	
~AnimCall(ena)	Enable		Enable	
~AnimCall(mtredef)	Redefine			
~AnimCall(set)	Set value		Set value	
~AnimCollapseAll	Collapse All	AnimCollapseAll	Collapse all nodes	
~AnimDeactivateFolder	Deactivate All		Deactivate all	
~AnimDeactivateTypeNode	Deactivate		Deactivate	
~AnimDelAll	Delete All		Delete all	Delete all
~AnimDelAllCamera	Delete All Camera		Delete all camera	Delete all camera
~AnimDelAllComp	Delete All		Delete all component	Delete all component
~AnimDelAllMotor	Delete All		Delete all motor	Delete all motor
~AnimDelAnimation	Delete		Delete	
~AnimDelFolder	Delete All		Delete all	
~AnimDelTypeNode	Delete		Delete	
~AnimDisableAllAlign	Disable All		Disable all align	Disable all align
~AnimEdit	Edit		Edit	
~AnimEnableAllAlign	Enable All		Enable all align	Enable all align
~AnimExpandAll	Expand All	AnimExpandAll	Expand all nodes	
~AnimFaceAng2Ui	Measure Face Dihedral		Measure face dihedral	Measure face dihedral
~AnimInqAng2Ui	Angle		Angle	Angle
~AnimInqDst2Ui	Distance		Distance	Angle
~AnimInterTypeLinear	Linear		Set keyframe interpolation type to linear	Set keyframe interpolation type to linear
~AnimInterTypeNone	None		Set keyframe interpolation type to none	Set keyframe interpolation type to none
~AnimKfrmAddNewKfrm	Keyframe		Add new keyframe	Add new keyframe
~AnimKfrmCopy	Copy		Copy keyframe	Copy keyframe
~AnimKfrmCut	Cut		Cut keyframe	Cut keyframe
~AnimKfrmDelete	Delete		Delete keyframe	Delete keyframe
~AnimKfrmInvert	Invert		Invert keyframe	Invert keyframe
~AnimKfrmMirror	Mirror		Mirror keyframe	Mirror keyframe
~AnimKfrmPasteMouse	Paste		Paste keyframe	Paste keyframe
~AnimKfrmRedefCam	Redefine		Redefine camera keyframe	Redefine camera keyframe
~AnimKfrmRefresh	Refresh		Refresh keyframe value	Refresh keyframe value
~AnimKfrmSelectAll	Select All		Select all	Select all
~AnimKfrmSuppress	Suppress		Suppress keyframe	Suppress keyframe
~AnimKfrmUnSuppress	Unsuppress		Unsuppress keyframe	Unsuppress keyframe
~AnimMeasAcr2Ui	Measure		Measure arc	Measure arc
~AnimMotorBlank	Blank		Blank motor	Blank motor
~AnimMotorUnblank	Unblank		Unblank motor	Unblank motor
~AnimObjSuppressAll	Suppress All		Suppress all	Suppress all
~AnimObjUnSuppressAll	Unsuppress All		Unsuppress all	Unsuppress all
~AnimRedefCamera	Redefine		Redefine a camera	Redefine a camera
~AnimRedefMotor	Redefine		Redefine a motor	Redefine a motor
~AnimRename	Rename		Rename	
~AnimReuse	Reuse Animation		Reuse animation	
~AnimRowChooseAll	Choose All		Choose all	Choose all
~AnimRowCopy	Copy		Copy all keyframe	Copy all keyframe
~AnimRowCut	Cut		Cut all keyframe	Cut all keyframe
~AnimRowDel	Delete		Delete all keyframe	Delete all keyframe
~AnimSelectAllCol	Select Whole Column		Select all keyframes in this time	
~AnimSetToCurCfg	Set to Current Config		Set to current config	
~AnimSupAllCamera	Suppress All		Suppress all camera	Suppress all camera
~AnimSupAllComponent	Suppress All		Suppress all component	Suppress all component
~AnimSupAllMotor	Suppress All		Suppress all motor	Suppress all motor
~AnimTrkDelCurData	Clear Current Data		Clear current data	
~AnimTrkExport	Export to File		Export to file	
~AnimUIStepSize	Step Size		Step size	Step size
~AnimUnBlankFolder	Unblank All		Unblank all	
~AnimUnBlankMotor	Unblank		Unblank motor	Unblank motor
~AnimUnBlankTypeNode	Unblank		Unblank	
~AnimUnblankAllObj	Unblank All		Unblank all	Unblank all
~AnimUnblankObj	Unblank		Unblank	Unblank objects
~AnimUnblkAllMotor	Unblank All		Unblank all motor	Unblank all motor
~AnimUnsupAllCamera	Unsuppress All		Unsuppress all camera	Unsuppress all camera
~AnimUnsupAllComponent	Unsuppress		Unsuppress all component	Unsuppress all component
~AnimUnsupAllMotor	Unsuppress All		Unsuppress all motor	Unsuppress all motor
~AnimViewActivite	Activate		Activate	Activite
~AnimViewAutoKfrm	Auto Keyframe		Auto view keyframe	Auto view keyframe
~AnimationInferList	View Full Interference Information			
~AnimationInferShowInfo	Show Interference Areas			
~AsEditAlnStr(Del)	Delete		Delete alignment	
~AsEditAlnStr(DelAll)	Delete all		Delete all alignments	
~AsEditAlnStr(New)	New alignment		Create new alignment	
~AsmCall(FindLostCmp)	Find Lost Components		Find lost components	
~AsmCall(HideCons)	Hide Constraint Status		Hide constraint status	
~AsmCall(HideSupp)	Hide Inactive Components		Hide Inactive Components	
~AsmCall(InhAt)	Inherit Attributes		Inherit attributes	
~AsmCall(RegenAllCmp)	Regen All Components		Regen All Components	
~AsmCall(RegenOutDate)	Regen Outdated Components		Regen Outdated Components	
~AsmCall(SetEnvolope)	Make Envelope		Make envelope	
~AsmCall(SetExternal)	Make Independent		Make the virtual part to be external	
~AsmCall(SetVirtual)	Make Virtual		Make the part to be virtual	
~AsmCall(act_config)	Activate Config		Activate Config	
~AsmCall(addToFav)	Add to Favorites		Add to favorites	
~AsmCall(add_desc)	Add Description		Add Description	
~AsmCall(add_ev)	Exploded View	AsmExpView	Explode the assembly	The explosion is for visual purposes only and does not modify the actual location of each component within the assembly.
~AsmCall(adj)	Adjust		Adjust Component	
~AsmCall(adjustColumn)	Size All Columns to Fit		Resize all columns to adapt content	
~AsmCall(align)	Constraint	AsEditAlign	Constrain components and shapes	Create an alignment constraint that associates two components or shells in the active part/assembly.
~AsmCall(asmTreeSort)	Assembly Tree Sorting		Assembly tree sorting	
~AsmCall(assembly_layer)	Assembly Layer		Enable/Disable assembly layer	
~AsmCall(blk)	Blank		Blank	
~AsmCall(blk_aln)	Blank Alignment		Blank alignment	
~AsmCall(blk_prof)	Blank		Blank	
~AsmCall(chg)	Change		Change Component	
~AsmCall(cmp_pref)	Combined Mode		Combined Mode	
~AsmCall(coll_all)	Collapse All		Collapse All	
~AsmCall(csupp)	Suppress		Suppress component	
~AsmCall(cusupp)	Unsuppress		Unsuppress Component	
~AsmCall(del)	Erase		Erase	
~AsmCall(del_align)	Delete Constraint	AsAlnDelete	Unconstrain component or shape	Select the component and then the constraint to delete. You can middle-click to delete all constraints associated with the component.
~AsmCall(del_aln)	Delete		Delete	
~AsmCall(del_config)	Delete Config		Delete Config	
~AsmCall(del_exp)	Delete Explosion		Delete Explosion	
~AsmCall(del_ftr)	Delete		Delete	
~AsmCall(del_grp)	Delete		Delete group and its members	
~AsmCall(del_inv_all)	Delete Invalid All		Delete invalid all	
~AsmCall(del_mt_ev)	Delete Explosion		Delete Explosion	
~AsmCall(dim_show)	Turn Dimension On/Off		Dimension On/Off	
~AsmCall(dis_aln)	Disable		Disable	
~AsmCall(dis_aln_all)			Disable all the alignments	
~AsmCall(dissolve)	Dissolve Assembly		Dissolve assembly	
~AsmCall(dtmhd)	Blank External Datum		Blank the external datum of the component	
~AsmCall(dtmsw)	Unblank External Datum		Display the external datum of the component	
~AsmCall(ed)	Edit Part		Edit part	
~AsmCall(ed_align)	Edit Constraint	AsEditAlign	Edit component constraints	An options form similar to the Constrain Components command is displayed listing its constraints.
~AsmCall(edit_exp)	Edit Explosion		Edit Explosion	
~AsmCall(en_aln)	Enable		Enable	
~AsmCall(en_aln_all)			Enable all the alignments	
~AsmCall(exp)	Explode		Explode	
~AsmCall(exp_ani)	Explode via Animation		Explode via Animation	
~AsmCall(expd_all)	Expand All		Expand All	
~AsmCall(face_at)	Appearance		Face attributes	
~AsmCall(favClearAll)	Clear All		Clear all favorite nodes	
~AsmCall(find_work_part)	Find Work Component		Find Work Component	
~AsmCall(fix)	Fix		Anchor	
~AsmCall(flat_pref)	Separated Mode		Separated Mode	
~AsmCall(flex)	Make Flexible		Make flexible	
~AsmCall(flip_aln)	Flip		Flip	
~AsmCall(grpcomp)	Group as Sub-assembly		Group as sub-assembly	
~AsmCall(grpfolder)	Assembly Folder		Group into folder	
~AsmCall(hideAllAttrs)	Hide All Attributes		Hide all the assembly attributes	
~AsmCall(hist_blk)	Blank		Blank	
~AsmCall(hist_unblk)	Unblank		Unblank	
~AsmCall(ins)	Insert		Insert Component	
~AsmCall(ins3)	Insert		Insert Component	
~AsmCall(ins_as_comp)	Dissolve Pattern/Mirror Relation		Dissolve pattern/mirror relation	Set the assembly feature instanced as components
~AsmCall(iso)	Show Only		Show only	
~AsmCall(ldall)	Load all models		Load all models	
~AsmCall(ldcrt)	Load current model		Load current model	
~AsmCall(ldmultiall)	Load All Models		Load all models	
~AsmCall(ldmulticrt)	Load Current Model		Load current model	
~AsmCall(load_all)	Load All Models		Load all models	
~AsmCall(load_cur)	Load Current Model		Load current model	
~AsmCall(lock_rot)	Rotation Lock/Unlock		Rotation lock/unlock	
~AsmCall(move)	Move		Move	
~AsmCall(mrg)	Merge		Merge	
~AsmCall(new2ins)	New to Insert		Create a component and insert it	
~AsmCall(new_asmfolder)	New Assembly Folder		New assembly folder	
~AsmCall(open)	Open Part		Open part	
~AsmCall(pack)	Pack		Pack	
~AsmCall(pack_all)	Pack All		Pack All	
~AsmCall(part_at)	Part Attributes		Part attributes	
~AsmCall(part_sheet)	2D Sheet		2D sheet	
~AsmCall(placed)	Load Component		Place an unplaced component	
~AsmCall(rd_ftr)	Edit		Edit	
~AsmCall(redefine_aln)	Redefine		Redefine	
~AsmCall(regenStd)	Regen Standard Component		Regen Standard Component	
~AsmCall(regen_ftr)	Regen		Regen	Regenerate the specified assembly feature
~AsmCall(reload)	Assembly Reload File		Reload file	
~AsmCall(removeFromFav)	Remove from Favorites		Remove from favorites	
~AsmCall(ren)	Rename		Rename Component	
~AsmCall(ren_ftr)	Rename		Rename	Regenerate the specified assembly feature
~AsmCall(ren_part)	Rename Part		Rename Part	
~AsmCall(renamegrp)	Rename		Rename group folder	
~AsmCall(restoreAsmTreeOrder)	Restore Assembly Tree Order		Restore assembly tree order	
~AsmCall(rgn)	Auto Regen		Auto regen	
~AsmCall(rgncop)	Regen		Regen select component	
~AsmCall(rig)	Make Rigid		Make rigid	
~AsmCall(rot_lock_all)	Rotation Lock All		Rotation lock	
~AsmCall(rot_lock_aln)	Rotation Lock		Rotation lock	
~AsmCall(rot_unlock_all)	Rotation Unlock All		Rotation unlock	
~AsmCall(rot_unlock_aln)	Rotation Unlock		Rotation unlock	
~AsmCall(sac)	Make all Copy		Make all copy	
~AsmCall(set_light)	Set to Lightweight		Set to lightweight	
~AsmCall(showAttrsMgr)	Attributes Manager		Show the assembly attributes manager	
~AsmCall(showHistFtrs)	Show History Features		Show history features node on the assembly tree	
~AsmCall(supp_ftr)	Suppress		Suppress	
~AsmCall(switch)	Switch File Permission		Switch file permission	
~AsmCall(unblk)	Unblank		Unblank	
~AsmCall(unblk_aln)	Unblank Alignment		Unblank alignment	
~AsmCall(unblk_prof)	Unblank		Unblank	
~AsmCall(unexp)	Unexplode		Unexplode	
~AsmCall(unexp_ani)	Unexplode via Animation		Unexplode in the form of animation	
~AsmCall(unfix)	Float		Unanchor	
~AsmCall(unlink)	Unlink		Unlink	Unlink the specified assembly feature
~AsmCall(unpack)	Unpack		Unpack	
~AsmCall(unpack_all)	Unpack All		Unpack All	
~AsmCall(unsupp_ftr)	Unsuppress		Unsuppress	
~AsmCall(user_at)	User Attributes		User attributes	
~AsmCall(zoom_to)	Zoom To		Zoom to component	
~AsmCallGeom(AlnAll2)	Common Constraint	AsAlnAll2	Constrain components and shapes	Create an alignment constraint that associates two components or shells in the active part/assembly.
~AsmCallGeom(Axis2)	Datum Axis	CdAxis2	Datum axis	Insert a new datum axis, which is used to establish a direction of reference.
~AsmCallGeom(Blank)	Blank		Blank	Blank component entity.
~AsmCallGeom(Chamf2)	Chamfer	FtChamfers2	Chamfer	Select the edges (E) to chamfer. Then specify chamfer setback distance (S).
~AsmCallGeom(Csys)	Datum CSYS	CdCSYSAll	Datum CSYS	Insert a new datum coordinate system.
~AsmCallGeom(Extract)	Extrude	FtAllExt	Extruded shape	Select a profile (P) to extrude or middle-click to Create a Feature Sketch. Then specify the start (S) and end (E) of the extruded feature.
~AsmCallGeom(FaceAt)	Face Appearance	CdVFaceAppAt	Set face appearance	
~AsmCallGeom(Fillte2)	Fillet	FtFillet2	Fillet	Select the edges (E) and radius (R) to fillet. It used to create a wide variety of constant and variable fillets and corner blends.
~AsmCallGeom(FlexDesign)			Flexible design	
~AsmCallGeom(InhAt)	Inherit Attributes		Inherit attributes	
~AsmCallGeom(OffFc)	Face Offset	FtOffsetFace1	Offset a face	Select the faces (F) to offset. Specify the offset value (T) . A negative value indicates an internal offset. A positive value indicates an external offset.
~AsmCallGeom(PartRef)	Reference	CdPartRef	Reference external assembly geometry into the active part	
~AsmCallGeom(Plane)	Datum Plane	CdPlane	Datum plane	Insert a new datum plane. Datums are used to establish a plane of reference.
~AsmCallGeom(PrfEdit)	Edit Sketch		Edit Sketch	Edit sketch in component.
~AsmCallGeom(PrfNew)	Sketch	CdProfNew	Create new sketch	
~AsmCallGeom(Redefine)	Redefine		Redefine feature	Rollback the active part history to a feature and modify it.
~AsmCallGeom(RemoveFlex)			Remove flexible design	
~AsmCallGeom(Revolve)	Revolve	FtAllRev	Revolved shape	Select profile (P) to revolve or middle-click to Create a Feature Sketch. Specify the revolve axis (A). You can select a line or right-click for additional input options. Then specify the start angle (S)and end angle (E) of the revolved feature.
~AsmCallGeom(SetEnvolope)	Make Envelope		Make envelope	
~AsmCallGeom(SetExternal)	Make Independent		Make the virtual part to be external	
~AsmCallGeom(SetVirtual)	Make Virtual		Make the part to be virtual	
~AsmCallGeom(Shell)	Shell	FtShell1	Create shell from shape	Select the shape (S) to shell. Specify the shell thickness (T) . A negative value indicates an internal offset. A positive value indicates an external offset. Select which faces (O) if any should be deleted from offset consideration or middle-click to skip this option.
~AsmCallGeom(TextModStr)	Change Text String	CdTextModStr	Modify text string	Select the text string to modify and then enter the new text or right-click and select Editor to use the Text and Dimension Editor.
~AsmCallGeom(TransferFlex)			Transfer flexible to part	
~AsmCallGeom(Unblank)	Unblank		Unblank	Unblank component entity.
~AsmCallGeom(adj)	Adjust		Adjust Component	
~AsmCallGeom(analyze)	Analysis		Analyze component display	
~AsmCallGeom(blk)	Blank		Blank	
~AsmCallGeom(blkAsm)	Blank		Blank	Blank component entity and geometry entity.
~AsmCallGeom(cfgComp)	Configure Component		Configure object	
~AsmCallGeom(chg)	Change		Change Component	
~AsmCallGeom(cpyCns)	Copy with Constraints		Copy component with constraints	
~AsmCallGeom(csupp)	Suppress		Suppress component	
~AsmCallGeom(del)	Erase		Erase	
~AsmCallGeom(dtmhd)	Blank External Datum		Blank the external datum of the component	
~AsmCallGeom(dtmsw)	Unblank External Datum		Display the external datum of the component	
~AsmCallGeom(ed)	Edit Part		Edit part	
~AsmCallGeom(ed_align)	Edit Constraint	AsEditAlign	Edit component constraints	An options form similar to the Constrain Components command is displayed listing its constraints.
~AsmCallGeom(exPick)	Show Picked on Tree		Show picked on tree	
~AsmCallGeom(face_at)	Appearance		Set face appearance	
~AsmCallGeom(fix)	Fix		Anchor	
~AsmCallGeom(flex)	Make Flexible		Make flexible	
~AsmCallGeom(hidden)	Hidden Line		Hidden line component display	
~AsmCallGeom(histCpy)	Copy		Copy	
~AsmCallGeom(histCut)	Cut		Cut	
~AsmCallGeom(histPst)	Paste		Insert clipboard operations in history	Paste
~AsmCallGeom(inqEnt)	Entity Info		Show entity information	Display of information about an entity in the Entity Browser.  This command can also be invoked automatically from the object editor by right-clicking on a highlighted entity and selecting Inquire from the popup menu.
~AsmCallGeom(inq_aln_stat)	Constraint Status		Inquire constraint status	
~AsmCallGeom(iso)	Show Only		Show only	
~AsmCallGeom(lyrAct)	Activate Layer		Set active layer	
~AsmCallGeom(lyrCpy)	Copy to Layer			Copy object from source layer to target layer
~AsmCallGeom(lyrMov)	Move to Layer			Move object from source layer to target layer
~AsmCallGeom(lyrVis)	Layer On/Off		Toggle layer visibility	
~AsmCallGeom(move)	Move		Move	
~AsmCallGeom(mrg)	Merge		Merge	
~AsmCallGeom(open)	Open Part		Open part	
~AsmCallGeom(part_at)	Part Attributes		Part attributes	
~AsmCallGeom(part_sheet)	2D Sheet		2D sheet	
~AsmCallGeom(ren_part)	Rename Part		Rename Part	
~AsmCallGeom(reset)	Reset		Reset component display	
~AsmCallGeom(rgn)	Auto Regen		Auto regen	
~AsmCallGeom(rig)	Make Rigid		Make rigid	
~AsmCallGeom(shade)	Shade		Shade component	
~AsmCallGeom(traTog)	Toggle Entity Transparency		Toggle entity transparency	
~AsmCallGeom(trans)	Transparent		Transparent component display	
~AsmCallGeom(unfix)	Float		Unanchor	
~AsmCallGeom(user_at)	User Attributes		User attributes	
~AsmCallGeom(wire)	Wireframe		Wireframe component display	
~AsmEtCollAll	Collapse All Steps		Collapse all steps	
~AsmEtExpandAll	Expand All Steps		Expand all steps	
~AsmEvStepDel	Delete Step		Delete step	
~AsmEvStepEdit	Edit Step		Edit step	
~AsmEvStepRname	Rename Step		Rename step	
~AsmEvStepTime	Adjust Step Time		Adjust step time	
~AsmEvTrailsBlk	Blank Trails		Blank trails	
~AsmEvTrailsDel	Delete Trails		Delete all trails	
~AsmEvTrailsEdt	Edit Trails		Edit trails	
~AsmEvTrailsUnBlk	Unblank Trails		Unblank trails	
~AsmExpPlayTo	Play To		Play to step	
~AsmExpViewRname	Rename Explosion		Rename exploded view.	
~AsmExpViewTime	Adjust Explosion Time		Adjust total time of exploded animation.	
~AsmExpandPicked	Show Picked on Tree		Show picked on tree	
~AsmRemoveFlexDesign			Remove flexible design	
~AsmTransferFlexToPart			Transfer flexible to part	
~BrBlockCmd(SaveTo)	Copy to current file		Copy selected blocks to current file	Copy selected blocks to current file
~BrBlockCmd(attr)	Attributes		Modify the attributes of the block object	
~BrBlockCmd(del)	Delete		Delete a block	
~BrBlockCmd(edit)	Edit Block		Edit a block	
~BrBlockCmd(inq)	Inquire		Inquire the block information	
~BrBlockCmd(ins)	Insert Block		Insert block	
~BrBlockCmd(rename)	Rename		Rename a block	
~BrBlockCmd(rigid)	Change to Rigid		Change the block to rigid block	
~BrBlockCmd(unlink)	Unlink		Unlink the block	
~BrBlockCmd(upd)	Regen		Regen block	
~BrFileShow1	File Browser		File Browser	
~BrObjDel	Delete		Delete	
~BrObjEdit	Edit		Edit	
~BrObjRename	Rename		Rename	
~BrVarAll	Variables Browser		Browse variables	
~BrVarDelExtEq	Delete External Equation		Delete selected external equation	
~BrVarInq	Inquire		Inquire	
~BrVarTarg	Browse Variables		Browse Variables	
~Cd3DBomAtEdit	Attributes		Attributes	
~Cd3DBomCellClear	Clear		Clear data	
~Cd3DBomCellCpy	Copy Cell		Copy selected attribute	
~Cd3DBomCellEdit	Edit		Edit	
~Cd3DBomCellPaste	Paste to Cells		Paste the attribute to selected cells	
~Cd3DBomDelAttr	Delete		Delete attribute	
~Cd3DBomEditStockSize	Edit Stock Size		Edit the stock size of the selected part	Edit the stock size of the selected part.
~Cd3DBomExcludeOnly	Exclude Only		Exclude only	
~Cd3DBomExcludeRow	Exclude Item		Exclude item manually	
~Cd3DBomHideCol	Hide Column		Hide Column	
~Cd3DBomIncludeAll	Include All		Include all to BOM	
~Cd3DBomIncludeComp	Include Component		Include component to BOM	
~Cd3DBomInhAt	Inherit Attributes		Inherit Attributes	
~Cd3DBomMergExcd	Merge Display		Merge the component display	
~Cd3DBomMergeCol	Merge by Column		Merge components by Column	
~Cd3DBomRenameAttr	Rename		Rename attribute name	
~Cd3DBomRowCpy	Copy		Copy the display attribute in the row	
~Cd3DBomRowPaste	Paste		Paste the display attribute to selected rows	
~Cd3DBomShellName	Edit Shape Names		Edit Shape Names	
~Cd3DBomSortCol(ascend)	Ascending		Sort Ascending	
~Cd3DBomSortCol(descend)	Descending		Sort Descending	
~Cd3DBomSortName(ascend)	Ascending		Ascending sort name	
~Cd3DBomSortName(descend)	Descending		Descending sort name	
~Cd3DBomSuppTrailZero	Suppress Trailing Zero		Suppress trailing zero	
~CdActiveLyr	Activate		Activate	
~CdAddPick	Add Pick		Add Pick	
~CdAllSelectLyr	Select All		Select all	
~CdAnimKeyActv	Activate		Activate the key frame	Activate the key frame
~CdAnimKeyDelet	Delete Key Frame		Delete key frame	Delete key frame
~CdAnimMTCrtCrv	Create Curve	CdAnimMTCrtCrv		
~CdAnimMTDel	Delete	CdAnimMTDel		
~CdAnimMTExpFile	Export to File	CdAnimMTExpFile		
~CdAnimMTHide	Hide	CdAnimMTHide		
~CdAnimMTShow	Show	CdAnimMTShow		
~CdAnimMTSupp	Suppress	CdAnimMTSupp		
~CdAnimMTUnsupp	Unsuppress	CdAnimMTUnsupp		
~CdAnimMotorDelete	Delete Motor		Delete motor	
~CdAnimMotorEdit	Edit Motor		Edit Motor	
~CdAnimMotorRename	Rename Motor		Rename Motor	
~CdAnimMotorSuppress	Sup/UnSup Motor		Sup/UnSup motor	
~CdAppearanceAttachCmd(Component)	Set Appearance to Component		Set appearance to component	
~CdAppearanceAttachCmd(Face)	Set Appearance to Face		Set appearance to face	
~CdAppearanceAttachCmd(Part)	Set Appearance to Part		Set appearance to part	
~CdAppearanceAttachCmd(Shape)	Set Appearance to Shape		Set appearance to shape	
~CdAppearanceManagerCmd(apply)	Apply Appearance to Part		Apply appearance to part	
~CdAppearanceManagerCmd(apply_scene)	Apply Scene to Current File		Apply scene to current file	
~CdAppearanceManagerCmd(clear_all)	Clear All		Clear all	
~CdAppearanceManagerCmd(collapse)	Collapse Subitems		Collapse subitems	
~CdAppearanceManagerCmd(del)	Delete		Delete an appearance	
~CdAppearanceManagerCmd(del_fav)	Remove from Favorites		Remove from favorites	
~CdAppearanceManagerCmd(expand)	Expand Subitems		Expand subitems	
~CdAppearanceManagerCmd(fav)	Add to Favorites		Add to the favorites	
~CdAppearanceManagerCmd(refresh)	Refresh		Refresh the directory	
~CdAppearanceManagerCmd(rename)	Rename		Rename	
~CdAppearanceManagerCmd(reset)	Reset to Original Properties		Reset to original properties	
~CdAppearanceManagerCmd(search)	Search Below Here		Search files below this folder	
~CdAsmCond	Conditional Suppress		Attach expression for conditional suppression	Attach a variable or expression to a feature.
~CdAssoCopy	Associative Copy		Associative Copy	
~CdAtFix	Fix...		Fix entity attributes	Remove redundant attributes.
~CdAttributeMgrBrVarAll	Variables Browser		Browse variables	
~CdAttributeMgrItemLink	Link to variable		Link to variable	
~CdAttributeMgrItemUnLink	Unlink		Break the linkage to variable	
~CdAutoAE	Turn "Auto Assoiciate Entity" On/Off		Turn "Auto Assoiciate Entity" On/Off	
~CdAutoDraftCheckAll	Check All		Check all items	
~CdAutoDraftDelRow	Delete		Delete	
~CdAutoDraftRemoveUncheck	Remove Unchecked		Remove unchecked items	
~CdAutoDraftTrCheckAll	Check All		Check all layers	
~CdAutoDraftTrUncheckAll	Uncheck All		Uncheck all layers	
~CdAutoDraftUncheckAll	Uncheck All		Uncheck all items	
~CdAuxProfEdit	Edit Sketch		Edit Sketch	
~CdBOMExcludePop	Exclude from table			
~CdBOMIncludePop	Include in table			
~CdBatchAttrObjectClear	Delete All		Delete All	
~CdBatchAttrObjectDel	Delete Item		Delete item manually	
~CdBlankCmd	Blank		Blank entities	
~CdBomCompLstInqPop	Inquire		Inquire	
~CdCfgAsmTreeMod(Combin)	Combined Mode		Combined Mode	
~CdCfgAsmTreeMod(Sep)	Separated Mode		Separated Mode	
~CdCfgCollapse	Collapse all		Collapse all	
~CdCfgExpand	Expand all		Expand all	
~CdCfgInsNameOpt(Cfg_Tbl)	Instance name option		Instance name option	
~CdCfgTblAddClor	Add component color		Add component color	
~CdCfgTblAddCompPartCfg	Add part config		Add part config	
~CdCfgTblAddDim	Add dimension		Add dimension	
~CdCfgTblAddFtr	Add feature		Add feature	
~CdCfgTblAddThd	Add thread		Add thread	
~CdCfgTblAddThdDep	Add thread depth		Add thread depth	
~CdCfgTblCfg(Asm)	Configure		Configure	
~CdCfgTblCfg(Hist)	Configure		Configure	
~CdCfgTblCmpDispAsAct	Component Display As Active		Component Display As Active	
~CdCfgTblCopy	Copy Data		Copy Data	
~CdCfgTblCustom(Asm)	Custom		Custom	
~CdCfgTblCustom(Hist)	Custom		Custom	
~CdCfgTblCustom(Tbl_Det)	Custom		Custom	
~CdCfgTblCustom(Tbl_Set)	Custom		Custom	
~CdCfgTblDelCfg	Delete		Delete	
~CdCfgTblDelCol	Delete		Delete	
~CdCfgTblDesc	Description		Description	
~CdCfgTblIncr(Asm)	Step		Step	
~CdCfgTblIncr(Hist)	Step		Step	
~CdCfgTblIncr(Tbl)	Step		Step	
~CdCfgTblKey(Asm)	Key		Key	
~CdCfgTblKey(Hist)	Key		Key	
~CdCfgTblKey(Tbl_Det)	Key		Key	
~CdCfgTblKey(Tbl_Set)	Key		Key	
~CdCfgTblPaste	Paste Data		Paste Data	
~CdCfgTblRang(Asm)	Range		Range	
~CdCfgTblRang(Hist)	Range		Range	
~CdCfgTblRang(Tbl)	Range		Range	
~CdCfgTblRename	Rename		Rename	
~CdCfgTblSupp	Condition suppress		Condition suppress	
~CdCfgTblSwitch	Activate		Activate	
~CdClientAdd	Add Application		Add Application	
~CdClientDel	Remove Application		Remove Application	
~CdClientEdit	Edit Application		Edit Application	
~CdCnsAlnHorQk	Points Horizontal			
~CdCnsAlnVerQk	Points Vertical			
~CdCnsCoinQk	Point Coincident			
~CdCnsCollinQk	Collinear			
~CdCnsConcQk	Point to Center			
~CdCnsEqlCrvatQk	Equal Curvature			
~CdCnsEqlLenQk	Equal Length			
~CdCnsEqlRadQk	Equal Radius			
~CdCnsFixXYQk	Fix XY			
~CdCnsFixXYQk_X	Fix X			
~CdCnsFixXYQk_Y	Fix Y			
~CdCnsHorQk	Horizontal			
~CdCnsIsectQk	Point to Intersection			
~CdCnsMidXYQk	Point to Midpoint XY			
~CdCnsMidXYQk_x	Point to Midpoint X			
~CdCnsMidXYQk_y	Point to Midpoint Y			
~CdCnsOnCrvQk	Point to Line/Curve			
~CdCnsParaQk	Parallel			
~CdCnsPerpQk	Perpendicular			
~CdCnsSymPartQk	Partially Symmetrical			
~CdCnsSymQk	Symmetrical			
~CdCnsTangQk	Tangent			
~CdCnsVerQk	Vertical			
~CdCopy	Copy		Copy	
~CdCopyCnsChkAll	Check All		Check all constraints	
~CdCopyCnsUnchkAll	Uncheck All		Uncheck all constraints	
~CdCritCenter	Center Point		Center point	
~CdCritCtrl	Control Point		Control point	
~CdCritCurve	Point on Curve		Point on curve	
~CdCritEdge	Point on Edge		Point on edge	
~CdCritEnd	End Point		End point	
~CdCritFace	Point on Face		Point on face	
~CdCritIpolat	Interpolation Point		Interpolation point	
~CdCritIsect	Intersection Point		Intersection point	
~CdCritMid	Mid Point		Mid point	
~CdCritPick	Critical Pick		Critical pick	
~CdCritPnt	Existing Point		Existing point	
~CdCritQuad	Quad Point		Quad point	
~CdCut	Cut		Cut	
~CdCvDelCp	Delete Control Point			
~CdCvIntFairBend	Bend			
~CdCvIntFairEnergy	Energy			
~CdCvIntFairJerk	Jerk			
~CdCvIntFairNone	None			
~CdCvIntFairTension	Tension			
~CdCvIntFairVar	Variation			
~CdCvIntPntDel	Delete Point		Delete the interpolation point.	
~CdCvIntPntInferG1	Auto G1			
~CdCvIntPntInferG2	Auto G2			
~CdCvIntPntInferG3	Auto G3			
~CdCvMicroDeft	Default			
~CdCvMicroFourth	Fourth			
~CdCvMicroHalf	Half			
~CdCvMicroTenth	Tenth			
~CdCvPntG1Del	Delete G1		Delete the tangent condition at this point.	
~CdCvPntG1MagDel	Delete G1 Magnitude		Delete the tangent magnitude at this point.	
~CdCvPntG2Del	Delete G2		Delete the curvature radius condition at this point.	
~CdCvPntG2Show	Show Curvature Controller			
~CdCvPntG3Del	Delete G3		Delete the flow condition at this point.	
~CdCvPntTanRev	Reverse Tangent Direction		Reverse the tangent direction at this point.	
~CdCvSpiralRedefine	Redefine Spiral		Redefine Spiral	
~CdCvSymLockBlank	Blank Lock Symbols			
~CdCvTogInfPnt	Show Inflection Points			
~CdCvTogMaxKrv	Show Maximum Radius			
~CdCvTogMinKrv	Show Minimum Radius			
~CdCvTogNet	Display Control Polygon			
~CdCvTogPlot	Display Curvature Comb			
~CdCvTogRho	Display Conic Ratio			
~CdDE	Turn "Direct Edit" On/Off		Turn DE hint on/off	
~CdDelInCvtFiles	Delete		Delete	
~CdDelInFile	Delete		Delete	
~CdDelInSepFiles	Delete		Delete	
~CdDelInZpxFile	Delete		Delete	
~CdDelKeyFun	~CdDelKeyFun			
~CdDelLineType	Delete		Delete	
~CdDelLyr	Delete		Delete	
~CdDelPick	Del Pick		Del Pick	
~CdDepFtrRedefine	Redefine		Redefine	
~CdDepFtrRollback	Rollback		Rollback	
~CdDrawingBorder	Add Sheet Border		Add Sheet border	
~CdDrawingFmtFileDel(Row)	Delete		Delete	
~CdDrawingFmtFileDel(Uncheck)	Remove Unchecked		Remove unchecked items	
~CdDrawingRename	Rename		Rename	
~CdDwgAddAnchor(0)	Add User Table Anchor		Create a user table anchor	
~CdDwgAddAnchor(1)	Add BOM Table Anchor		Create a BOM table anchor	
~CdDwgAddAnchor(10)	Add Routing Bending Table Anchor		Create a routing bending information table anchor	
~CdDwgAddAnchor(11)	Add Routing End Point Table Anchor		Create a routing end point information table anchor	
~CdDwgAddAnchor(12)	Add Routing Connection Table Anchor		Create a routing connection information table anchor	
~CdDwgAddAnchor(13)	Add Structural BOM Table Anchor		Create a structural BOM table anchor	
~CdDwgAddAnchor(14)	Add Pipe Weld Table Anchor		Create a pipe Weld information table anchor	
~CdDwgAddAnchor(15)	Add Pipe Cutting Table Anchor		Create a pipe Cutting information table anchor	
~CdDwgAddAnchor(16)	Add Pipe Material Table Anchor		Create a pipe material information table anchor	
~CdDwgAddAnchor(2)	Add Hole Table Anchor		Create a hole table anchor	
~CdDwgAddAnchor(3)	Add Electrode Table Anchor		Create an electrode table anchor	
~CdDwgAddAnchor(4)	Add Structural BOM (Legacy) Table Anchor		Create a structural BOM (Legacy) table anchor	
~CdDwgAddAnchor(5)	Add Weld Table Anchor		Create a weld table anchor	
~CdDwgAddAnchor(6)	Add Point Table Anchor		Create a point table anchor	
~CdDwgAddAnchor(7)	Add Dimension Table Anchor		Create a dimension table anchor	
~CdDwgAddAnchor(8)	Add Revision Table Anchor		Create a revision table anchor	
~CdDwgAddAnchor(9)	Add Routing Table Anchor		Create a routing table anchor	
~CdDwgSideBlock	Add Additional List Block		Add side block	
~CdDwgTitleBlock	Add Title Block		Add title block	
~CdDwgTopBlock	Add Code List Block		Add top block	
~CdDynSection	Section on/off		Turn dynamic section on/off	
~CdDynSectionNew	New Section	CdDynSection	View dynamic section	This is very convenient when you need to work on areas of a part that are not readily visible in Wireframe Display Mode or Hidden Line Display Mode.
~CdDynSectionSketch	Section on/off		Turn dynamic section on/off	
~CdEcadEditPcb	New/Edit Board		New/Edit shape of PCB board	
~CdEcadExtTab	ECAD Tab		Extrude base tab	Extrude a close profile to be a base shape.
~CdEditorEngrave	Editor		Editor	
~CdEditorFile	Text File Editor		Text File Editor	
~CdEditorShow1	Editor		Editor	
~CdEditorShow2	Editor		Editor	
~CdEditorShow2(1)	Editor		Editor	
~CdEditorShow3	Editor		Editor	
~CdEditorShowMod	Editor		Editor	
~CdEditorShowPip	Editor		Editor	
~CdEditorVar	Editor		Editor	
~CdEntEvt(f)	Find Next Valid Filter Setting		find next valid filter setting	
~CdEqnCollapseAll	Collapse All		Collapse all the equation set.	
~CdEqnDelItem	Erase		Delete variable or equation set.	
~CdEqnEditItem	Edit		Edit equation set or variable	
~CdEqnExpandAll	Expand All		Expand all the equation set.	
~CdEqnModStatus(1)	Lock		Lock variable or equation set.	
~CdEqnModStatus(2)	Unlock		Unlock variable or equation set.	
~CdEqnModStatus(3)	Blank		Blank variable or equation set.	
~CdEqnModStatus(4)	Unblank		Unblank variable or equation set.	
~CdEqnSetCreate	Create Equation Set		Create Equation Set.	
~CdEqnSetName	Rename	CdFtrSetName2	Rename history operation	
~CdEqnSolveItem	Solve		Solve equation set	
~CdEqnTbl(0)	Part Table		Use a part table	
~CdEqnTbl(2)	Part Table		Use a part table	
~CdEqnTbl(3)	Part Table		Use a part table	
~CdEqnTbl(apd)	Append		Append	
~CdEqnTbl(cpy)	Copy		Copy	
~CdEqnTbl(cut)	Cut		Cut	
~CdEqnTbl(del)	Delete		Delete	
~CdEqnTbl(edt)	Edit		Edit	
~CdEqnTbl(ins)	Insert		Insert	
~CdEqnTbl(pst)	Paste		Paste	
~CdEqnTbl(ptn)	Pattern		Pattern	
~CdEqnTbl(uns)	Unselect All		Unselect All	
~CdEqnUnenlistDim	Unenlist		Unenlist Dimension	Unenlist Dimension
~CdEqnUnlinkVar	Unlink		Unlink Variable	Unlink to Variable
~CdEqnsSortCol(ascend)	Ascending		Ascending sort column	
~CdEqnsSortCol(descend)	Descending		Descending sort column	
~CdEqnsSortName(ascend)	Ascending		Ascending sort name	
~CdEqnsSortName(descend)	Descending		Descending sort name	
~CdEqnsTreeCSCb(0)	Name		Toggle name column on/off	
~CdEqnsTreeCSCb(1)	Expression		Toggle expression column on/off	
~CdEqnsTreeCSCb(2)	Value		Toggle value column on/off	
~CdEqnsTreeCSCb(3)	Min		Toggle min column on/off	
~CdEqnsTreeCSCb(4)	Max		Toggle max column on/off	
~CdEqnsTreeCSCb(5)	Unit		Toggle unit column on/off	
~CdEqnsTreeCSCb(6)	Type		Toggle type column on/off	
~CdEqnsTreeCSCb(7)	Publish		Toggle publish column on/off	
~CdEqnsTreeCSCb(8)	Description		Toggle description column on/off	
~CdEqnsTreeCSCb(9)	State		Toggle state column on/off	
~CdEskdBom	ESKD BOM		Create ESKD BOM table	Create an ESKD BOM table in the Drawing Sheet environment and automatically get a view as the table data source.
~CdEskdBomAtEdit	Attribute			
~CdEskdBomCellCpy	Copy Cell			
~CdEskdBomCellPaste	Paste to Cells			
~CdEskdBomDeleteRow	Delete Row			
~CdEskdBomExcludeRow	Exclude Item			
~CdEskdBomInsertRow	Insert Row			
~CdEskdBomItemRestore	Restore			
~CdEskdBomItemWrite	Write			
~CdEskdBomMoveCategory	Move to Category			
~CdEskdBomMoveToNextPage	Move to Next Page			
~CdEskdBomRemoveCate	Remove Category			
~CdEskdBomShellName	Edit Shape Names			
~CdEskdBomShowCategory	Show Category			
~CdExpShow	Expression		Expression	
~CdExpShowSimplest	Expression		Expression	
~CdExportLyr	Export		Export	
~CdFiDE	Turn "Direct Edit" Picking On/Off		Turn "Direct Edit" picking on/off	
~CdFiMoreDelAll	Delete All		Delete all items	
~CdFiMoreDelRow	Delete		Delete	
~CdFiMoreDelUncheck	Delete Unchecked		Delete unchecked items	
~CdFiMorePick	Pick All		Pick All	
~CdFileConvertDelRow	Delete		Delete	
~CdFileConvertDelUncheck	Remove Unchecked		Remove unchecked items	
~CdFileInsert	OLE Object		Insert OLE Object	Insert an OLE Object symbol into the active target.
~CdFileSACShow	Save as Copy		Save files as copies	
~CdFileSendTo	Send To...		Send to...	
~CdFiltListSel	Filter List		Using F8 to change to next filter setting	
~CdFixDb	Fix Objects		Fix corrupt objects	
~CdFontConv	Font Converter		Convert an SHX file to FNT file	Convert an SHX file to FNT file
~CdFrontPick	Ignore Sheltered Entities		Ignore sheltered entities	
~CdFrzBar2End	Go to End		Set feature freeze bar to the end of feature history.	
~CdFrzBar2Start	Go to Start		Set feature freeze bar to the start of feature history.	
~CdFstnLibCmd(add_lib)	Add Library Item		Add a new fastener library item	
~CdFstnLibCmd(del)	Delete		Delete a fastener library	
~CdFstnLibCmd(refresh)	Refresh		Refresh the directory	
~CdFstnLibCmd(rename)	Rename		Rename	
~CdFstnTblItem(delete)	Delete		Delete	
~CdFstnTblItem(edit)	Edit		Edit	
~CdFstnTblItem(mv_down)	Move Down		Move down	
~CdFstnTblItem(mv_top)	Move Top		Move top	
~CdFstnTblItem(mv_up)	Move Up		Move up	
~CdFtrAddAttr	User Attributes			
~CdFtrAddToFav	Add to Favorites		Add current node to favorites	Add current node to favorites
~CdFtrCall(adjustColumn)	Size All Columns to Fit		Resize all columns to adapt content	
~CdFtrCall(hideAllAttrs)	Hide All Attributes		Hide all the feature attributes	
~CdFtrCall(showAttrsMgr)	Attributes Manager		Show the feature attributes manager	
~CdFtrCall(showCheckbox)	Show Checkbox		Show checkbox of feature nodes	
~CdFtrCond	Conditional Suppress		Attach expression for conditional suppression	Attach a variable or expression to a feature.
~CdFtrEqnBlankAll(0)	Unblank All		Unblank all variables	Unblank all variables
~CdFtrEqnBlankAll(1)	Blank All		Blank all variables	Blank all variables
~CdFtrEqnModStatus(1)	Lock		Lock variable or equation set.	
~CdFtrEqnModStatus(2)	Unlock		Unlock variable or equation set.	
~CdFtrEqnModStatus(3)	Blank		Blank variable or equation set.	
~CdFtrEqnModStatus(4)	Unblank		Unblank variable or equation set.	
~CdFtrEqnModStatus(5)	Solve		Solve equation set.	
~CdFtrEqnRegen	Regen		Regen variables and equation set	Regen variables and equation set
~CdFtrFavClearAll	Clear All		Clear all favorite nodes	Clear all favorite nodes
~CdFtrFolderBlk	Blank All		Blank all	Blank the entities in folder.
~CdFtrFolderDel	Erase All		Erase all	Erase the entities in folder.
~CdFtrFolderUnblk	Unblank All		Unblank all	Unblank the entities in folder.
~CdFtrRemoveFromFav	Remove from Favorites		Remove current node from favorites	Remove current node from favorites
~CdG1DirRX	-X Axis		-X Axis	
~CdG1DirRY	-Y Axis		-Y Axis	
~CdG1DirRZ	-Z Axis		-Z Axis	
~CdG1DirX	X Axis		X Axis	
~CdG1DirY	Y Axis		Y Axis	
~CdG1DirZ	Z Axis		Z Axis	
~CdGuiFiltExtSel	Pick Ext List		the part and component setting can pick entity from component and part	
~CdHideFrozenBar	Hide Frozen Bar		Hide Frozen Bar	
~CdHistZoomTo	Zoom to		Zoom to	
~CdImportLyr	Import		Import	
~CdInstMultiPartDel	Delete			
~CdKeyshotURL	Download Keyshot			
~CdLayerMgrResizeCols	Size All Columns to Fit			
~CdLibShow(0)	Part Library		Use a part library	
~CdLibShow(2)	Part Library		Use a part library	
~CdLinkExecDispFullPath	Display Full Path		Display full path	
~CdLinkManagerInqRoot	Inquire		Inquire	
~CdLinkManagerOpen	Open		Open	
~CdLinkManagerPickTrg	Change Inquired Object		Change inquired object	
~CdLinkManagerRegen	Regen		Regen	
~CdLinkManagerSetGroupTrg	Update Group		Update group	
~CdLinkManagerUnlink	Unlink		Unlink	
~CdLockAuxView	Lock View		Lock view	
~CdLyrCateDelete	Delete		Delete Category	Delete Category
~CdLyrCateMgrDelCate	Delete Layer Category		Delete Layer Category	Delete Layer Category
~CdLyrCateMgrLyrLstPickAll	Pick All Layer		Pick All Layer	Pick All Layer
~CdLyrCateMgrLyrLstUnpickAll	Unpick All Layer		Unpick All Layer	Unpick All Layer
~CdLyrCateMgrNewCate	New Layer Category		New Layer Category	New Layer Category
~CdLyrCateMgrRenameCate	Rename Layer Category		Rename Layer Category	Rename Layer Category
~CdLyrCateNew	New Category		New Category	New Category
~CdLyrCateRename	Rename		Rename Category	Rename Category
~CdLyrCateTreeSetFrozen	Freeze		Freeze	Freeze
~CdLyrCateTreeSetTurnOff	Turn off		Turn off	Turn off
~CdLyrCateTreeSetTurnOn	Turn on		Turn on	Turn on
~CdLyrCateTreeSetUnfrozen	Unfrozen		Unfrozen	Unfrozen
~CdLyrListSel	Layer List		Layer list	
~CdLyrMgrEditCategory	Category Editor		Category Editor	Category Editor
~CdLyrMgrShowColCb(0)	ID		Toggle ID column on/off	
~CdLyrMgrShowColCb(1)	Name		Toggle name column on/off	
~CdLyrMgrShowColCb(2)	On		Toggle on column on/off	
~CdLyrMgrShowColCb(3)	Frozen		Toggle frozen column on/off	
~CdLyrMgrShowColCb(4)	Line Color		Toggle line color column on/off	
~CdLyrMgrShowColCb(5)	Line Style		Toggle line style column on/off	
~CdLyrMgrShowColCb(6)	Line Width		Toggle line width column on/off	
~CdLyrMgrShowColCb(7)	Category		Toggle category column on/off	
~CdLyrMgrShowColCb(8)	Quantity		Toggle quantity column on/off	
~CdLyrMgrShowColCb(9)	Description		Toggle description column on/off	
~CdMaterialAddFavourite	Add to Favourite		Add to favourite	
~CdMaterialDelete	Delete		Delete	
~CdMaterialLibCopy	Copy		Copy	
~CdMaterialLibExport	Export		Export	
~CdMaterialLibImport	Import		Import	
~CdMaterialLibNew	New Library		New library	
~CdMaterialNewNode	New Material		New material	
~CdMaterialNewcate	New Category		New category	
~CdMaterialPaste	Paste		Paste	
~CdMaterialPropertyDelete	Delete		Delete	
~CdMaterialPropertyNew	New Property		New property	
~CdMaterialPropertyNewCate	New Category		New category	
~CdMaterialPropertyRename	Rename		Rename	
~CdMaterialRemoveFavourite	Remove		Remove	
~CdMaterialRename	Rename		Rename	
~CdMatlLibrary	Material Library	CdMatlEntity	Material library	Display of material library about an entity in the Entity Browser.  This command can also be invoked automatically from the object editor by right-clicking on a highlighted entity and selecting Inquire from the popup menu.
~CdMdActEditSf	Edit Parting Faces Attributes	CdMdEditSurf	Set the surface as parting surface or patch surface	
~CdMdActEnlargeTrim	Enlarge and Trim Face	CdMdEnlargeTrim	Parting face tool collection	
~CdMdActExtrudeEdge	Extrude Edges by Rails	CdMdExtrudeEdge	Parting face tool collection	
~CdMdActFtSfBridge	Bridge Surface	CdMdFtSfBridge	Parting face tool collection	
~CdMdActPrtSfCrt	Auto Parting Surface	CdMdPrtSfCrt	Auto Parting Surface	Select a sketch that defines the mold insert envelope (B). Then select the parting line curves (P1)(P2) that define the outer boundary and inner boundaries or middle-click to skip.
~CdMdActSpineLoft	Spine Loft	CdMdSpineLoft	Parting face tool collection	
~CdMdActTrimPlane	Trimmed Plane by Boundaries	CdMdTrimPlane	Parting face tool collection	
~CdMdDraftCheckAll	Check All		Check all items	
~CdMdDraftDelRow	Delete		Delete	
~CdMdDraftRemoveUncheck	Remove Unchecked		Remove unchecked items	
~CdMdDraftTrCheckAll	Check All		Check all layers	
~CdMdDraftTrUncheckAll	Uncheck All		Uncheck all layers	
~CdMdDraftUncheckAll	Uncheck All		Uncheck all items	
~CdMdNavigator	Parting Navigator	CdMdNavigator	Parting Navigator	
~CdMeasBlank	Blank		Blank measure	
~CdMeasDel	Delete		Delete measure	
~CdMeasEdit	Edit		Edit measure	
~CdMeasExportData	Export Data		Save measure data	
~CdMeasForceRegenAll	Regen All Measures		Regen all measures	
~CdMeasRename	Rename		Rename measure	
~CdMeasSupp	Suppress		Suppress measure	
~CdMeasUnblank	Unblank		Unblank measure	
~CdMeasUnsupp	Unsuppress		Unsuppress measure	
~CdModelMatchAttCpy	Copy		Copy	
~CdMultiPrintDelRow	Delete		Delete	
~CdMultiPrintDelUncheck	Remove Unchecked		Remove unchecked items	
~CdNewLyr	New		New	
~CdNormalPick	Normal Pick		Snap Pick	
~CdNstLicForm	Nesting License Manager		Open License Manager for Nesting	
~CdOpenDownLoadURL	Download		Download .edp file	
~CdOpenEdpFile	Open		Open .edp file	
~CdOpenLinkObj	Open Linked Object		Open linked object	
~CdOpenUpLoadURL	Upload		Upload .edp file	
~CdPMIDispActVuOnly	Only display PMI in active view		Only display PMI entities that are in the active view.	
~CdPMIInCurVu	In current view only		Specify it only in the current view.	
~CdPMIInOneVuOnly	Only attach PMI in one view		Only attach PMI entity in one spcified view.	
~CdPMIResize	Resize PMI		Resize all PMI entities.	
~CdPMISymBlkEdit	Edit		Edit block symbol	
~CdPMISymRegen	Regen		Regen block symbol	
~CdPartAtClearSheetOrCAM(0)				
~CdPartAtClearSheetOrCAM(1)				
~CdPartAtItemHandle(ascend)	Sort Ascending		Sort ascending	
~CdPartAtItemHandle(delete)	Delete		Delete the selected attribute item	
~CdPartAtItemHandle(descend)	Sort Descending		Sort descending	
~CdPartAtItemHandle(insert)	Insert		Insert item above current row	
~CdPartAtItemHandle(mv_bottom)	Bottom		Move item to bottom	
~CdPartAtItemHandle(mv_down)	Move Down		Move down item	
~CdPartAtItemHandle(mv_top)	Top		Move item to top	
~CdPartAtItemHandle(mv_up)	Move Up		Move up item	
~CdPartAtItemLink	Link to variable		Link to variable	
~CdPartAtItemUnLink	Unlink		Break the linkage to variable	
~CdPartAtShowFileBrowser(0)				
~CdPartAtShowFileBrowser(1)				
~CdPartPickSetCmd(del_all)	Erase All		Erase All	Erase the pick sets in folder.
~CdPartPickSetCmd(delete)	Delete		Delete	Delete a pick set.
~CdPartPickSetCmd(redefine)	Redefine		Redefine	Redefine a pick set.
~CdPartPubSetCmd(del_all)	Erase All		Erase All	Erase the publish sets in folder.
~CdPartPubSetCmd(delete)	Delete		Delete	Delete a publish set.
~CdPartPubSetCmd(redefine)	Redefine		Redefine	Redefine a publish set.
~CdPartPubSetCmd(rename)	Rename		Rename	Rename a publish set.
~CdPartSeriesItemHandle(delete)	Delete		Delete the selected attribute item	
~CdPartSeriesItemHandle(insert)	Insert		Insert item above current row	
~CdPartSeriesItemHandle(mv_bottom)	Bottom		Move item to bottom	
~CdPartSeriesItemHandle(mv_down)	Move Down		Move down item	
~CdPartSeriesItemHandle(mv_top)	Top		Move item to top	
~CdPartSeriesItemHandle(mv_up)	Move Up		Move up item	
~CdPaste	Paste		Paste	Paste
~CdPickIsectCrvTurn	Stop at Intersection		Stop at intersection	Stop the chain when the selected curve intersects the other curves.
~CdPickPrfClsRgnTurn	Profile Close Region		Profile close region	
~CdPickShowDef	Show/Hide Definition		Show/Hide definition	
~CdPierceTransparency	Pierce Transparency		Pick through transparent entity	
~CdPlayPopCb(1)	Continue To		Continue To	
~CdPlayPopCb(2)	Set Stop		Set Stop	
~CdPlayPopCb(3)	Clear Stop		Clear Stop	
~CdPlayPopCb(4)	Clear All Stops		Clear All Stops	
~CdPlayPopCb(5)	Next Part State		Next Part State	
~CdPlayPopCb(6)	Inquire		Inquire	
~CdPlnHiAnalzSelect(0)	Select All		Select All	
~CdPlnHiAnalzSelect(1)	Unselect All		Unselect All	
~CdPlnHiAnalzSelect(2)	Invert Select		Invert Select	
~CdPlnHiAnalzSelect(3)	Select Only		Select Only	
~CdPntCritIsect	Intersection Point	CdPntCritIsect	Intersection point	
~CdPntCritQuad	Quad Point	CdPntCritQuad	Quad point on circle	
~CdPrintAllShow(1)	Show All		Show all	
~CdPrintOnlyShow	Show Same		Show Same	
~CdProfShowEqnMgr	Equation Manager		Edit equation set	You can test the results of the equation set on the active part by picking Apply.
~CdPrtTblDelCol	Delete Item		Delete Item	
~CdPrtTblDelRow	Delete Config		Delete Config	
~CdPrtTblInsName(prt_Tbl)	Instance name option		Instance name option	
~CdPrtTblSetCustom	Set Custom		Set Custom	
~CdPrtTblSetKey	Set Key		Set Key	
~CdPrtTblUnsetKeyCustom	Unset Key or Custom		Unset Key or Custom	
~CdQuickPickSel	Pick Rules List		pick face pick curve pick point	
~CdRecState	Record State		Record State	
~CdRegWithFrzFtr	Regen with Frozen Feature		Regen feature history with freeze feature.	
~CdRenameShow	Rename File	CdRename	Rename file	
~CdRepeat	Repeat last command		Repeat last command	Repeat last command
~CdReuseLibCmd(add_lib)	Add Library Item		Add a new reuse library item	
~CdReuseLibCmd(attr)	Properties		Inquire the file properties	
~CdReuseLibCmd(blank)	Blank Library		Blank the selected reuse library	
~CdReuseLibCmd(clear)	Clear All		Clear all favorites	
~CdReuseLibCmd(collapse)	Collapse Subitems		Collapse subitems	
~CdReuseLibCmd(crt)	New Library		Create a new reuse library	
~CdReuseLibCmd(crt_sf)	New Folder		Create new folder	
~CdReuseLibCmd(del)	Delete		Delete a reuse library	
~CdReuseLibCmd(del_fav)	Remove from Favorites		Remove from favorites	
~CdReuseLibCmd(expand)	Expand Subitems		Expand subitems	
~CdReuseLibCmd(fav)	Add to Favorites		Add to the favorites	
~CdReuseLibCmd(fav2)	Add to Favorites		Add to the favorites	
~CdReuseLibCmd(icon)	Change Icon		Change the icon of the selected reuse library	
~CdReuseLibCmd(ins)	Insert as New Object		Generate instance and insert it to current target	
~CdReuseLibCmd(ins_comp)	Insert as Component		Insert it to current target as component	
~CdReuseLibCmd(ins_pnh)	Insert as Punch Part		Insert it to current target as punch part	
~CdReuseLibCmd(open)	Open Source Folder		Open the source folder	
~CdReuseLibCmd(open_f)	Open		Open the folder or file	
~CdReuseLibCmd(refresh)	Refresh		Refresh the directory	
~CdReuseLibCmd(rename)	Rename		Rename	
~CdReuseLibCmd(search)	Search Below Here...		Search files below this folder	
~CdReuseLibCmd(sort_ascend)	Ascending			
~CdReuseLibCmd(sort_by_date_modified)	Date Modified			
~CdReuseLibCmd(sort_by_name)	Name			
~CdReuseLibCmd(sort_descend)	Descending			
~CdReuseLibCmd(unblkall)	Unblank All		Unblank all of the hided reuse library	
~CdReuseLibCmd(view_detail)	Details			
~CdReuseLibCmd(view_icon)	Icons			
~CdReuseLibCmd(view_list)	List			
~CdRootCSCb(0)	Name		Toggle name column on/off	
~CdRootCSCb(1)	Type		Toggle type column on/off	
~CdRootCSCb(10)	Cost(Part Only)		Toggle cost column on/off	
~CdRootCSCb(11)	Class(Part Only)		Toggle class column on/off	
~CdRootCSCb(12)	Derived From(Part Only)		Toggle derived column on/off	
~CdRootCSCb(13)	Material(Part Only)		Toggle material column on/off	
~CdRootCSCb(14)	Keywords(Part Only)		Toggle keywords column on/off	
~CdRootCSCb(2)	Modify		Toggle modify column on/off	
~CdRootCSCb(3)	Last Modified		Toggle modify time column on/off	
~CdRootCSCb(4)	Create Time		Toggle create time column on/off	
~CdRootCSCb(5)	Description		Toggle description column on/off	
~CdRootCSCb(6)	Number(Part Only)		Toggle number column on/off	
~CdRootCSCb(7)	Designer(Part Only)		Toggle designer column on/off	
~CdRootCSCb(8)	Manager(Part Only)		Toggle manager column on/off	
~CdRootCSCb(9)	Supplier(Part Only)		Toggle supplier column on/off	
~CdRootResizeCols	Size All Columns to Fit			
~CdRulePickRegen	Regenerate Pick		Regenerate Pick	
~CdRulePickSetting	Rule Pick Setting		Rule pick setting	
~CdSACTreeCsCb(0)	Save as Copy		Set component save as copy state	
~CdSACTreeCsCb(1)	Referring		Set component calling state	
~CdSACTreeCsCb(2)	Remove		Set component remove state	
~CdSbAutoCenter	Auto		Auto	
~CdSbCntAlwaysShow	Always Show		Always Show	
~CdSbCntHide	Hide		Hide	
~CdSbCntShowOnMotion	Show On Motion		Show On Motion	
~CdSbExtentCenter	Extent Center		Extent Center	
~CdSbMousePosCenter	Mouse Position		Mouse position	
~CdSbSpeedFive	■■■■■		■■■■■	
~CdSbSpeedFour	■■■■		■■■■	
~CdSbSpeedOne	■		■	
~CdSbSpeedThree	■■■		■■■	
~CdSbSpeedTwo	■■		■■	
~CdSbTogPZ	Pan Zoom		Pan Zoom	
~CdSbTogRot	Rotate		Rotate	
~CdSbVuOrgCenter	View Origin		View Origin	
~CdSearchResultOpen	Open		Open	
~CdSearchResultOpenFolder	Open Source Folder		Open source folder	
~CdSetRootMaterial	Edit Material	CdSetRootMaterial	Edit material	Display of material library about an entity in the Entity Browser.  This command can also be invoked automatically from the object editor by right-clicking on a highlighted entity and selecting Inquire from the popup menu.
~CdSetSingleInput	Single for Set Input		The set only accepts single input	
~CdSfUnpickAll	Unpick All		Unpick All	
~CdShapeAt	Shape Attributes		Set Shape attributes	
~CdSheetOpenRefPart	Open Part...		Open the associated part	
~CdShowEqnMgr	Equation Manager		Show variables and equations information.	
~CdShowFrozenBar	Show Frozen Bar		Show Frozen Bar	
~CdShowLayerMgr	Layer Manager		Open layer manager	
~CdShowLyrInfo	Show Layer Information		Show layer information	
~CdShowPartFamily	Part Family		Show part family	
~CdShowVisibilityMgr	Visibility Manager		Open Visibility Manager	
~CdShowWdSegBom	Structural BOM		Structural BOM	Structural BOM.
~CdShtMgrOpenPart	Open Part...		Open the corresponded part file.	
~CdStatSurfClr	Face Color		Face color	
~CdStatWireClr	Line Color		Line color	
~CdStyDel	Delete		Delete the style from the current document	
~CdStyDelLocal	Delete from Local		Delete the style from local directory	
~CdStyDftAct	Activate			
~CdStyExport	Export		Export the current selected standard/style to a style file.	
~CdStyNew	New		Create a new style	
~CdStyRename	Rename			
~CdStyReplace	Replace		Replace the style with the default settings.	
~CdStySaveToDoc	Save to Document		Save the style from local to the current document	
~CdStySaveToLocal	Save to Local		Save the style to local	
~CdStySetIntoActStd	Set into Current Standard		Set the style into the current active standard.	
~CdStyUpdate	Update from Local		Update the style from local settings	
~CdStyleAnnoShow	Annotation...		Set annotation styles	
~CdStyleDimShow	Dimension...		Set dimension styles	
~CdStyleHatShow	Hatch...		Set hatch styles	
~CdStyleLineShow	Line...		Set line styles	
~CdStyleLoadFromBundle	Load Style From Bundle		Load Style From Bundle	
~CdStylePointShow	Point...		Set point styles	
~CdStyleSymbsShow	Symbols...		Set symbols styles	
~CdStyleTblShow	Table...		Set table styles	
~CdStyleTextShow	Text...		Set text styles	
~CdStyleViewShow	View...		Set view styles	
~CdTblAllUnhide	Unhide All			
~CdTblAutoAdjustColWid	Adjust Column Width Automatically			
~CdTblAutoAdjustRowHgt	Adjust Row Height Automatically			
~CdTblAutoMergCells	Auto Merge Cells			
~CdTblAutoSplitOff	Stop Auto Split			
~CdTblBlkCellLine(0)	Blank Cell Top Line			
~CdTblBlkCellLine(1)	Blank Cell Bottom Line			
~CdTblBlkCellLine(2)	Blank Cell Left Line			
~CdTblBlkCellLine(3)	Blank Cell Right Line			
~CdTblBreakLink	Break Link			
~CdTblCellAtMod	Cell Attributes			
~CdTblCellLock	Lock Cells		Lock the cells	
~CdTblCellOpenPart	Open Part...		Open the corresponded part file.	
~CdTblCellTextEdit	Edit Text			
~CdTblCellUnLock	Unlock Cells		Unlock the cells	
~CdTblColWidSet	Column Width			
~CdTblColumnHide	Hide Column			
~CdTblColumnsUnhide	Unhide Columns			
~CdTblDeleteCellText	Data		Delete the data in the selected cells	
~CdTblDeleteColumns	Column			
~CdTblDeleteRows	Row		Delete the row	
~CdTblDeleteTable	Table		Delete the table	
~CdTblHideHeadRow	Hide Table Head Row			
~CdTblInsertColLeft	Column Left			
~CdTblInsertColRight	Column Right			
~CdTblInsertHeaderRow	Header Row		Insert a new header row at the top of the table.	
~CdTblInsertRowAbove	Row Above			
~CdTblInsertRowBelow	Row Below			
~CdTblLinkToExcel	Link to Excel			
~CdTblLockColWid	Lock Column Width			
~CdTblLockRowHgt	Lock Row Height			
~CdTblLockTolHgt	Lock Table Height			
~CdTblLockTolWid	Lock Table Width			
~CdTblMergeAllTbls	Merge All			
~CdTblMergeCells	Merge Cells			
~CdTblMergeTables	Merge with Next			
~CdTblOpenLinkFile	Open the Linked Excel			
~CdTblOptPop(1)	Sort by		Sort by column	
~CdTblOptPop(2)	Note Contents		Note contents column	
~CdTblRestoreValue	Restore Original Value			
~CdTblRowColHide	Hide Row			
~CdTblRowExclude	Exclude from table		Exclude the corresponding component from this BOM table.	
~CdTblRowHgtSet	Row Height			
~CdTblRowsUnhide	Unhide Rows			
~CdTblSaveToLink	Save Changes to Linked Excel			
~CdTblSelectColumn	Column		Select a column	
~CdTblSelectEntireTbl	Table		Select the entire table	
~CdTblSelectRow	Row		Select a row	
~CdTblSortAscend	Ascending			
~CdTblSortDescend	Descending			
~CdTblSplitAbove	From Above			
~CdTblSplitBelow	From Below			
~CdTblSplitCell	Split Cell			
~CdTblTolHgtSet	Table Height			
~CdTblTolWidSet	Table Width			
~CdTblUnMergeCells	Unmerge Cells			
~CdTblUpdFromLink	Update from Linked Excel			
~CdTextRegen2	Regen Text		Regen all text entities	
~CdTreeCollapse	Collapse Subitems		Collapse subitems	
~CdTreeExpand	Expand Subitems		Expand subitems	
~CdUDFInsShow	Insert UDF		Insert User Defined Feature.	
~CdUDFReplaceShow	UDF Replace			
~CdUDFWizardShow	UDF Wizard		Show User Defined Feature Wizard.	
~CdUnSelectLyr	Invert Selection		Invert selection	
~CdUnblankCmd	Unblank		Unblank entities	
~CdUnsetRootMaterial	Delete Material		Delete material	Clear material information for selected object.
~CdUpdAllCompPath	Update Component Path		Update all components&apos; path	
~CdUpdAllPrtCfg	Regen All		Regen All Part Config	
~CdV3FtrUpBeads	Regen Beads		Regen the weld beads from part	
~CdV3FtrUpBendNote	Regen Bend Note		Regen the sheet metal bend note on this feature	
~CdV3FtrUpCenLn	Regen Center Line		Regen the center line on this feature	
~CdV3FtrUpCenMk	Regen Center Mark		Regen the center mark on this feature	
~CdV3FtrUpDim	Regen Dimension		Regen the dimension on this feature	
~CdV3FtrUpPMI	Regen PMI		Regen the inherited PMI	
~CdV3FtrUpText	Regen Text		Regen the text from part	
~CdV3HatPop	Do hatch		hatch the component	
~CdV3HideFoldPop	Hide All		Hide all	
~CdV3HidePop	Suppress Component		Suppress Component	
~CdV3HidePop2	Hide		Hide the component	
~CdV3InqPop	Inquire		Inquire	
~CdV3SectPop	Do section		Section the component	
~CdV3UnHatPop	Don&apos;t hatch		Don&apos;t hatch the component	
~CdV3UnHideFoldPop	Show All		Show all	
~CdV3UnHidePop	Unsuppress Component		Unsuppress Component	
~CdV3UnHidePop2	Show		Show the component	
~CdV3UnSectPop	Don&apos;t section		Don&apos;t section the component	
~CdVDtmAxisDisp	Toggle Datum Axis Display		Toggle the display state of datum axis	
~CdVDtmCSYSDisp	Toggle Datum CSYS Display		Toggle the display state of datum CSYS	
~CdVDtmPlaneDisp	Toggle Datum Plane Display		Toggle the display state of datum plane	
~CdVFaceAtDelAll	Erase All Appearance	CdVFaceAtDel	Erase appearance for all face	Remove an appearance previously assigned to a face
~CdVarTreeCSCb(0)	Name		Toggle name column on/off	
~CdVarTreeCSCb(1)	Expression		Toggle expression column on/off	
~CdVarTreeCSCb(2)	Value		Toggle value column on/off	
~CdVarTreeCSCb(3)	Min		Toggle min column on/off	
~CdVarTreeCSCb(4)	Max		Toggle max column on/off	
~CdVarTreeCSCb(5)	Unit		Toggle unit column on/off	
~CdVarTreeCSCb(6)	Type		Toggle type column on/off	
~CdVarTreeCSCb(7)	Description		Toggle description column on/off	
~CdVarTreeCSCb(8)	State		Toggle state column on/off	
~CdViewCameraNew	New Camera	CdViewCamera	New camera view	
~CdViewDelCameras	Delete All Cameras		Delete all cameras	
~CdViewDelSects	Delete all section views		Delete all section views	
~CdViewListAct	Activate		Activate	
~CdViewListActPMI	Specify PMI Plane		Specify a view to PMI	
~CdViewListActShowOnly	Activate show only		Activate default show only view	
~CdViewListAnimTl	Apply to Timeline		Apply view to timeline	
~CdViewListBlank	Blank		Blank	
~CdViewListBlankAll	Blank All		Blank all	
~CdViewListCopy	Copy		Copy view	
~CdViewListDel	Delete		Delete	
~CdViewListEdit	Redefine view		Redefine view	
~CdViewListGroupPMI	Group PMI		Group PMI in view manager	
~CdViewListInq	Inquire		Inquire	
~CdViewListName	Rename		Rename	
~CdViewListOrient	Orient		Orient	
~CdViewListPaste	Paste		Paste view	
~CdViewListRec	Record		Record view	
~CdViewListUnGroupPMI	UnGroup PMI		UnGroup PMI in view manager	
~CdViewListUnblank	Unblank		Unblank	
~CdViewListUnblankAll	Unblank All		Unblank all	
~CdViewNew			New view	
~CdViewPlnHotKey	Auto Align		Auto align the view	
~CdViewRightward	Y Axis Rightward		Toggle Y axis rightward view	
~CdViewUpward	Y Axis Upward		Toggle Y axis upward view	
~CdViewVisSwitch	Visible		Switch the visibility of the view.	
~CdWiEntBrPart	Browse Components		Browse Components	
~CdWiEntBrPrf	Browse Sketches		Browse Sketches	
~CdWiEntBrowse	Browse		Browse	
~CdmFileRecoverDel	Delete			
~CdmFileRecoverOpen	Open			
~CdmFileRecoverSaveAs	Save As			
~CldFileTargetDelRow	Delete		Delete	
~CldFileTargetDelUncheck	Remove Unchecked		Remove unchecked items	
~CldMultiSaveDelRow	Delete		Delete	
~CldMultiSaveDelUncheck	Remove Unchecked		Remove unchecked items	
~ClrChkShowThisOnly	Show This Only		Show this only	
~CmBlankAllSk	Blank All Sketches		Blank all sketches	
~CmCmd(unhi)	Unhighlight All		Unhighlight all entities	
~CmCompFldPop(1)	Insert Component		Insert Component	
~CmCompFldPop(2)	Update Status		Update Status	
~CmCompFldPop(3)	Show/Hide		Show/Hide	
~CmCompFldPop(4)	Assign To All		Assign Part and Stock Components to all Operation Definitions.	
~CmCompFldPop(5)	Insert Component Folder		Insert Component Folder	
~CmCompFldPop(7)	Rename		Rename	
~CmCompFldPop(8)	Delete All		Delete All	
~CmCompFldPop(9)	Toggle Expand/Collapse		Toggle Expand/Collapse	
~CmCopy	Copy		Copy	
~CmCreateFtr(1)	Surface		Add Surface features	Right-click on a component in the CAM Plan Manager tree and select Add Feature. Select Surface from the popup list of CAM features.
~CmCreateFtr(10)	Planar Face		Add Planar Face features	Right-click on a component in the CAM Plan Manager tree and select Add Feature. Select Planar Face from the popup list of CAM features.
~CmCreateFtr(2)	Solid		Add Solid features	Right-click on a component in the CAM Plan Manager tree and select Add Feature. Select Solid from the popup list of CAM features.
~CmCreateFtr(3)	Profile		Add Profile features	Right-click on a component in the CAM Plan Manager tree and select Add Feature. Select Profile from the popup list of CAM features.
~CmCreateFtr(4)	Pocket		Add Pocket features	Right-click on a component in the CAM Plan Manager tree and select Add Feature. Select Pocket from the popup list of CAM features.
~CmCreateFtr(6)	Slot		Add Slot features	Right-click on a component in the CAM Plan Manager tree and select Add Feature. Then select Slot from the popup list of CAM features.
~CmCreateFtr(7)	Step		Add Step features	Right-click on a component in the CAM Plan Manager tree and select Add Feature. Then select Step from the popup list of CAM features.
~CmCreateFtr(8)	Chamfer		Add CAM Chamfer features	Right-click on a component in the CAM Plan Manager tree and select Add Feature. Then select Chamfer from the popup list of CAM features.
~CmCreateFtr(9)	Corner Round		Add Corner round features	Right-click on a component in the CAM Plan Manager tree and select Add Feature. Then select Cround from the popup list of CAM features.
~CmCustomCLCmdPop(0)	Add Row			
~CmCustomCLCmdPop(1)	Delete Rows			
~CmCustomCLCmdPop(2)	Copy Rows			
~CmCustomCLCmdPop(3)	Paste Rows			
~CmCustomCLCmdTblPop(0)	Delete			
~CmCustomCLCmdTblPop(1)	Add			
~CmCustomCLCmdTblPop(10)	Paste Overwrite			
~CmCustomCLCmdTblPop(11)	Duplicate to All			
~CmCustomCLCmdTblPop(2)	Add before			
~CmCustomCLCmdTblPop(3)	Add after			
~CmCustomCLCmdTblPop(4)	Move up			
~CmCustomCLCmdTblPop(5)	Move down			
~CmCustomCLCmdTblPop(6)	Move to Top			
~CmCustomCLCmdTblPop(7)	Move to Bottom			
~CmCustomCLCmdTblPop(8)	Copy(Ctrl+C)			
~CmCustomCLCmdTblPop(9)	Paste after(Ctrl+V)			
~CmCustomOpListPop(0)	Add Row			
~CmCustomOpListPop(1)	Delete Rows			
~CmCut	Cut		Cut	
~CmEditSk	Activate Sketch		Activate sketch for editing	
~CmFgRegenTest	Feature Groups		Check Feature Group dependencies for changes	
~CmFolderPop(1)	Show/Hide		Show/Hide	
~CmFolderPop(10)	Lock/Unlock		Lock/Unlock	
~CmFolderPop(11)	Delete Tool Path		Delete Tool Path	
~CmFolderPop(12)	Insert Operation Folder		Insert Operation Folder	
~CmFolderPop(13)	Transform		Transform	
~CmFolderPop(14)	Create Output for All		Create Output for All	
~CmFolderPop(17)	Insert Operation		Insert Operation	
~CmFolderPop(18)	Toggle Expand/Collapse		Toggle Expand/Collapse	
~CmFolderPop(19)	Create Output for Individual		Create Output for Individual	
~CmFolderPop(2)	Rename		Rename	
~CmFolderPop(20)	Inquire Tool Path		Inquire Tool path	
~CmFolderPop(21)	Analyze Toolpath		Analyze Toolpath	
~CmFolderPop(22)	Suppress/Unsuppress		Suppress/Unsuppress	
~CmFolderPop(23)	Output CL for All		Output CL for All	
~CmFolderPop(24)	Output NC for All		Output NC for All	
~CmFolderPop(25)	Output CL for Individual		Output CL for Individual	
~CmFolderPop(26)	Output NC for Individual		Output NC for Individual	
~CmFolderPop(27)	Set Frame		Set Frame to operations	
~CmFolderPop(28)	Check Shortest Tool		Check Shortest Tool	
~CmFolderPop(3)	Duplicate		Duplicate	
~CmFolderPop(4)	Export		Export	
~CmFolderPop(5)	Delete		Delete All	
~CmFolderPop(6)	Calculate		Calculate	
~CmFolderPop(7)	Batch Calculate(QM only)		Batch Calculate(QM only)	
~CmFolderPop(9)	Solid Verify		Solid Verify All Operations Of This Folder	
~CmFrameFldPop(1)	Insert Frame		Insert Frame	
~CmFrameFldPop(12)	Duplicate		Duplicate	
~CmFrameFldPop(13)	Rename		Rename	
~CmFrameFldPop(2)	Delete All		Delete All	
~CmFrameFldPop(5)	Show Datum Planes		Show Datum Planes	
~CmFrameFldPop(6)	Hide Datum Planes		Hide Datum Planes	
~CmFrameFldPop(7)	Insert Frame Folder		Insert Frame Folder	
~CmFrameFldPop(8)	Show/Hide		Show/Hide	
~CmFrameFldPop(9)	Toggle Expand/Collapse		Toggle Expand/Collapse	
~CmFramePop(1)	Edit		Edit	
~CmFramePop(10)	Set/Cancel Active		Set or Cancel Active Frame which auto add to Operation.	
~CmFramePop(2)	Rename		Rename	
~CmFramePop(3)	Delete		Delete	
~CmFramePop(4)	Show/Hide		Show/Hide	
~CmFramePop(5)	Toggle Datum		Toggle Datum Planes	
~CmFramePop(8)	Duplicate		Duplicate	
~CmFramePop(9)	Assign To All		Assign Frame to all Operation Definitions.	
~CmFramesPop(1)	Frame		Insert Frame	
~CmFramesPop(11)	Show/Hide World Frame		Show/Hide World Frame	
~CmFramesPop(2)	Delete All		Delete All	
~CmFramesPop(3)	Show All/Hide All		Show All/Hide All	
~CmFramesPop(5)	Show Datum Planes		Show Datum Planes	
~CmFramesPop(6)	Hide Datum Planes		Hide Datum Planes	
~CmFramesPop(7)	Insert Frame Folder		Insert Frame Folder	
~CmFramesPop(8)	Toggle Expand/Collapse		Toggle Expand/Collapse	
~CmFtrAdd	Add		Add	
~CmFtrFldOpt(1)	Surface		Add Surface features	Right-click on a component in the CAM Plan Manager tree and select Add Feature. Select Surface from the popup list of CAM features.
~CmFtrFldOpt(10)	Planar Face		Add Planar Face features	Right-click on a component in the CAM Plan Manager tree and select Add Feature. Select Planar Face from the popup list of CAM features.
~CmFtrFldOpt(11)	CylBoss		CylBoss	
~CmFtrFldOpt(12)	Nest Profile		Nest Profile	Nest Profile feature is used for the part nesting operation. Several "Nest Profile:component" will be nested on one "Nest Profile:blank".
~CmFtrFldOpt(2)	Solid		Add Solid features	Right-click on a component in the CAM Plan Manager tree and select Add Feature. Select Solid from the popup list of CAM features.
~CmFtrFldOpt(3)	Profile		Add Profile features	Right-click on a component in the CAM Plan Manager tree and select Add Feature. Select Profile from the popup list of CAM features.
~CmFtrFldOpt(4)	Pocket		Add Pocket features	Right-click on a component in the CAM Plan Manager tree and select Add Feature. Select Pocket from the popup list of CAM features.
~CmFtrFldOpt(5)	Hole		Add Hole features	Right-click on a component in the CAM Plan Manager tree and select Add Feature. Select Hole from the popup list of CAM features.
~CmFtrFldOpt(6)	Slot		Add Slot features	Right-click on a component in the CAM Plan Manager tree and select Add Feature. Then select Slot from the popup list of CAM features.
~CmFtrFldOpt(7)	Step		Add Step features	Right-click on a component in the CAM Plan Manager tree and select Add Feature. Then select Step from the popup list of CAM features.
~CmFtrFldOpt(8)	Chamfer		Add CAM Chamfer features	Right-click on a component in the CAM Plan Manager tree and select Add Feature. Then select Chamfer from the popup list of CAM features.
~CmFtrFldOpt(9)	Corner Round		Add Corner round features	Right-click on a component in the CAM Plan Manager tree and select Add Feature. Then select Cround from the popup list of CAM features.
~CmFtrFldPop(11)	Set Status OK		Set Status OK	
~CmFtrFldPop(14)	Assign To All		Assign this Feature to all appropriate Operation Definitions.	
~CmFtrFldPop(16)	Rename		Rename	
~CmFtrFldPop(17)	Insert Feature Folder		Insert Feature Folder	
~CmFtrFldPop(18)	Toggle Expand/Collapse		Toggle Expand/Collapse	
~CmFtrFldPop(19)	Duplicate		Duplicate	
~CmFtrFldPop(3)	Delete		Delete	
~CmFtrIns	Insert Operation		Insert Operation	
~CmFtrOpt(1)	Surface		Add Surface features	Right-click on a component in the CAM Plan Manager tree and select Add Feature. Select Surface from the popup list of CAM features.
~CmFtrOpt(10)	Planar Face		Add Planar Face features	Right-click on a component in the CAM Plan Manager tree and select Add Feature. Select Planar Face from the popup list of CAM features.
~CmFtrOpt(11)	CylBoss		CylBoss	
~CmFtrOpt(12)	Nest Profile		Add Nest Profile feature	Nest Profile feature is used for the part nesting operation. Several "Nest Profile:component" will be nested on one "Nest Profile:blank".
~CmFtrOpt(13)	Flat Region		Add Flat Region feature	Flat Region feature is used for the Finish Flat operation.
~CmFtrOpt(2)	Solid		Add Solid features	Right-click on a component in the CAM Plan Manager tree and select Add Feature. Select Solid from the popup list of CAM features.
~CmFtrOpt(3)	Profile		Add Profile features	Right-click on a component in the CAM Plan Manager tree and select Add Feature. Select Profile from the popup list of CAM features.
~CmFtrOpt(4)	Pocket		Add Pocket features	Right-click on a component in the CAM Plan Manager tree and select Add Feature. Select Pocket from the popup list of CAM features.
~CmFtrOpt(5)	Hole		Add Hole features	Right-click on a component in the CAM Plan Manager tree and select Add Feature. Select Hole from the popup list of CAM features.
~CmFtrOpt(6)	Slot		Add Slot features	Right-click on a component in the CAM Plan Manager tree and select Add Feature. Then select Slot from the popup list of CAM features.
~CmFtrOpt(7)	Step		Add Step features	Right-click on a component in the CAM Plan Manager tree and select Add Feature. Then select Step from the popup list of CAM features.
~CmFtrOpt(8)	Chamfer		Add CAM Chamfer features	Right-click on a component in the CAM Plan Manager tree and select Add Feature. Then select Chamfer from the popup list of CAM features.
~CmFtrOpt(9)	Corner Round		Add Corner round features	Right-click on a component in the CAM Plan Manager tree and select Add Feature. Then select Cround from the popup list of CAM features.
~CmFtrOpt2(1)	Surface		Surface	
~CmFtrOpt2(10)	Planar Face		Planar Face	
~CmFtrOpt2(2)	Solid		Solid	
~CmFtrOpt2(3)	Profile		Profile	
~CmFtrOpt2(4)	Pocket		Pocket	
~CmFtrOpt2(5)	Hole		Hole	
~CmFtrOpt2(6)	Slot		Slot	
~CmFtrOpt2(7)	Step		Step	
~CmFtrOpt2(8)	Chamfer		Chamfer	
~CmFtrOpt2(9)	CRound		CRound	
~CmFtrPop(10)	Preview		Preview	
~CmFtrPop(11)	Set Status OK		Set Status OK	
~CmFtrPop(14)	Assign To All		Assign this Feature to all appropriate Operation Definitions.	
~CmFtrPop(16)	Create Operation		Create an Operation and assign this Feature to the new Operation .	
~CmFtrPop(17)	Rename		Rename	
~CmFtrPop(18)	Duplicate		Duplicate	
~CmFtrPop(19)	Edit		Edit	
~CmFtrPop(2)	Edit		Edit	
~CmFtrPop(3)	Delete		Delete	
~CmFtrPop(8)	Remove		Remove	
~CmFtrPop(9)	Remove All		Remove All	
~CmGenericTblPop(0)	Delete		Delete	
~CmInpAPathMgr	Auto Path Manager		Auto path Manager	
~CmInpClipMgr	ClipBoard		Cut to clipboard	
~CmInquirePop(0)	Coordinate	WrInqCoord3	Show coordinates	Display the locations of points measured in absolute X,Y,Z coordinates.
~CmInquirePop(1)	Distance	CdDstAllCm	Measure distance between two geometric entities	
~CmInquirePop(2)	Angle	CdInqAngAllCm	Measure angle between planes	Measure 3D angles at the Part Level. You can measure between points, geometry and planes.
~CmInquirePop(3)	Arc	WrInqArc3PCm	Inquire arc data	Select points and display arc data such as radius, included angle, center, and normal.  You can use this command to check the theoretical arc data for three random points.
~CmInquirePop(4)	Length	WrInqLenCm	Show the length of a curve	Inquire the length of a line, arc, curve, or edge. You can also inquire a length summation by selecting multiple items to measure.
~CmInquirePop(5)	3D Surface	CdInqSrfPropCm	Inquire 3D surface area properties	
~CmLibExpObjFn	Export Objects		Export Cam Objects	
~CmLibImpObjFn	Import Objects		Import Cam Objects	
~CmMachPop(1)	Edit		Edit	
~CmMachPop(2)	Remove		Remove	
~CmMachPop(20)	Manage		Manage	
~CmMachPop(3)	Select		Select	
~CmMachPop(5)	Delete		Delete	
~CmMachPop(6)	Rename		Rename	
~CmMachinePop(1)	Edit		Edit	
~CmMachinePop(3)	Set Activate		Set Activate	
~CmMachinePop(5)	Delete		Delete	
~CmMachinePop(6)	Rename		Rename	
~CmNewSk	Insert Sketch		Add new sketch to setup	
~CmObjPopBt01Fn	Screen Pick		Paste Options	
~CmObjPopBt02Fn	Edit		Exit Wizard	
~CmObjPopBt03Fn	Tp Calc		Modify Attributes	
~CmObjPopBt04Fn	Inquire		Inquire Sequence	
~CmObjPopBt05Fn	Tp Calc Missing		Tp Calc Missing	
~CmObjPopBt06Fn	Tp Verify		Inquire Sequence	
~CmObjPopBt07Fn	Tp Edit		Solid Verify	
~CmObjPopBt08Fn	Tp Delete		Tp Delete	
~CmObjPopBt09Fn	Rest Material		Rest Material	
~CmOpClassPop(1)	Toggle Class		Toggle Class	
~CmOpEditSubTyp(-1)	Toggle Subtype		Toggle Subtype	
~CmOpParamPop	Edit		Edit	
~CmOpPop(1)	Show/Hide		Show/Hide	
~CmOpPop(10)	Transform		Transform	
~CmOpPop(11)	Batch Calculate(QM only)		Batch Calculate(QM only)	
~CmOpPop(12)	Solid Verify		Solid Verify	
~CmOpPop(13)	Edit		Edit operation parameter	
~CmOpPop(2)	Calculate		Calculate	
~CmOpPop(20)	Create Output for All		Create Output for All	
~CmOpPop(23)	Edit Tool Path		Edit Tool path	
~CmOpPop(24)	Create Output for Individual		Create Output for Individual	
~CmOpPop(25)	Insert Operation Before		Insert Operation Before	
~CmOpPop(26)	Inquire Tool Path		Inquire Tool path	
~CmOpPop(27)	Analyze Toolpath		Analyze Toolpath	
~CmOpPop(28)	Suppress/Unsuppress		Suppresse/Unsuppress	
~CmOpPop(29)	Output CL for All		Output CL for All	
~CmOpPop(3)	Toolpath Verify		Verify	Provide the ability to move forward or backward through a tool path.
~CmOpPop(30)	Output NC for All		Output NC for All	
~CmOpPop(31)	Output CL for Individual		Output CL for Individual	
~CmOpPop(32)	Output NC for Individual		Output NC for Individual	
~CmOpPop(33)	Move		Tool Path Move	Tool Path Move
~CmOpPop(34)	Pattern		Tool Path Pattern	Tool Path Pattern
~CmOpPop(35)	Mirror		Tool Path Mirror	Tool Path Mirror
~CmOpPop(36)	Scale		Tool Path Scale	Tool Path Scale
~CmOpPop(37)	Re-Order			
~CmOpPop(38)	Re-Link			
~CmOpPop(4)	Export		Export	
~CmOpPop(40)	Extend			
~CmOpPop(41)	Check Shortest Tool		Check Shortest Tool	
~CmOpPop(5)	Rename		Rename	
~CmOpPop(6)	Delete		Delete	
~CmOpPop(7)	Delete Tool Path		Delete Tool Path	
~CmOpPop(8)	Lock/Unlock		Lock/Unlock	
~CmOpPop(9)	Duplicate		Duplicate	
~CmOpsPop(1)	Insert Operation		Insert Operation	
~CmOpsPop(11)	Toggle Expand/Collapse		Toggle Expand/Collapse	
~CmOpsPop(12)	Create Output for All		Create Output for All	
~CmOpsPop(13)	Solid Verify		Solid Verify	Setup and run solid verify sessions of tool path as they are listed in the Organize Tab of the form.
~CmOpsPop(14)	Create Output for Individual		Create Output for Individual	
~CmOpsPop(15)	Solid Verify		Solid Verify	Setup and run solid verify sessions of tool path as they are listed in the Organize Tab of the form.
~CmOpsPop(16)	Output CL for All		Output CL for All	
~CmOpsPop(17)	Output NC for All		Output NC for All	
~CmOpsPop(18)	Output CL for Individual		Output CL for Individual	
~CmOpsPop(19)	Output NC for Individual		Output NC for Individual	
~CmOpsPop(2)	Calculate All		Calculate All	
~CmOpsPop(20)	Full Machine Simulation		Full Machine Simulation	Setup and run full machine simulation.
~CmOpsPop(21)	Check Shortest Tool		Check Shortest Tool	Check Shortest Tool
~CmOpsPop(3)	Calculate Missing		Calculate Missing	
~CmOpsPop(4)	Show All/Hide All		Show All/Hide All	
~CmOpsPop(6)	Delete All		Delete All	
~CmOpsPop(7)	Import		Import	
~CmOpsPop(8)	Delete All Tool Paths		Delete All Tool Paths	
~CmOpsPop(9)	Insert Operation Folder		Insert Operation Folder	
~CmOutAdd	Add Operations		Add Operations	
~CmOutFldPop(1)	Insert NC Folder		Insert NC Folder	
~CmOutFldPop(10)	Output Tooling List		Output Tooling List	
~CmOutFldPop(11)	Output Operation List		Output Operation List	
~CmOutFldPop(12)	Toggle Expand/Collapse		Toggle Expand/Collapse	
~CmOutFldPop(14)	Duplicate		Duplicate	
~CmOutFldPop(2)	Insert NC		Insert NC	
~CmOutFldPop(3)	Output CL		Output CL	
~CmOutFldPop(4)	Output NC		Output NC	
~CmOutFldPop(5)	Output XML		Output XML	
~CmOutFldPop(6)	Output Shop Document		Output shop document	
~CmOutFldPop(7)	Rename		Rename	
~CmOutFldPop(8)	Delete		Delete	
~CmOutFldPop(9)	Setting		Setting	
~CmOutPop(1)	Output CL		Output CL	
~CmOutPop(11)	Duplicate		Duplicate	
~CmOutPop(12)			set custom cl command	
~CmOutPop(13)	Full Machine Simulation		Full Machine Simulation	
~CmOutPop(2)	Output NC		Output NC	
~CmOutPop(3)	Output XML		Output XML	
~CmOutPop(4)	Output Shop Document		Output shop document	
~CmOutPop(5)	Rename		Rename	
~CmOutPop(6)	Delete		Delete	
~CmOutPop(7)	Setting		Setting	
~CmOutPop(8)	Output Tooling List		Output Tooling List	
~CmOutPop(9)	Output Operation List		Output Operation List	
~CmOutRefOpPop(1)	Remove		Remove	
~CmOutRefOpPop(2)	Go To Operation		Go To Operation	
~CmOutRefOpPop(3)			set custom cl command	
~CmOutputPop(1)	Insert NC Folder		Insert NC Folder	
~CmOutputPop(2)	Insert NC		Insert NC	
~CmOutputPop(3)	Delete All		Delete All	
~CmOutputPop(4)	CL/NC Setting		CL/NC Output Setting	
~CmOutputPop(5)	Shop Document Setting		Shop document output setting	
~CmOutputPop(6)	Toggle Expand/Collapse		Toggle Expand/Collapse	
~CmOutputPop(7)	Output CL		Output CL	
~CmOutputPop(8)	Output NC		Output NC	
~CmOutputPop(9)	Custom CL Cmd		Custom CL Cmd	
~CmPaste	Paste		Paste	
~CmQmCacheClean	Clean QM Cache		Delete QuickMill cache (keep STL files)	ZW3D QuickMilling is a set of tool path operations that are based on internally calculated STL files. These are triangulated representations of your part geometry.
~CmQmDirClean	Clean QM Dir		Delete QuickMill cache (all files)	Removes all ZW3D QuickMilling cache files including the STL files. These files represent incremental steps in tool path creation.
~CmQmShowLog	Show QuickMill Log		Show QuickMill Log	
~CmQmShowVer	About QuickMill		About QuickMill	
~CmRSetPop(1)	Edit Tactic		Edit Tactic	
~CmRSetPop(2)	Delete Tactic		Delete Tactic	
~CmRSetPop(3)	Create/Calculate Operations		Create/Calculate Operations	
~CmRSetPop(4)	Rename Tactic		Rename Tactic	
~CmRSetPop(5)	Re-Calculate Operations		Re-Calculate Operations	
~CmRSetPop(6)	Spreadsheet Interface - Operation View		Spreadsheet Interface - Operation View	
~CmRSetPop(7)	Spreadsheet Interface - Feature View		Spreadsheet Interface - Feature View	
~CmRSetPop(8)	Create Operations		Create Operations	
~CmSetRegenTest	Setups		Check Setup dependencies for changes	
~CmSetupPop(1)	Activate		Activate	
~CmSetupPop(2)	Rename		Rename	
~CmSetupPop(3)	Delete		Delete	
~CmSetupPop(4)	Toggle Expand/Collapse		Toggle Expand/Collapse	
~CmSetupPop(5)	Settings		Settings	
~CmShadeComp(0)	Reset		Reset	
~CmShadeComp(1)	Wireframe		Wireframe	
~CmShadeComp(2)	Shade		Shade	
~CmShadeComp(3)	Hidden Line		Hidden line	
~CmShadeComp(4)	Analysis		Analysis	
~CmShadeComp(9)	Transparent		Transparent	
~CmStartVxPost	ZW3D Post		Post Process CL Data	
~CmSubToolPop(1)	Edit		Edit	
~CmSubToolPop(2)	Delete		Delete	
~CmSubToolPop(3)	Rename		Rename	
~CmTPRPop(1)	Verify		Verify	
~CmTPRPop(2)	Solid Verify		Solid Verify	
~CmTPRPop(3)	Output		Output	
~CmTPRPop(4)	Edit		Edit	
~CmTblFnPop(1)	Show Operation, Hide Others (Toggle)		Show Operation, Hide others (toggle)	
~CmTblFnPop(2)	Wireframe Verify		WireFrame Verify	
~CmTblFnPop(3)	Calculate		Calculate	
~CmTblFnPop(4)	Highlight Features On/Off		Highlight Features On/Off	
~CmTblFnPop(5)	Lock/Unlock		Lock/Unlock Operation	
~CmTblFnPop(6)	Delete Tool Path		Delete Tool Path	
~CmTblFtrFnPop(10)	Remove from Operation		Remove from Operation	
~CmTblFtrFnPop(11)	Assign to Operation		Assign to Operation	
~CmTblFtrFnPop(12)	Highlight Feature On/Off		Highlight Feature On/Off	
~CmToolMainPop(1)	Insert Tool		Insert Tool	
~CmToolMainPop(2)	Delete All		Delete All	
~CmToolPop(1)	Edit		Edit	
~CmToolPop(2)	Remove		Remove	
~CmToolPop(20)	Manage		Manage	
~CmToolPop(3)	Select		Select	
~CmToolPop(5)	Delete		Delete	
~CmToolPop(6)	Rename		Rename	
~CmTpRegenTest	Tool Paths		Check Tool path dependencies for changes	
~CmTreeCall(adjustColumn)	Size All Columns to Fit		Resize all columns to adapt content	
~CmTreeCall(hideAllAttrs)	Hide All Attributes		Hide all the CAM tree attributes	
~CmTreeCall(showAttrsMgr)	Attributes Manager		Show the CAM tree attributes manager	
~CmUnBlankAllSk	UnBlank All Sketches		UnBlank all sketches	
~CmViewListImp	Import	CmViewSto	Import Views	Import Views from inserted Parts or top level of inserted Assembly
~CmmFrameRefOpPop(1)	Delete		Delete	
~CmmFrameRefOpPop(2)	Go To Operation		Go To Operation	
~CmmToolRefOpPop(1)	Delete		Delete	
~CmmToolRefOpPop(2)	Go To Operation		Go To Operation	
~DmFCSAddAdj	Adjacent Dimension		Adjacent dimension	
~DmFCSAddElem	Plane and Feature Indicator		Plane and feature indicator	
~DmFCSAddFrame	Tolerance Indicator		Tolerance indicator	
~DmHideDtm	Hide Projected Datums		Hide the unmarked projected datums	Hide all unmarked dimensions from projected datums in all views.
~DmMarkDtm	Mark Projected Datums		Mark the selected projected datum	Mark the selected projected datums and its corresponding datums in other views.
~DmReuseFcsDel	Delete		Delete	
~DmSaveFCS	Save Symbol			Save symbol
~DmShowDtm	Show Projected Datums		Show the unmarked projected datums	Show all dimensions from projected datums in all views.
~EqCurGetDim	Get Dimension		Get Dimension	
~EqListRem	Remove		Remove	
~EqListRen	Rename		Rename	
~EqListUpd	Update		Update	
~FCSEditorShow1	FCS Editor		FCS Editor	
~FCSEditorShow2	Text Editor		Text Editor	
~FeDesignSpace	Ansys - DesignSpace		Ansys - DesignSpace	
~FeDesignStar	Cosmos - DesignStar 2006		Cosmos - DesignStar 2006	
~FlexDesign			Flexible design	
~FtCmd(edit)	Edit		Edit	
~FtCmd(link)	Link		Link	
~FtCmd(send)	Send		Send	
~InterCollAll	Collapse All		Collapse All	
~InterExpdAll	Expand All		Expand All	
~InterHideAll	Hide All		Hide all	
~InterIgnoreThis	Ignore Interference		Ignore interference	
~InterShowAll	Show All		Show all	
~InterSortFromLargest	Sort Largest to Smallest			
~InterSortFromSmallest	Sort Smallest to Largest			
~InterZoom	Zoom To		Zoom To	
~LinkCmd(del)	Delete		Delete	
~LinkCmd(edel)	Delete		Delete	
~LinkCmd(edit)	Edit		Edit	
~LinkCmd(einq)	Inquire		Inquire	
~LinkCmd(esave)	Save		Save	
~LinkCmd(off)	Auto Regen OFF		Auto Regen OFF	
~LinkCmd(on)	Auto Regen ON		Auto Regen ON	
~LinkCmd(rgn)	Regen		Regen	
~MdAtRegDelItem	Delete		Delete region set.	
~MdAtRegRenameItem	Rename		Rename region set.	
~MdAtRegSetCavity	Assign to Cavity		Modify region set.	
~MdAtRegSetCore	Assign to Core		Modify region set.	
~MdDelAllPtFace	Delete all parting faces		Delete all parting faces.	
~MdDelAllSegment	Remove all segments		Remove all segments.	
~MdDelPtFace	Delete parting face		Delete parting face.	
~MdDelSegment	Remove segment		Remove segment.	
~MdRegDelItem	Delete		Delete region set.	
~MdRegRenameItem	Rename		Rename region set.	
~MdRegSetCavity	Assign to cavity		Modify region set.	
~MdRegSetCore	Assign to core		Modify region set.	
~PipCvIntPntDel	Delete Point		Delete the interpolation point.	
~PipCvPntG1Del	Delete G1		Delete the tangent condition at this point.	
~PipCvPntG1MagDel	Delete G1 Magnitude		Delete the tangent magnitude at this point.	
~PipCvPntG2Del	Delete G2		Delete the curvature radius condition at this point.	
~PipCvPntG3Del	Delete G3		Delete the flow condition at this point.	
~PipCvPntTanRev	Reverse Tangent Direction		Reverse the tangent direction at this point.	
~PmClearPop(1)	Edit		Edit	
~PmClearPop(11)	Clearances		Edit clearances	You can set the clearances for the default setup frame.
~PmCompPop(10)	Table		Table	
~PmCompPop(11)	Tool Holder		Tool Holder	
~PmCompPop(12)	Attachment		Attachment	
~PmCompPop(13)	Show/Hide		Show/Hide	
~PmCompPop(15)	Update Status		Update Status	
~PmCompPop(16)	Assign To All		Assign this Component to all Operation Definitions.	
~PmCompPop(17)	AutoDetect Features		Automatically detect milling features for this Component.	
~PmCompPop(21)	Add Stock		Insert a stock	
~PmCompPop(24)	Insert Feature Folder		Insert Feature Folder	
~PmCompPop(25)	Toggle Expand/Collapse		Toggle Expand/Collapse	
~PmCompPop(26)	Duplicate Component		Duplicate Component	
~PmCompPop(3)	Set Material		Set Material	
~PmCompPop(4)	Delete		Delete	
~PmCompPop(5)	Edit Component		Edit Component	
~PmCompPop(6)	Edit Class		Edit Class	
~PmCompPop(7)	Part		Part	
~PmCompPop(8)	Clamp		Clamp	
~PmCompPop(9)	Stock		Stock	
~PmDetectPop(11)	Analyze All Tool Paths		Analyze All Tool Paths	
~PmFolderMove(1)	Add into Previous Folder		Add all after previous folder to here into it	
~PmFolderMove(2)	Add into Next Folder		Add all from here to next folder into it	
~PmFolderMove(3)	Remove from First to Here		Remove from first to here	
~PmFolderMove(4)	Remove from Here to Last		Remove from here to last	
~PmFolderMove(5)	Remove This Operation		Remove this Operation	
~PmFolderPop(3)	Add into New Folder		Add into New Folder	
~PmFolderPop(5)	Add into Empty Folder at This Location		Add into empty folder at this location	
~PmFtrOpt(11)	CylBoss		CylBoss	
~PmFtrOpt2(11)	CylBoss		CylBoss	
~PmGeomPop(1)	Insert Component		Insert Component	
~PmGeomPop(11)	Geometry		Insert geometry	Geometry can include parts and assemblies. Parts can be open shells or solid models. Assemblies can include components representing the entire setup including the part to machine, the stock, table, clamps, etc.
~PmGeomPop(2)	Update Status		Update Status	
~PmGeomPop(3)	Delete All		Delete All	
~PmGeomPop(4)	Show All/Hide All		Show All/Hide All	
~PmGeomPop(6)	Assign To All		Assign Part and Stock Components to all Operation Definitions.	
~PmGeomPop(7)	Insert Component Folder		Insert Component Folder	
~PmGeomPop(8)	Toggle Expand/Collapse		Toggle Expand/Collapse	
~PmMachPop(10)	Edit		Edit	
~PmMachPop(11)	Rename		Rename	
~PmMachPop(12)	Delete		Delete	
~PmMachPop(13)	Machine		Edit machine	Define the active machine for all operations in the setup.
~PmMachPop(20)	Machine...		Edit machine definitions	Define and manage CAM machines for use in the active CAM plan and other plans through the use of CAM machine libraries.
~PmMachShow	Machine Manager...		Cam Machine Manager	
~PmOp(101)	Center		Center	The center hole operation is used to provide starting holes for other drilling operations.
~PmOp(102)	Drill		Drill	The drill operation is the primary hole making operation. It is used to drill basic holes.
~PmOp(103)	Peck		Peck drill	The peck-drill operation is a deep drilling method. The drill withdraws to the approach plane after advancing a specified distance into the hole, facilitating chip removal.
~PmOp(104)	Chip		Chip drill	With a chip-break operation, the drill withdraws a specified distance after advancing into the hole to prevent the binding of chips.
~PmOp(105)	Bore		Bore	Use the bore operation to enlarge, finish and accurately locate holes.
~PmOp(106)	Fine bore		Fine bore	With a fine bore operation, the boring bar enters the hole off-center, centers and bores from the bottom of the hole upward, avoiding drag marks along sides of the hole.
~PmOp(107)	Ream		Ream	Use the ream operation for finishing by removing a small amount of material from a pre-drilled hole.
~PmOp(108)	Tap		Tap	Use the tap operation to cut threads in a hole.
~PmOp(109)	Counterbore		Counterbore	Use the counterbore operation to spot-face, making room for the heads of bolts or screws, or to enlarge holes.
~PmOp(110)	Countersink		Countersink	Use the countersink operation to machine a cone shaped enlargement at the top of a hole.
~PmOp(201)	Profile		Profile cut	The profile cut operation cuts any number of open or closed curve boundaries or CAM Components containing geometry profiles. This allows engraving operations or complex patterns to be machined without error.
~PmOp(202)	Spiral		Spiral cut	The spiral cut operation is a facing (area clearance) or pocketing technique, which advances the tool at each depth by proceeding toward or away from the part boundaries.
~PmOp(203)	Box		Box cut	The box cut operation is a facing (area clearance) or pocketing technique, similar to the zigzag cut except the cuts are all in the same direction. The tool is lifted between each cut.
~PmOp(204)	Zigzag		Zigzag cut	The zigzag cut operation is a facing (area clearance) or pocketing technique. It advances the tool at each depth though a sequence of straight parallel cuts, reversing the tool direction at the end of each cut.
~PmOp(205)	Contour		Contour cut	With the contour cut operation, a medial or spine curve is calculated for each cutting zone. Tool movement proceeds in cuts generated parallel or perpendicular to that curve.
~PmOp(206)	Chamfer		Chamfer cut	The Chamfer Cut operation will accept profiles, curves, surfaces or chamfer features. The chamfer feature provides control for Offset, Draft, Depth, Chamfer Side and Spine Curves.
~PmOp(207)	Helical		Helical cut	Use the Helical Cut operation to machine male and female threads.
~PmOp(208)	Ramp		Ramp cut	Ramp Cut toolpaths start at Tool Home Start or pre-drill point. Starting from the top plane, the toolpath then ramps down evenly as determined by the Ramp Angle until it reaches the bottom plane. When the toolpath reaches the bottom plane, a line segment is created to reach Tool Home End.
~PmOp(209)	Corner Round		Corner Round	The Corner Cut operation will accept curves, surfaces and edges as inputs. It does not currently do any further analysis of the surface shape, so it will not automatically extract radius if a fillet like surface is selected.
~PmOp(210)	Topface Cut		Topface cut	The topface cut operation machines all planar faces defined in surfaces or part.
~PmOp(211)	Nesting		Part Nesting	The part nesting operation is used to arrange parts on a plate of material to maximize the number of parts that will fit.
~PmOp(212)	VoluMill2x		VoluMill2x	
~PmOp(213)	Thread		Thread Mill	Use the Thread Mill operation to machine male and female threads.
~PmOp(322)	Surface Engraving		Surface engraving	This is a 3 axis surface engraving operation (i.e., characters on parts). The input requirements for this operation are the surface part and the engraving characters.
~PmOp(501)	Inter Path Move		Inter path move	The Inter Path Move operation is provided so that you can create safe moves when a tool moves between tool paths. The result will be either a 3 axis or 5 axis motion sequence from the end of the previous tool path to the start of the following tool path.
~PmOp3x(301)	Map		Map cut	The map cut operation cuts any number of trimmed surfaces or solids. The cutting motion proceeds in a series of parallel cuts in one or both directions.
~PmOp3x(302)	Side		Side cut	The side cut operation is a 2-1/2 axis tool motion controlled by depth of cut and surface or solid geometry. The tool can ramp from one depth down to the next and the cuts can be sorted based on cutting region or depth.
~PmOp3x(303)	Iso		Iso cut	The iso cut operation uses the isolines (lines of constant U or V parameter value) of individual surfaces to guide the tool contact point. It can produce a very nice surface finish. However, it is NOT a gouge-free tool path.
~PmOp3x(304)	Spiral		Spiral finish	The 3 axis spiral cut operation is an area clearance technique which cuts any number of trimmed surfaces or solids using any number of closed boundaries to enclose the cutting motion.
~PmOp3x(305)	Box		Box finish	The 3 axis box cut operation is an area clearance technique, similar to 3-axis zigzag cut except the cuts are all in the same direction. The tool is lifted between each cut.
~PmOp3x(306)	Zigzag		Zigzag finish	The 3 axis zigzag cut operation is an area clearance technique which cuts any number of trimmed surfaces or solids using any number of closed boundaries to enclose the cutting motion. The tool advances at each depth through a sequence of parallel cuts, reversing the tool direction at the end of each cut.
~PmOp3x(307)	Profile		Profile finish	The 3 axis profile cut operation cuts any number of trimmed surfaces or solids using any number of open or closed curve boundaries to guide the tool centerline.
~PmOp3x(308)	Spiral		Spiral rough	The spiral rough operation is used for the removal of rough stock explicitly defined by profile, surface or solid stock definitions.
~PmOp3x(309)	Box		Box rough	The box rough operation is used for the removal of rough stock explicitly defined by profile, surface or solid stock definitions.
~PmOp3x(310)	Zigzag		Zigzag rough	The zigzag rough operation is used for the removal of rough stock explicitly defined by profile, surface or solid stock definitions.
~PmOp3x(311)	Spiral		Spiral cast	The spiral cast rough operation is used for the removal of implicitly defined stock using thickness values for remaining stock and offsets for stock removal.
~PmOp3x(312)	Box		Box cast	The box cast rough operation is used for the removal of implicitly defined stock using thickness values for remaining stock and offsets for stock removal.
~PmOp3x(313)	Zigzag		Zigzag cast	The zigzag cast rough operation is used for the removal of implicitly defined stock using thickness values for remaining stock and offsets for stock removal.
~PmOp3x(314)	Rest		Rest cut	The rest cut operation removes material remaining after previous milling operations.
~PmOp3x(315)	Pencil Trace		Pencil trace	The pencil trace operation removes material in creases and tight curvature regions on the part. This is useful for both cleanup and from relieving material near steep surfaces in preparation for other milling operations.
~PmOp3x(316)	Scallop Removal		Scallop removal	The scallop removal operation is a 3 axis tool path that requires the input of either a map cut or a side cut reference operation.
~PmOp3x(317)	Contour		Contour finish	With the 3 axis contour cut operation, a medial or spine curve is calculated for each cutting zone. Tool movement proceeds in cuts generated parallel or perpendicular to that curve.
~PmOp3x(318)	Contour		Contour rough	The contour rough operation is used for the removal of rough stock explicitly defined by profile, surface or solid stock definitions.
~PmOp3x(319)	Contour		Contour cast	The Contour Cast Rough Operation is used for the removal of implicitly defined stock using thickness values for remaining stock and offsets for stock removal.
~PmOp3x(321)	Peeling		Peeling cut	The peeling cut operation combines 2-1/2 axis motion in steep areas on the part and 3-axis motion in less steep regions. This improves machining efficiency and surface finish. You have complete control over the cutting pattern for the 3 axis motion.
~PmOp3x(323)	Lace		Finish lace	The lace cut operation is a parallel milling technique controlled by stepping parameters.
~PmOp3x(324)	Z level		Z level	The z level cut (also referred to as side cut) is used to machine steep walls.
~PmOp3x(325)	Drive Curve		Drive curve	The drive curve cut operation is similar to the offset 3D cut that starts from a custom set of curves. The starting curves can be open or closed. In general it is used like the flowing cut for milling along features.
~PmOp3x(326)	Offset 2D		HSM offset 2D	The high speed offset 2D cut operation is used for 2D area clearance.
~PmOp3x(327)	Flow		HSM flow	Multiple CAM profile features can be defined for this operation. Each feature group is considered one span. The curve pick sequence when defining the profile feature is very important for this operation.
~PmOp3x(328)	Lace		HSM lace	This is a more advanced version of the lace cut operation suited for high speed machining.
~PmOp3x(329)	Offset 3D		Finish offset 3D	The offset 3D cut operation is used when a smooth and continuous tool path is required in the part.
~PmOp3x(330)	Pencil		Pencil cut	The pencil cut operation is used to clear corners as a follow up to other QuickMilling operations.
~PmOp3x(331)	Lace		Rough lace	The rough lace cut operation is a parallel milling technique controlled by stepping parameters. It is used for the removal of explicitly defined rough stock.
~PmOp3x(332)	Offset 2D		Rough offset 2D	The rough offset 2D cut is used for 2D area clearance of explicitly defined rough stock.
~PmOp3x(333)	Plunge		Rough plunge	The rough plunge cut operation is used to rough out large parts. These can include deep cores and cavities, high shoulder slots and straight or sloped walls.
~PmOp3x(334)	Pre-drill		Pre-drill	The rough drill cut operation is used to create access holes to pocket features on the part to be machined.
~PmOp3x(335)	Flow 3D		Flow 3D	The Flow 3D cut operation will "morph" a pattern between pairs of guiding curves. The Flow 3D Cut could follow a Bulge Cut in a tool path sequence.
~PmOp3x(336)	Bulge		Bulge	This operation create a network of bulges on a surface using two intersecting curves referred to as a drive curve (Directrix) and a generator curve (Generatrix). This operation is useful in dispersion networks for automotive lighting parts or as an artistic hammer-paint effect.
~PmOp3x(337)	Engrave 2D		Engrave 2D	This is a 2 axis surface engraving operation (i.e., characters on flat parts). After creating the text, use the Explode Text & Dimensions command to create the curves to select for the CAM features.
~PmOp3x(339)	3x iso		3x iso cut	The cutter contact paths follow the constant U or constant V parameter lines of the part surfaces. This operation type can quickly provide efficient and smooth tool motion. The tool is usually well placed even on near-horizontal and near-vertical part shapes.
~PmOp3x(340)	SmoothFlow		SmoothFlow	SmoothFlow is a HSM cycle that tries to keep the tool uniformly engaged in material and retract as few times as possible.  There are two flavors: a unidirectional (climb, conventional) version and a zigzag one.  The unidirectional version adds around 10% of overcutting.
~PmOp3x(341)	SmoothFlow		HSM SmoothFlow	SmoothFlow technology was introduced to machine cavities and pockets safely and efficiently by maintaining constant material removal during roughing thus extending tool life and reducing machine wear and tear.
~PmOp3x(342)	Angle Limiting		Finish Angle Limiting	The Angle Limiting Finishing cut operation is used when smooth and steep tool path are both required in the vicinity of steep walls, milling in uncut or uncutable places or when milling the entirely part as a whole.
~PmOp3x(343)	Corner Finish		Corner Finish	The Corner Finish operation is used to clear corners as a follow up to other QuickMilling operations.
~PmOp3x(344)	Flat Finish		Flat Finish	The Flat Finish operation is used to machine all planar faces defined in surfaces or part.
~PmOp3x(345)	VoluMill3x		VoluMill3x	
~PmOp3x(501)	Inter Path Move		Inter path move	
~PmOp5x(401)	Plane		Plane cut	The 5 axis plane cut creates a cutting pattern based on parallel cuts at a user specified angle with respect to the frames X axis. This cutting pattern can be used to control the tool tip or the contact location of the tool on the part.
~PmOp5x(402)	Swarf		Swarf cut	The tool axis is controlled by drive surfaces with which the side of the tool maintains contact. The bottom of the tool (contact point) is controlled by part surfaces.
~PmOp5x(403)	Drive Curve		Drive curve	The 5 axis Drive Curve Cut uses 3D driving curves to calculate the tool path. The cutter is driven along these curves and respects the surface geometry to be cut.
~PmOp5x(404)	Interactive		Interactive	The interactive cut operation provides additional flexibility by allowing you to create a sequence of 5 axis swarf cut tool motions by specifying groups of part, check and drive surfaces.
~PmOp5x(405)	Flow		Flow cut	The 5 axis Flow Cut operation requires either a 5 axis Swarfcut or a 5 axis Drive Curve Cut as a reference operation that contains two separated cuts. This operation is very useful for machining areas between two tilted walls (turbine blades for example).
~PmOp5x(406)	Side		Side cut	The 5 axis Side Cut operation base upon different axis control options, it allows you to position the cutter in various orientations. This operation is a good choice for turbine top machining or complex pocket finishing with point control.
~PmOp5x(407)	Guide Surface Iso		Guide surface iso cut	Each 5 axis Guide Surface Iso Cut operation must have drive surface(s) selected in its feature list with general surfaces input as the cutting target. The guide surface defined by a drive surface forces tool axis to follow its normals along the isolines.
~PmOpCreateAreaMill	Area Mill		Area Mill	The Area Mill operation uses selected faces as drive geometry. Specify part geometry and cut area, Edit containment method and region pattern to create toolpath. Recommanded for finishing specific areas.
~PmOpEditRefOp	Select		Select	
~PmOpIns	Insert Operation		Insert Operation	
~PmOpRemRefOp	Remove		Remove	
~PmOpTurning(901)	Drill		Turn Drill	
~PmOpTurning(902)	Facing		Facing	
~PmOpTurning(903)	Rough		Rough Turn	
~PmOpTurning(904)	Finish		Finish Turn	
~PmOpTurning(905)	Groove		Turn Groove	
~PmOpTurning(906)	Threading		Threading	
~PmOpTurning(907)	PartOff		Part Off	
~PmOutPop(1)	Edit		Edit	
~PmOutPop(11)	Organize		Organize	Use the Organize Tab to organize your tool path operations for verify sessions and for output.
~PmOutPop(14)	View		View	Allows you to view CL data and G and M code output  graphically and quickly.
~PmOutPop(15)	Output		Output	
~PmRSetShow	Insert Hole Tactic		Insert Hole Tactic	
~PmRSetsPop(1)	Hole		Hole tactic	
~PmRSetsPop(2)	Mill2		Mill2 tactic	
~PmRSetsPop(3)	Mill3		Mill3 tactic	
~PmRSetsPop(4)	Toggle Expand/Collapse		Toggle Expand/Collapse	
~PmSpShPop(8)	Operation View		Spreadsheet Interface - Operation View	
~PmSpShPop(9)	Feature View		Spreadsheet Interface - Feature View	
~PmToolPop(10)	Edit		Edit	
~PmToolPop(11)	Rename		Rename	
~PmToolPop(12)	Delete		Delete	
~PmToolPop(20)	Tool...		Edit tool definitions	
~PmToolShow	Tool		CAM tool manager	
~UiMathFunForm	Math Functions		Math Functions	
~VxImportConfig	Import Config		Import an existing ZW3D configuration	Import the configuration settings from another ZW3D user directory.
~VxMSArmGetPts	Record Point Data		Record point data	Record point data for both Romer CimCore and MicroScribe desktop coordinate measuring machines (CMMs).
~VxPdmAdmin	Manage Users		Manage PDM users and passwords	
~VxPdmChkIn	Check In		Check In active file	Check the currently active file into the vault.
~VxPdmChkInExt	Check In External		Check In external file	Check any external file into the vault.
~VxPdmChkOut	Check Out		Check Out	Check a file out and copy it to the work directory.
~VxPdmChkOutEd	Check Out and Edit		Check Out and open file for edit	Check a file out to the work directory and open it.
~VxPdmChkOutIn	Check Out and Insert		Check Out and insert as component	Check a file out to the work directory and insert it as a component.
~VxPdmCopy	Copy File		Copy file from vault to work directory	This displays the ZW3D PDM Manager and copies a selected file to the work directory.
~VxPdmDelete	Delete File		Delete file	
~VxPdmFind	Manage Files		Manage Files	
~VxPdmInsertCmp	Insert Component		Insert component from ZW3D vault	This displays the ZW3D PDM Manager and inserts a selected file as a component.
~VxPdmLogin	Activate		Activate ZW3D PDM	
~VxPdmLogout	Deactivate		Deactivate ZW3D PDM	
~VxPdmObsExt	Obsolete External		Obsolete external	
~VxPdmObsolete	Obsolete		Obsolete active file	
~VxPdmOpen	View File		Open file without changing state	
~VxPdmRelExt	Release External		Release external file	
~VxPdmRelNew	New Release		New Release	Create a new release of the selected file and copy it to the work directory.
~VxPdmRelNewEd	New Release And Edit		New Release and open file for edit	Create a new release of the selected file and open it.
~VxPdmRelNewIn	New Release And Insert		New Release and insert as component	Create a new release of the selected file and insert it as a component.
~VxPdmRelease	Release		Release active file	
~VxPdmState	Change State		Change State	
~VxRDSGetPts	Record Point Data		Record point data	Reverse engineer physical objects by recording point data to a file that can be loaded into ZW3D.
~VxRDSGuiEPS	Edit Profile Settings		Edit profile settings	
~VxRDSGuiSFD	Special Functions		Special functions dialog	
~pvInsert3D	Insert 3-D		Insert 3D part	
~uiDispSnapshot	SnapShot		Display SnapShot	
