funzione	header	riga	deprecated	firma
Zw3DBomDataExport	zwapi_3dbom.h	23		ezwErrors Zw3DBomDataExport(const char *filePath)
Zw3DBomDataFree	zwapi_3dbom.h	20		ezwErrors Zw3DBomDataFree(szw3DBomData *data)
Zw3DBomDataGet	zwapi_3dbom.h	14		ezwErrors Zw3DBomDataGet(szw3DBomData *data)
Zw3DBomExcludedComponentListGet	zwapi_3dbom.h	52		ezwErrors Zw3DBomExcludedComponentListGet(int *count, szwEntityHandle **excludeList)
Zw3DBomExcludedStateSet	zwapi_3dbom.h	46		ezwErrors Zw3DBomExcludedStateSet(szwEntityHandle component, int excludeOption)
Zw3DBomFormatDataGet	zwapi_3dbom.h	40		ezwErrors Zw3DBomFormatDataGet(szw3DBomFormatData *formatData)
Zw3DBomFormatDataSet	zwapi_3dbom.h	43		ezwErrors Zw3DBomFormatDataSet(szw3DBomFormatData formatData)
Zw3DBomSettingDataFree	zwapi_3dbom.h	37		ezwErrors Zw3DBomSettingDataFree(szw3DBomSettingsData *data)
Zw3DBomSettingGet	zwapi_3dbom.h	26		ezwErrors Zw3DBomSettingGet(szw3DBomSettingsData *data)
Zw3DBomSettingSet	zwapi_3dbom.h	34		ezwErrors Zw3DBomSettingSet(szw3DBomSettingsData data)
Zw3DBomTemplateSet	zwapi_3dbom.h	49		ezwErrors Zw3DBomTemplateSet(const char *templateFile)
ZwActiveLCSGet	zwapi_datum.h	157		ezwErrors ZwActiveLCSGet(szwEntityHandle *handle)
ZwActiveLCSSet	zwapi_datum.h	151		ezwErrors ZwActiveLCSSet(szwEntityHandle handle)
ZwApplicationReactorIsRegistered	zwapi_global_apply.h	218		ezwErrors ZwApplicationReactorIsRegistered(ezwApplicationReactorType type, const zwString256 uniqueName, int *isRegistered)
ZwApplicationReactorSet	zwapi_global_apply.h	212		ezwErrors ZwApplicationReactorSet(ezwApplicationReactorType type, szwApplicationReactorData data)
ZwAssemblyConstraintDataGet	zwapi_assembly_constraint.h	22		ezwErrors ZwAssemblyConstraintDataGet(szwEntityHandle constraintHandle, szwAssemblyConstraintData *data)
ZwAssemblyConstraintDataSet	zwapi_assembly_constraint.h	25		ezwErrors ZwAssemblyConstraintDataSet(szwEntityHandle constraintHandle, szwAssemblyConstraintData data)
ZwAssemblyConstraintDimensionGet	zwapi_assembly_constraint.h	19		ezwErrors ZwAssemblyConstraintDimensionGet(szwEntityHandle constraintHandle, szwEntityHandle *dimensionHandle)
ZwAssemblyConstraintNodeNameGet	zwapi_assembly_constraint.h	34		ezwErrors ZwAssemblyConstraintNodeNameGet(szwEntityHandle constraintHandle, int nameSize, char *nodeName)
ZwAssemblyConstraintReferenceListGet	zwapi_assembly_constraint.h	31		ezwErrors ZwAssemblyConstraintReferenceListGet(szwEntityHandle constraintHandle, int *count, szwEntityHandle **referenceList)
ZwAssemblyConstraintStateGet	zwapi_assembly_constraint.h	37		ezwErrors ZwAssemblyConstraintStateGet(szwEntityHandle constraint, ezwAssemblyConstraintState *state)
ZwAssemblyConstraintTypeGet	zwapi_assembly_constraint.h	28		ezwErrors ZwAssemblyConstraintTypeGet(szwEntityHandle constraintHandle, ezwAssemblyConstraintType *type)
ZwAssemblyFeatureListGet	zwapi_feature_general.h	14		ezwErrors ZwAssemblyFeatureListGet(int *countFeature, szwEntityHandle **featureList)
ZwAssemblyHoleCreate	zwapi_assembly_feature.h	20		ezwErrors ZwAssemblyHoleCreate(szwAssemblyHoleData data, szwEntityHandle *hole)
ZwAssemblyHoleDataFree	zwapi_assembly_feature.h	23		ezwErrors ZwAssemblyHoleDataFree(szwAssemblyHoleData *data)
ZwAssemblyHoleInit	zwapi_assembly_feature.h	13		ezwErrors ZwAssemblyHoleInit(ezwAssemblyHoleType holeType, ezwAssemblyHoleShape holeShape, szwAssemblyHoleData *data)
ZwAssemblyTopLevelActivate	zwapi_component.h	150		ezwErrors ZwAssemblyTopLevelActivate(int updateGUI, szwEntityHandle *oldComponentHandle)
ZwAssemblyTreeReorder	zwapi_component.h	141		ezwErrors ZwAssemblyTreeReorder(int count, const szwEntityHandle *handleList, szwEntityHandle targetHandle, ezwAssemblyReorderLocation location)
ZwAttributeDataFree	zwapi_attribute.h	137		ezwErrors ZwAttributeDataFree(szwAttribute *attributeData)
ZwAttributeGetByHandle	zwapi_attribute.h	131		ezwErrors ZwAttributeGetByHandle(szwEntityHandle attribute, szwAttribute *attributeData)
ZwAxisPointDistanceGet	zwapi_point.h	50		ezwErrors ZwAxisPointDistanceGet(szwAxis axis, szwPoint point, double *distance)
ZwAxisPointGetByDistance	zwapi_point.h	53		ezwErrors ZwAxisPointGetByDistance(szwAxis axis, double distance, szwPoint *point)
ZwAxisProjectionPointGet	zwapi_point.h	47		ezwErrors ZwAxisProjectionPointGet(szwAxis axis, szwPoint point, szwPoint *projectPoint)
ZwAxisTransform	zwapi_point.h	44		ezwErrors ZwAxisTransform(szwMatrix inputMatrix, szwAxis *axis)
ZwBendInformationGet	zwapi_sheet_metal.h	21		ezwErrors ZwBendInformationGet(szwEntityHandle face, const zwString32 variableName, szwSmdBendInformation *bendInformation)
ZwBoundingBoxTransform	zwapi_boundingbox.h	14		ezwErrors ZwBoundingBoxTransform(szwMatrix inputMatrix, szwBoundingBox *boundingBox)
ZwCSYSAxisGet	zwapi_datum.h	133		ezwErrors ZwCSYSAxisGet(szwEntityHandle csys, ezwDatumAxisType type, szwEntityHandle *axis)
ZwCSYSCreate	zwapi_datum.h	130		ezwErrors ZwCSYSCreate(szwDatumCSYSData data, szwEntityHandle *csys)
ZwCSYSCreateByPlaneAndDirection	zwapi_datum.h	124		ezwErrors ZwCSYSCreateByPlaneAndDirection(szwDatumCSYSMethodPlaneAndDirection planeDirection, szwEntityHandle *csys)
ZwCSYSCreateByPlaneAndDirectionInit	zwapi_datum.h	121		ezwErrors ZwCSYSCreateByPlaneAndDirectionInit(szwDatumCSYSMethodPlaneAndDirection *planeDirection)
ZwCSYSCreateByPointAndDirection	zwapi_datum.h	118		ezwErrors ZwCSYSCreateByPointAndDirection(szwDatumCSYSMethodPointAndDirection pointDirection, szwEntityHandle *csys)
ZwCSYSCreateByPointAndDirectionInit	zwapi_datum.h	115		ezwErrors ZwCSYSCreateByPointAndDirectionInit(szwDatumCSYSMethodPointAndDirection *pointDirection)
ZwCSYSCreateByThreePoints	zwapi_datum.h	112		ezwErrors ZwCSYSCreateByThreePoints(szwDatumCSYSMethodThreePoints threePoints, szwEntityHandle *csys)
ZwCSYSCreateByThreePointsInit	zwapi_datum.h	105		ezwErrors ZwCSYSCreateByThreePointsInit(szwDatumCSYSMethodThreePoints *threePoints)
ZwCSYSInit	zwapi_datum.h	127		ezwErrors ZwCSYSInit(ezwDatumCSYSMethods method, szwDatumCSYSData *data)
ZwCSYSPlaneGet	zwapi_datum.h	136		ezwErrors ZwCSYSPlaneGet(szwEntityHandle csys, ezwDatumPlaneType type, szwEntityHandle *plane)
ZwCamAdvPlanOpGetParent	zwapi_cm_op.h	268		ezwErrors ZwCamAdvPlanOpGetParent(ezwCamBrowserRootType rootType, int idxOp, int *idxParent)
ZwCamAllNcFolderInq	zwapi_cm_query.h	166		ezwErrors ZwCamAllNcFolderInq(int *numObjs, int **idxListPtr)
ZwCamAllOperationInq	zwapi_cm_query.h	172		ezwErrors ZwCamAllOperationInq(int *numObjs, int **idxListPtr)
ZwCamAllToolInq	zwapi_cm_query.h	169		ezwErrors ZwCamAllToolInq(int *numObjs, int **idxListPtr)
ZwCamAsmEnter	zwapi_cm_comp.h	107		ezwErrors ZwCamAsmEnter()
ZwCamAsmExit	zwapi_cm_comp.h	110		ezwErrors ZwCamAsmExit()
ZwCamBrowserAllUnselect	zwapi_cm_query.h	145		ezwErrors ZwCamBrowserAllUnselect()
ZwCamBrowserMoveObjects	zwapi_cm_query.h	151		ezwErrors ZwCamBrowserMoveObjects(ezwCamObjectMovePosition movePosition, ezwCamBrowserRootType rootType, int destinationObjIdx, int movedObjCnt, int *movedObjs)
ZwCamBrowserSelectedObjInq	zwapi_cm_query.h	148		ezwErrors ZwCamBrowserSelectedObjInq(int *numObjs, int **idxListPtr)
ZwCamChamferFeatDataGet	zwapi_cm_ftr.h	293		ezwErrors ZwCamChamferFeatDataGet(int feat_idx, szwCamFtrChamferAttr *chamfAttr)
ZwCamChamferFeatDataSet	zwapi_cm_ftr.h	296		ezwErrors ZwCamChamferFeatDataSet(int feat_idx, const szwCamFtrChamferAttr *chamfAttr)
ZwCamComponentIndexGet	zwapi_cm_comp.h	104		ezwErrors ZwCamComponentIndexGet(szwEntityHandle compHandle, int *cmcompIdx)
ZwCamCroundFeatDataGet	zwapi_cm_ftr.h	280		ezwErrors ZwCamCroundFeatDataGet(int feat_idx, szwCamFtrCroundAttr *crndAttr)
ZwCamCroundFeatDataSet	zwapi_cm_ftr.h	283		ezwErrors ZwCamCroundFeatDataSet(int feat_idx, const szwCamFtrCroundAttr *crndAttr)
ZwCamCurveCurvatureGet	zwapi_cm_query.h	131		ezwErrors ZwCamCurveCurvatureGet(svxEntPath curve, double t, szwPoint *point, szwPoint *normal, double *curvature)
ZwCamEntPathObjCreate	zwapi_cm_ftr.h	307		ezwErrors ZwCamEntPathObjCreate(const svxEntPath *path, int *idxEntPath)
ZwCamEntPathObjInq	zwapi_cm_ftr.h	310		ezwErrors ZwCamEntPathObjInq(int idxEntPath, svxEntPath *path)
ZwCamEntityStlInq	zwapi_cm_query.h	137		ezwErrors ZwCamEntityStlInq(const svxEntPath *entPath, int entCnt, svxSTL *stl)
ZwCamFaceEvaluate	zwapi_cm_query.h	128		ezwErrors ZwCamFaceEvaluate(svxEntPath face, double U, double V, szwPoint *point, szwVector *normal, szwVector *UTangent, szwVector *VTangent)
ZwCamFacePointProjectionUVGet	zwapi_cm_query.h	125		ezwErrors ZwCamFacePointProjectionUVGet(svxEntPath face, szwPoint point, double *U, double *V)
ZwCamFeatDelete	zwapi_cm_ftr.h	240		ezwErrors ZwCamFeatDelete(int featIdx)
ZwCamFeatElementDelete	zwapi_cm_ftr.h	249		ezwErrors ZwCamFeatElementDelete(int featIdx, szwEntityHandle elementEntHandle)
ZwCamFilterHoleResultOnSurface	zwapi_cm_query.h	143		ezwErrors ZwCamFilterHoleResultOnSurface(int pathCount, const szwEntityHandle *selectHandle, int srcResultCnt, const szwCamHoleResult *srcResult, int *resultCount, szwCamHoleResultOnFace **resultOnFace)
ZwCamFindHole	zwapi_cm_query.h	140		ezwErrors ZwCamFindHole(int pathCount, const szwEntityHandle *selectHandle, int dirCount, const szwPoint *dir, int *resultCount, szwCamHoleResult **result)
ZwCamFolderCreate	zwapi_cm_folder.h	46		ezwErrors ZwCamFolderCreate(const char *name, int parentIdx, int prevIdx, int *folderIdx)
ZwCamFolderNameGet	zwapi_cm_folder.h	56		ezwErrors ZwCamFolderNameGet(int folderIdx, char *name, int size)
ZwCamFolderNameSet	zwapi_cm_folder.h	53		ezwErrors ZwCamFolderNameSet(int folderIdx, const char *name)
ZwCamFrameAutoClearanceGet	zwapi_cm_frame.h	80		ezwErrors ZwCamFrameAutoClearanceGet(int frameIdx, szwCamFrameAutoClearance *autoClear)
ZwCamFrameAutoClearanceSet	zwapi_cm_frame.h	77		ezwErrors ZwCamFrameAutoClearanceSet(int frameIdx, szwCamFrameAutoClearance autoClear)
ZwCamFrameClearanceZGet	zwapi_cm_frame.h	74		ezwErrors ZwCamFrameClearanceZGet(int frameIdx, double *clearanceZ)
ZwCamFrameClearanceZSet	zwapi_cm_frame.h	71		ezwErrors ZwCamFrameClearanceZSet(int frameIdx, double clearanceZ)
ZwCamFrameFixtureOffsetGet	zwapi_cm_frame.h	86		ezwErrors ZwCamFrameFixtureOffsetGet(int frameIdx, szwCamFrameFixtureOffset *fixtureOffset)
ZwCamFrameFixtureOffsetSet	zwapi_cm_frame.h	83		ezwErrors ZwCamFrameFixtureOffsetSet(int frameIdx, szwCamFrameFixtureOffset fixtureOffset)
ZwCamFrameNameGet	zwapi_cm_frame.h	68		ezwErrors ZwCamFrameNameGet(int frameIdx, char *str, int strSize)
ZwCamFrameNameSet	zwapi_cm_frame.h	65		ezwErrors ZwCamFrameNameSet(int frameIdx, const char *str)
ZwCamFrameVisibilityGet	zwapi_cm_frame.h	92		ezwErrors ZwCamFrameVisibilityGet(int idx_frame, int *state)
ZwCamFrameVisibilitySet	zwapi_cm_frame.h	89		evxErrors ZwCamFrameVisibilitySet(int idx_frame, int state)
ZwCamFtrElementEntListGet	zwapi_cm_ftr.h	246		ezwErrors ZwCamFtrElementEntListGet(int featIdx, int *elementCnt, szwEntityHandle **elementEntList)
ZwCamFtrElementListGet	zwapi_cm_ftr.h	243		ezwErrors ZwCamFtrElementListGet(int feat_idx, int *elementCnt, int **elementIdxList)
ZwCamFtrGrpFeatListGet	zwapi_cm_ftr.h	237		ezwErrors ZwCamFtrGrpFeatListGet(int idx_ftrgrp, int *featCnt, int **featIdxList)
ZwCamFtrGrpInqCmcompIdx	zwapi_cm_ftr.h	316		ezwErrors ZwCamFtrGrpInqCmcompIdx(int idxFtrGrp, int *idxCmcomp)
ZwCamFtrGrpInqCompIdx	zwapi_cm_ftr.h	313		ezwErrors ZwCamFtrGrpInqCompIdx(int idxFtrGrp, int *idxComp)
ZwCamFtrGrpNameGet	zwapi_cm_ftr.h	229		ezwErrors ZwCamFtrGrpNameGet(int ftrgrpIdx, char *str, int strSize)
ZwCamFtrGrpProfClassGet	zwapi_cm_ftr.h	304		ezwErrors ZwCamFtrGrpProfClassGet(int ftrgrp_idx, ezwCamFtrProfileClass *profClass)
ZwCamFtrGrpProfClassSet	zwapi_cm_ftr.h	299		ezwErrors ZwCamFtrGrpProfClassSet(int ftrgrp_idx, ezwCamFtrProfileClass profClass)
ZwCamGetToolHomeEndPos	zwapi_cm_op.h	193		ezwErrors ZwCamGetToolHomeEndPos(int idx_op, szwPoint *pEnd)
ZwCamGetToolHomeStartPos	zwapi_cm_op.h	190		ezwErrors ZwCamGetToolHomeStartPos(int idx_op, szwPoint *pStart)
ZwCamHoleFeatDataGet	zwapi_cm_ftr.h	252	@deprecated	ezwErrors ZwCamHoleFeatDataGet(int feat_idx, szwCamFtrHoleAttr *holeAttr)
ZwCamHoleFeatDataSet	zwapi_cm_ftr.h	255	@deprecated	ezwErrors ZwCamHoleFeatDataSet(int feat_idx, const szwCamFtrHoleAttr *holeAttr)
ZwCamInsertHoleToSpecComp	zwapi_cm_ftr.h	209		evxErrors ZwCamInsertHoleToSpecComp(const vxName ftrName, int faceCnt, szwEntityHandle *faceList, int cadCompId, double *depth, int *idxFtrGrp)
ZwCamIsCrvsClosed	zwapi_cm_op.h	286		ezwErrors ZwCamIsCrvsClosed(double tol, int crv_cnt, svxCurve *curves, int *isClosed)
ZwCamLicProductCheck	zwapi_cm_query.h	119		ezwErrors ZwCamLicProductCheck(int product_index, int *check_flag)
ZwCamMachineIntGet	zwapi_cm_machine.h	98		ezwErrors ZwCamMachineIntGet(int idx_mach, evxCmMachAttr param, int *value)
ZwCamMachineIntSet	zwapi_cm_machine.h	91		ezwErrors ZwCamMachineIntSet(int idx_mach, evxCmMachAttr param, int value)
ZwCamMachineStrGet	zwapi_cm_machine.h	101		ezwErrors ZwCamMachineStrGet(int idx_mach, evxCmMachAttr param, int strSize, char *str)
ZwCamMachineStrSet	zwapi_cm_machine.h	104		ezwErrors ZwCamMachineStrSet(int idx_mach, evxCmMachAttr param, const char *str)
ZwCamObjGroupIdxFromNameInq	zwapi_cm_query.h	160		ezwErrors ZwCamObjGroupIdxFromNameInq(const char *name, int *index)
ZwCamObjNameInq	zwapi_cm_query.h	154		ezwErrors ZwCamObjNameInq(int objIdx, char *name, int size)
ZwCamObjNameSet	zwapi_cm_query.h	157		ezwErrors ZwCamObjNameSet(int objIdx, const char *name)
ZwCamOpCamComponentListGet	zwapi_cm_op.h	265		ezwErrors ZwCamOpCamComponentListGet(int idxOp, int *cmCompCnt, int **cmCompList)
ZwCamOpDoubleGet	zwapi_cm_op_param.h	31		ezwErrors ZwCamOpDoubleGet(int idx_Op, ezwCamOpParam param, double *value)
ZwCamOpDoubleSet	zwapi_cm_op_param.h	15		ezwErrors ZwCamOpDoubleSet(int idx_Op, ezwCamOpParam param, double value)
ZwCamOpFtrGrpListGet	zwapi_cm_op.h	262		ezwErrors ZwCamOpFtrGrpListGet(int idxOp, int *ftrGrpCnt, int **ftrGrpList)
ZwCamOpIdxFromNameInq	zwapi_cm_query.h	163		ezwErrors ZwCamOpIdxFromNameInq(const char *name, int *index)
ZwCamOpIntGet	zwapi_cm_op_param.h	34		ezwErrors ZwCamOpIntGet(int idx_Op, ezwCamOpParam param, int *value)
ZwCamOpIntSet	zwapi_cm_op_param.h	22		ezwErrors ZwCamOpIntSet(int idx_Op, ezwCamOpParam param, int value)
ZwCamOpM2PreDrillPointsClear	zwapi_cm_op.h	283		ezwErrors ZwCamOpM2PreDrillPointsClear(int idxOp)
ZwCamOpM2PreDrillPointsGet	zwapi_cm_op.h	277		ezwErrors ZwCamOpM2PreDrillPointsGet(int idxOp, int *pCount, svxPoint **pPoints)
ZwCamOpM2StartPointsClear	zwapi_cm_op.h	280		ezwErrors ZwCamOpM2StartPointsClear(int idxOp)
ZwCamOpM2StartPointsGet	zwapi_cm_op.h	274		ezwErrors ZwCamOpM2StartPointsGet(int idxOp, int *pCount, svxPoint **pPoints)
ZwCamOpNest	zwapi_cm_nester.h	44		ezwErrors ZwCamOpNest(int *polyNum, szwCamNestRegion **polysResult, szwCamNestRegion **canvansResult)
ZwCamOpNestAddCanvas	zwapi_cm_nester.h	38		ezwErrors ZwCamOpNestAddCanvas(const szwCamNestRegion *canvas)
ZwCamOpNestAddPolys	zwapi_cm_nester.h	41		ezwErrors ZwCamOpNestAddPolys(int polyRegNum, const szwCamNestRegion *polyRegs)
ZwCamOpNestInit	zwapi_cm_nester.h	35		ezwErrors ZwCamOpNestInit(ezwCmNestQualityEnum qaEnum, double tol = 0.01)
ZwCamOpObjGet	zwapi_cm_op_param.h	40		ezwErrors ZwCamOpObjGet(int idx_Op, ezwCamOpParam param, void *obj_ptr)
ZwCamOpObjSet	zwapi_cm_op_param.h	28		ezwErrors ZwCamOpObjSet(int idx_Op, ezwCamOpParam param, void *obj_ptr)
ZwCamOpSaveToXml	zwapi_cm_op.h	238		ezwErrors ZwCamOpSaveToXml(int idx_op, const char *xmlPath)
ZwCamOpSetFolder	zwapi_cm_op.h	231		ezwErrors ZwCamOpSetFolder(int idx_op, int idx_folder)
ZwCamOpStrGet	zwapi_cm_op_param.h	37		ezwErrors ZwCamOpStrGet(int idx_Op, ezwCamOpParam param, char *str, int strSize)
ZwCamOpStrSet	zwapi_cm_op_param.h	25		ezwErrors ZwCamOpStrSet(int idx_Op, ezwCamOpParam param, const char *str)
ZwCamOutputStationGet	zwapi_cm_forms.h	125		ezwErrors ZwCamOutputStationGet(int idxNc, int *checkState)
ZwCamOutputStationInfoAdd	zwapi_cm_forms.h	127		ezwErrors ZwCamOutputStationInfoAdd(int idxNc, const char *frameText)
ZwCamOutputStationInfoDelete	zwapi_cm_forms.h	129		ezwErrors ZwCamOutputStationInfoDelete(int idxNc, int delRow)
ZwCamOutputStationInfoGet	zwapi_cm_forms.h	135		ezwErrors ZwCamOutputStationInfoGet(int idxNc, int rowIdx, char *frameText, int textSize)
ZwCamOutputStationInfoListGet	zwapi_cm_forms.h	138		ezwErrors ZwCamOutputStationInfoListGet(int idxNc, int *infoLen, char ***list)
ZwCamOutputStationInfoModify	zwapi_cm_forms.h	132		ezwErrors ZwCamOutputStationInfoModify(int idxNc, int modifyRow, const char *frameText)
ZwCamOutputStationOutputDataGet	zwapi_cm_forms.h	142		ezwErrors ZwCamOutputStationOutputDataGet(int idxNc, szwCamOutStationOutputData *outputData)
ZwCamOutputStationOutputDataSet	zwapi_cm_forms.h	140		ezwErrors ZwCamOutputStationOutputDataSet(int idxNc, szwCamOutStationOutputData outputData)
ZwCamOutputStationSet	zwapi_cm_forms.h	118		ezwErrors ZwCamOutputStationSet(int idxNc, int checkState)
ZwCamPntPreview	zwapi_cm_forms.h	145		ezwErrors ZwCamPntPreview(int iPntCnt, const szwPoint *zPntArr, svxWireAt zPointAt, void *ohEcho)
ZwCamPointOnEntityCheck	zwapi_cm_query.h	122		ezwErrors ZwCamPointOnEntityCheck(svxEntPath entity, szwPoint point, ezwPointLocation *pointLocation)
ZwCamProfElementDataGet	zwapi_cm_ftr.h	274	@deprecated	ezwErrors ZwCamProfElementDataGet(int feat_idx, int element_idx, double *offset, double *draft, evxCmProfileTolLoc *tolloc)
ZwCamProfElementDataSet	zwapi_cm_ftr.h	277	@deprecated	ezwErrors ZwCamProfElementDataSet(int prof_idx, int curve_idx, double newOffset, double newDraft, evxCmProfileTolLoc tolloc)
ZwCamProfFeatAdd	zwapi_cm_ftr.h	264		ezwErrors ZwCamProfFeatAdd(int ftrgrpIdx, int curveCnt, szwEntityHandle *curveEntList, int *featIdx)
ZwCamProfFeatAutoGroupAdd	zwapi_cm_ftr.h	267		ezwErrors ZwCamProfFeatAutoGroupAdd(int ftrgrpIdx, int curveCnt, szwEntityHandle *curveEntList, int *featCnt, int **featIdx)
ZwCamProfFeatDataGet	zwapi_cm_ftr.h	258		ezwErrors ZwCamProfFeatDataGet(int feat_idx, szwCamFtrProfileAttr *profAttr)
ZwCamProfFeatDataSet	zwapi_cm_ftr.h	261		ezwErrors ZwCamProfFeatDataSet(int feat_idx, const szwCamFtrProfileAttr *profAttr)
ZwCamProfFeatStartElementGet	zwapi_cm_ftr.h	270		ezwErrors ZwCamProfFeatStartElementGet(int featIdx, szwEntityHandle *startElement, svxAxis *startAxis)
ZwCamShapeFaceListGet	zwapi_cm_query.h	134		ezwErrors ZwCamShapeFaceListGet(svxEntPath shape, int *faceCount, svxEntPath **faceList)
ZwCamSlotFeatDataGet	zwapi_cm_ftr.h	286		ezwErrors ZwCamSlotFeatDataGet(int feat_idx, szwCamFtrSlotAttr *slotAttr)
ZwCamSlotFeatDataSet	zwapi_cm_ftr.h	290		ezwErrors ZwCamSlotFeatDataSet(int feat_idx, const szwCamFtrSlotAttr *slotAttr)
ZwCamStockBlockAdd	zwapi_cm_comp.h	101		ezwErrors ZwCamStockBlockAdd(szwEntityHandle compHandle, szwCamBlockStockData stockData, szwEntityHandle *stockEntHandle)
ZwCamStockCylinderAdd	zwapi_cm_comp.h	98		ezwErrors ZwCamStockCylinderAdd(szwEntityHandle compHandle, szwCamCylinderStockData stockData, szwEntityHandle *stockEntHandle)
ZwCamToolCreate	zwapi_cm_tool.h	174		ezwErrors ZwCamToolCreate(ezwCamToolSubType toolSubType, int *toolIdx)
ZwCamToolDoubleGet	zwapi_cm_tool_param.h	30		ezwErrors ZwCamToolDoubleGet(int toolIdx, ezwCamToolParam param, double *value)
ZwCamToolDoubleSet	zwapi_cm_tool_param.h	14		ezwErrors ZwCamToolDoubleSet(int toolIdx, ezwCamToolParam param, double value)
ZwCamToolExportAllToLibrary	zwapi_cm_tool.h	161		ezwErrors ZwCamToolExportAllToLibrary(const vxLongPath library_path, const vxLongName file_name)
ZwCamToolInsertFromLibrary	zwapi_cm_tool.h	154		ezwErrors ZwCamToolInsertFromLibrary(const vxLongPath library_path, const vxLongName file_name, const vxLongName tool_name, int *idx_tool)
ZwCamToolIntGet	zwapi_cm_tool_param.h	33		ezwErrors ZwCamToolIntGet(int toolIdx, ezwCamToolParam param, int *value)
ZwCamToolIntSet	zwapi_cm_tool_param.h	21		ezwErrors ZwCamToolIntSet(int toolIdx, ezwCamToolParam param, int value)
ZwCamToolObjGet	zwapi_cm_tool_param.h	39		ezwErrors ZwCamToolObjGet(int toolIdx, ezwCamToolParam param, void *objPtr)
ZwCamToolObjSet	zwapi_cm_tool_param.h	27		ezwErrors ZwCamToolObjSet(int toolIdx, ezwCamToolParam param, void *objPtr)
ZwCamToolStrGet	zwapi_cm_tool_param.h	36		ezwErrors ZwCamToolStrGet(int toolIdx, ezwCamToolParam param, char *str, int strSize)
ZwCamToolStrSet	zwapi_cm_tool_param.h	24		ezwErrors ZwCamToolStrSet(int toolIdx, ezwCamToolParam param, const char *str)
ZwCamToolUserDefDataGet	zwapi_cm_tool.h	171		ezwErrors ZwCamToolUserDefDataGet(int toolIdx, int *layerCnt, szwCamUserDefToolLayerData **layerData)
ZwCamToolUserDefDataSet	zwapi_cm_tool.h	168		ezwErrors ZwCamToolUserDefDataSet(int toolIdx, int layerCnt, szwCamUserDefToolLayerData *layerData)
ZwCamToolUserDefDataSetByWire	zwapi_cm_tool.h	165		ezwErrors ZwCamToolUserDefDataSetByWire(int toolIdx, int layerCnt, szwCurve *curves)
ZwCamToolUserProfDataCreateByWire	zwapi_cm_tool.h	177		ezwErrors ZwCamToolUserProfDataCreateByWire(int curveCnt, const szwEntityHandle *curveList, int *toolIdx)
ZwCamToolUserProfDataSetByWire	zwapi_cm_tool.h	180		ezwErrors ZwCamToolUserProfDataSetByWire(int toolIdx, int curveCnt, const szwEntityHandle *curveList)
ZwCamTpathMotionsInq	zwapi_cm_tpath.h	30		ezwErrors ZwCamTpathMotionsInq(int idxOp, int *iMotionCnt, szwCamTpathMotion **pzMotions)
ZwCamTreeRefresh	zwapi_cm_query.h	112		ezwErrors ZwCamTreeRefresh(void)
ZwCamTriObjImport	zwapi_cm_forms.h	149		ezwErrors ZwCamTriObjImport(const char *path, ezwColor color, int *idOut)
ZwCamTriObjPreview	zwapi_cm_forms.h	152		ezwErrors ZwCamTriObjPreview(int objId, const szwMatrix *pzMat, void *ohEcho)
ZwCamUDOpCreate	zwapi_cm_op.h	241		ezwErrors ZwCamUDOpCreate(const char *name, const szwCamUDOpData *pzUDF, int *idxOp)
ZwCamUDOpDataGet	zwapi_cm_op.h	256		ezwErrors ZwCamUDOpDataGet(int idxOp, szwCamUDOpData *pzUDF)
ZwCamUDOpDataSet	zwapi_cm_op.h	259		ezwErrors ZwCamUDOpDataSet(int idxOp, const szwCamUDOpData *pzUDF)
ZwCamUDOpEditFnRegister	zwapi_cm_op.h	244		ezwErrors ZwCamUDOpEditFnRegister(int idxOp, ZwCamUDOpEditFn fn)
ZwCamUDOpEditFnRegisterByType	zwapi_cm_op.h	247		ezwErrors ZwCamUDOpEditFnRegisterByType(const char *typeName, ZwCamUDOpEditFn fn)
ZwCamUDOpEditFnUnregisterByType	zwapi_cm_op.h	250		ezwErrors ZwCamUDOpEditFnUnregisterByType(const char *typeName)
ZwCamUDOpFormExit	zwapi_cm_op.h	271		ezwErrors ZwCamUDOpFormExit(int idxOp)
ZwCamUDOpTpathArcMotionAdd	zwapi_cm_tpath.h	27		ezwErrors ZwCamUDOpTpathArcMotionAdd(int idxOp, const szwCamTpathArcMotion *pzMotion)
ZwCamUDOpTpathEnd	zwapi_cm_tpath.h	21		ezwErrors ZwCamUDOpTpathEnd(int idxOp)
ZwCamUDOpTpathLinearMotionAdd	zwapi_cm_tpath.h	24		ezwErrors ZwCamUDOpTpathLinearMotionAdd(int idxOp, const szwCamTpathLinearMotion *pzMotion)
ZwCamUDOpTpathStart	zwapi_cm_tpath.h	14		ezwErrors ZwCamUDOpTpathStart(int idxOp)
ZwCamUDOpTreeXmlLoad	zwapi_cm_op.h	253		ezwErrors ZwCamUDOpTreeXmlLoad(int idxOp, const char *form, const char *opTypeGuiName, const char *xml)
ZwChildFeatureListGet	zwapi_feature_general.h	32		ezwErrors ZwChildFeatureListGet(szwEntityHandle featureHandle, int *countChild, szwEntityHandle **childList)
ZwCloudMapCreate	zwapi_cloudmap.h	14		ezwErrors ZwCloudMapCreate(const void *echoHandle, szwCloudMapData cloudMapData, const szwIndexBarData *indexBarData)
ZwCloudMapEnvironmentRevert	zwapi_cloudmap.h	16		ezwErrors ZwCloudMapEnvironmentRevert()
ZwCommandCallbackLoad	zwapi_command.h	41		ezwErrors ZwCommandCallbackLoad(const char *name, zwFunctionPointer callbackPointer)
ZwCommandFunctionLoad	zwapi_command.h	35		ezwErrors ZwCommandFunctionLoad(const char *name, zwFunctionPointer functionPointer, ezwCommandLicenseType code)
ZwCommandFunctionUnload	zwapi_command.h	44		ezwErrors ZwCommandFunctionUnload(const char *name)
ZwCommandLicenseCheck	zwapi_command.h	26		ezwErrors ZwCommandLicenseCheck(const char *name)
ZwCommandMacroExecute	zwapi_command.h	53		ezwErrors ZwCommandMacroExecute(ezwMacroType macroType, const char *input, char **outputMessage)
ZwCommandMacroPathGet	zwapi_command.h	59		ezwErrors ZwCommandMacroPathGet(char *directory, int directorySize, char *fileName, int fileSize)
ZwCommandParameterDirectionSet	zwapi_template_command.h	18		ezwErrors ZwCommandParameterDirectionSet(int idData, int idField, szwDirection direction)
ZwCommandParameterEntityAdd	zwapi_template_command.h	13		ezwErrors ZwCommandParameterEntityAdd(int idData, int idField, int count, const szwEntityHandle *entityList)
ZwCommandPost	zwapi_command.h	14		ezwErrors ZwCommandPost(const char *command, ezwCommandPostPriority priority)
ZwCommandPostExecuteAll	zwapi_command.h	20		ezwErrors ZwCommandPostExecuteAll()
ZwCommandReactorSet	zwapi_command.h	32		ezwErrors ZwCommandReactorSet(ezwCommandReactorType type, szwCommandReactorData data)
ZwCommandSend	zwapi_command.h	23		ezwErrors ZwCommandSend(const char *command)
ZwCommandVariableLoad	zwapi_command.h	47		ezwErrors ZwCommandVariableLoad(const char *name, zwFunctionPointer variablePointer)
ZwCommandVariableUnload	zwapi_command.h	50		ezwErrors ZwCommandVariableUnload(const char *name)
ZwComponentActivate	zwapi_component.h	15		ezwErrors ZwComponentActivate(szwEntityHandle newComponentHandle, int updateGUI, szwEntityHandle *oldComponentHandle)
ZwComponentAssemblyTreeListFree	zwapi_component.h	162		ezwErrors ZwComponentAssemblyTreeListFree(int count, szwAssemblyTreeNodeData **assembleTreeNodeList)
ZwComponentAssemblyTreeListGet	zwapi_component.h	159		ezwErrors ZwComponentAssemblyTreeListGet(int *count, szwAssemblyTreeNodeData **assembleTreeNodeList)
ZwComponentAssociatedDataFree	zwapi_component.h	168		ezwErrors ZwComponentAssociatedDataFree(szwComponentAssociatedData *data)
ZwComponentAssociatedDataGet	zwapi_component.h	165		ezwErrors ZwComponentAssociatedDataGet(int count, const szwEntityHandle *componentList, int deleteSubTopAssembly, szwComponentAssociatedData *data)
ZwComponentConfigGet	zwapi_configtable.h	25		ezwErrors ZwComponentConfigGet(szwEntityHandle componentHandle, szwEntityHandle *configHandle)
ZwComponentConfigListGet	zwapi_configtable.h	22		ezwErrors ZwComponentConfigListGet(szwEntityHandle componentHandle, int *countConfig, szwEntityHandle **configList)
ZwComponentConfigSet	zwapi_configtable.h	28		ezwErrors ZwComponentConfigSet(szwEntityHandle componentHandle, szwEntityHandle configHandle)
ZwComponentConstraintStateListGet	zwapi_component.h	138		ezwErrors ZwComponentConstraintStateListGet(int count, const szwEntityHandle *handleList, ezwConstraintState **constraintStateList)
ZwComponentDisplayModeGet	zwapi_component.h	177		ezwErrors ZwComponentDisplayModeGet(szwEntityHandle componentHandle, ezwComponentDisplayMode *displayMode)
ZwComponentDisplayModeSet	zwapi_component.h	180		ezwErrors ZwComponentDisplayModeSet(szwEntityHandle componentHandle, ezwComponentDisplayMode displayMode)
ZwComponentExternalDatumVisibilityGet	zwapi_component.h	147		ezwErrors ZwComponentExternalDatumVisibilityGet(szwEntityHandle handle, int *show)
ZwComponentExternalDatumVisibilitySet	zwapi_component.h	144		ezwErrors ZwComponentExternalDatumVisibilitySet(szwEntityHandle handle, int show)
ZwComponentExtract	zwapi_component.h	156		ezwErrors ZwComponentExtract(szwComponentExtractData data, szwEntityHandle *newComponent)
ZwComponentExtractDataInit	zwapi_component.h	153		ezwErrors ZwComponentExtractDataInit(szwComponentExtractData *data)
ZwComponentFileAndRootGet	zwapi_component.h	20		ezwErrors ZwComponentFileAndRootGet(szwEntityHandle componentHandle, int nFileBytes, char *fileName, int nRootBytes, char *rootName)
ZwComponentFileLostCheck	zwapi_component.h	29		ezwErrors ZwComponentFileLostCheck(szwEntityHandle componentHandle, int *isFileLost)
ZwComponentFileSaveAs	zwapi_component.h	89		ezwErrors ZwComponentFileSaveAs(szwEntityHandle componentHandle, ezwComponentSaveAsOption option, const zwPath pathFile)
ZwComponentFileSet	zwapi_component.h	74		ezwErrors ZwComponentFileSet(szwEntityHandle componentHandle, const zwPath file, const zwRootName root)
ZwComponentFixSet	zwapi_component.h	95		ezwErrors ZwComponentFixSet(szwEntityHandle handle, int isFix)
ZwComponentFolderCreate	zwapi_component.h	120		ezwErrors ZwComponentFolderCreate(int count, const szwEntityHandle *componentHandle, const zwString256 folderName, szwEntityHandle *folderHandle)
ZwComponentFolderDelete	zwapi_component.h	135		ezwErrors ZwComponentFolderDelete(szwEntityHandle folderHandle, int deleteComponent)
ZwComponentFolderInsert	zwapi_component.h	126		ezwErrors ZwComponentFolderInsert(szwEntityHandle componentHandle, szwEntityHandle folderHandle)
ZwComponentFolderListGet	zwapi_component.h	129		ezwErrors ZwComponentFolderListGet(int *folderCount, szwEntityHandle **folderList)
ZwComponentFolderParentComponentGet	zwapi_component.h	132		ezwErrors ZwComponentFolderParentComponentGet(szwEntityHandle folderHandle, szwEntityHandle *componentHandle)
ZwComponentGetByMergeShape	zwapi_component.h	102		ezwErrors ZwComponentGetByMergeShape(szwEntityHandle shape, szwEntityHandle *component)
ZwComponentInsert	zwapi_component.h	62		ezwErrors ZwComponentInsert(szwComponentInsertData data, const int *identifyCode, szwEntityHandle *componentHandle)
ZwComponentInsertInit	zwapi_component.h	56		ezwErrors ZwComponentInsertInit(szwComponentInsertData *data)
ZwComponentInsertNew	zwapi_component.h	71		ezwErrors ZwComponentInsertNew(szwComponentInsertNewData data, const int *identifyCode, szwEntityHandle *componentHandle)
ZwComponentInsertNewInit	zwapi_component.h	65		ezwErrors ZwComponentInsertNewInit(szwComponentInsertNewData *data)
ZwComponentInterferenceCheck	zwapi_component.h	114		ezwErrors ZwComponentInterferenceCheck(szwComponentInterferenceCheckData data, int *countInterference, szwComponentInterferenceResultData **interferenceData)
ZwComponentInterferenceFree	zwapi_component.h	117		ezwErrors ZwComponentInterferenceFree(int countInterference, szwComponentInterferenceResultData **interferenceData)
ZwComponentListDeleteWithOption	zwapi_component.h	171		ezwErrors ZwComponentListDeleteWithOption(int count, const szwEntityHandle *componentList, int deleteSubTopAssembly, int keepInstance, int keepAlignments, int unlinkObjects)
ZwComponentListDisplayModeSet	zwapi_component.h	183		ezwErrors ZwComponentListDisplayModeSet(int count, const szwEntityHandle *componentHandleList, ezwComponentDisplayMode displayMode)
ZwComponentListGet	zwapi_component.h	23		ezwErrors ZwComponentListGet(const szwEntityHandle *componentHandle, int depth, int isIgnoreBlank, int isIgnoreSuppress, int isIncludeUnplaced, int *handleCount, szwEntityHandle **handleList)
ZwComponentListVisibilitySet	zwapi_component.h	174		ezwErrors ZwComponentListVisibilitySet(int count, const szwEntityHandle *componentHandleList, int visibility, int *failedCount, szwEntityHandle **failedEntityList)
ZwComponentMove	zwapi_component.h	192		ezwErrors ZwComponentMove(szwAssemblyMoveData data)
ZwComponentMoveInit	zwapi_component.h	189		ezwErrors ZwComponentMoveInit(ezwAssemblyMoveType type, szwAssemblyMoveData *data)
ZwComponentPackedGet	zwapi_component.h	44		ezwErrors ZwComponentPackedGet(szwEntityHandle componentHandle, int *isPacked)
ZwComponentPackedSet	zwapi_component.h	47		ezwErrors ZwComponentPackedSet(const szwEntityHandle *componentHandle, int isPacked)
ZwComponentPartEdit	zwapi_component.h	186		ezwErrors ZwComponentPartEdit(szwEntityHandle componentHandle)
ZwComponentPathAndRootListGet	zwapi_component.h	50		ezwErrors ZwComponentPathAndRootListGet(int *countComponent, zwPath **pathList, zwRootName **nameList)
ZwComponentRelationDissolve	zwapi_component.h	68		ezwErrors ZwComponentRelationDissolve(szwEntityHandle feature, int *count, szwEntityHandle **componentList)
ZwComponentShapeInterferenceCheck	zwapi_component.h	108		ezwErrors ZwComponentShapeInterferenceCheck(szwEntityHandle component1, szwEntityHandle component2, int ignoreOpenShape, int ignoreHiddenShape, int *interference, double *volume)
ZwComponentShapeOfAssemblyContextListGet	zwapi_component.h	195		ezwErrors ZwComponentShapeOfAssemblyContextListGet(szwEntityHandle componentHandle, int *count, szwEntityHandle **shapeList)
ZwComponentShowOnlyCustomViewSave	zwapi_component.h	83		ezwErrors ZwComponentShowOnlyCustomViewSave(zwString32 customViewName)
ZwComponentShowOnlyQuit	zwapi_component.h	86		ezwErrors ZwComponentShowOnlyQuit(int isKeepStatus)
ZwComponentShowOnlyRenderModeSet	zwapi_component.h	80		ezwErrors ZwComponentShowOnlyRenderModeSet(ezwComponentShowOnlyRenderMode display)
ZwComponentShowOnlyStart	zwapi_component.h	77		ezwErrors ZwComponentShowOnlyStart(int countComponent, const szwEntityHandle *componentList, ezwComponentShowOnlyRenderMode display)
ZwComponentUnplacedCheck	zwapi_component.h	35		ezwErrors ZwComponentUnplacedCheck(szwEntityHandle componentHandle, int *isUnplaced)
ZwComponentUserAttributeDelete	zwapi_attribute.h	89		ezwErrors ZwComponentUserAttributeDelete(szwEntityHandle component, int strictFlag, int count, const zwString64 *nameList)
ZwComponentUserAttributeGet	zwapi_attribute.h	79		ezwErrors ZwComponentUserAttributeGet(szwEntityHandle component, const zwString64 attributeName, int *count, szwUserAttribute **attributeList)
ZwComponentUserAttributeSet	zwapi_attribute.h	86		ezwErrors ZwComponentUserAttributeSet(szwEntityHandle component, int count, const szwUserAttribute *attributeList)
ZwComponentVirtualCheck	zwapi_component.h	53		ezwErrors ZwComponentVirtualCheck(szwEntityHandle componentHandle, int *isVirtual)
ZwComponentVisibilityGet	zwapi_component.h	38		ezwErrors ZwComponentVisibilityGet(szwEntityHandle componentHandle, int *isVisible)
ZwComponentVisibilitySet	zwapi_component.h	41		ezwErrors ZwComponentVisibilitySet(szwEntityHandle componentHandle, int isVisible)
ZwConfigActivate	zwapi_configtable.h	31		ezwErrors ZwConfigActivate(szwEntityHandle configHandle)
ZwConfigActiveGet	zwapi_configtable.h	13		ezwErrors ZwConfigActiveGet(szwEntityHandle *config)
ZwConfigListGet	zwapi_configtable.h	19		ezwErrors ZwConfigListGet(int *countConfig, szwEntityHandle **configList)
ZwConfigTableExport	zwapi_configtable.h	43		ezwErrors ZwConfigTableExport(const zwPath filePath, const zwString256 fileName)
ZwConfigTableImport	zwapi_configtable.h	47		ezwErrors ZwConfigTableImport(const zwPath fileFullPath, int isToMerge)
ZwConfigTableRefresh	zwapi_configtable.h	37		ezwErrors ZwConfigTableRefresh()
ZwConstraintCoincidentAdd	zwapi_assembly_constraint.h	13		ezwErrors ZwConstraintCoincidentAdd(szwEntityHandle entity1, const szwPoint *point1, szwEntityHandle entity2, const szwPoint *point2, const szwAssemblyConstraintData *constraintData, szwEntityHandle *constraintHandle)
ZwCursorGet	zwapi_point.h	26		ezwErrors ZwCursorGet(szwPoint *point, szwEntityHandle *viewHandle)
ZwCursorRayGet	zwapi_point.h	77		ezwErrors ZwCursorRayGet(szwPoint *cursorPoint, szwVector *rayVector)
ZwCurveCentroidPointGet	zwapi_curve.h	100		ezwErrors ZwCurveCentroidPointGet(szwEntityHandle curveHandle, szwPoint *centroidPoint)
ZwCurveChainGet	zwapi_curve.h	64		ezwErrors ZwCurveChainGet(int seedCount, const szwEntityHandle *seedHandles, ezwCurveChainType type, int *countFound, szwEntityHandle **foundHandle)
ZwCurveClosureCheck	zwapi_curve.h	46		ezwErrors ZwCurveClosureCheck(int count, const szwEntityHandle *curveHandle, int *closure)
ZwCurveContinuityGet	zwapi_curve.h	73		ezwErrors ZwCurveContinuityGet(int count, const szwEntityHandle *curveHandles, szwCurveContinuityToleranceList tolerance, int *countContinuity, szwCurveContinuityData **data)
ZwCurveContinuityToleranceListInit	zwapi_curve.h	76		ezwErrors ZwCurveContinuityToleranceListInit(szwCurveContinuityToleranceList *data)
ZwCurveCurvatureGet	zwapi_curve.h	91		ezwErrors ZwCurveCurvatureGet(szwEntityHandle curveHandle, double t, szwPoint *point, szwPoint *normal, double *curvature)
ZwCurveCuspsGet	zwapi_curve.h	85		ezwErrors ZwCurveCuspsGet(szwEntityHandle curveHandle, int *count, double **T, szwPoint **cusps)
ZwCurveDataLengthGet	zwapi_curve.h	55		ezwErrors ZwCurveDataLengthGet(szwCurve curve, double *length)
ZwCurveDataPointGetByLengthFraction	zwapi_curve.h	43		ezwErrors ZwCurveDataPointGetByLengthFraction(szwCurve curve, double fraction, szwPoint *point)
ZwCurveDataTransform	zwapi_curve.h	32		ezwErrors ZwCurveDataTransform(szwMatrix inputMatrix, szwCurve *curve)
ZwCurveDifferentiate	zwapi_curve.h	94		ezwErrors ZwCurveDifferentiate(szwEntityHandle curveHandle, double t, int level, szwCurveDerivative *evaluate, szwVector *normal)
ZwCurveDisplayControlPolygonStateGet	zwapi_curve.h	112		ezwErrors ZwCurveDisplayControlPolygonStateGet(szwEntityHandle curve, int *isNetOn)
ZwCurveDisplayControlPolygonStateSet	zwapi_curve.h	115		ezwErrors ZwCurveDisplayControlPolygonStateSet(szwEntityHandle curve, int isNetOn)
ZwCurveDisplayCurvatureCombStateGet	zwapi_curve.h	118		ezwErrors ZwCurveDisplayCurvatureCombStateGet(szwEntityHandle curve, int *isPlotOn)
ZwCurveDisplayCurvatureCombStateSet	zwapi_curve.h	121		ezwErrors ZwCurveDisplayCurvatureCombStateSet(szwEntityHandle curve, int isPlotOn)
ZwCurveEndPointGet	zwapi_curve.h	97		ezwErrors ZwCurveEndPointGet(szwEntityHandle entityHandle, szwPoint *start, szwPoint *end)
ZwCurveExtremePointAndBoundingBoxGet	zwapi_curve.h	88		ezwErrors ZwCurveExtremePointAndBoundingBoxGet(szwEntityHandle curveHandle, int *count, szwPoint **points, szwBoundingBox *boundingBox)
ZwCurveExtremePointGet	zwapi_curve.h	49		ezwErrors ZwCurveExtremePointGet(szwEntityHandle curveHandle, szwVector direction, int *isPerpendicular, szwPoint *point)
ZwCurveFree	zwapi_curve.h	29		ezwErrors ZwCurveFree(szwCurve *curve)
ZwCurveInfectionPointsShowStateGet	zwapi_curve.h	136		ezwErrors ZwCurveInfectionPointsShowStateGet(szwEntityHandle curve, int *isInfectionPointsOn)
ZwCurveInfectionPointsShowStateSet	zwapi_curve.h	139		ezwErrors ZwCurveInfectionPointsShowStateSet(szwEntityHandle curve, int isInfectionPointsOn)
ZwCurveInflectionPointGet	zwapi_curve.h	82		ezwErrors ZwCurveInflectionPointGet(szwEntityHandle curveHandle, int *count, double **T, szwPoint **inflectPoints)
ZwCurveLengthGet	zwapi_curve.h	52		ezwErrors ZwCurveLengthGet(szwEntityHandle curveHandle, double *length)
ZwCurveLineCheck	zwapi_curve.h	34		ezwErrors ZwCurveLineCheck(szwEntityHandle curveHandle, int *isLine)
ZwCurveListGet	zwapi_curve.h	17		ezwErrors ZwCurveListGet(int *countCurve, szwEntityHandle **curveList)
ZwCurveMaximumRadiusShowStateGet	zwapi_curve.h	130		ezwErrors ZwCurveMaximumRadiusShowStateGet(szwEntityHandle curve, int *isMaxOn)
ZwCurveMaximumRadiusShowStateSet	zwapi_curve.h	133		ezwErrors ZwCurveMaximumRadiusShowStateSet(szwEntityHandle curve, int isMaxOn)
ZwCurveMinimumRadiusShowStateGet	zwapi_curve.h	124		ezwErrors ZwCurveMinimumRadiusShowStateGet(szwEntityHandle curve, int *isMinOn)
ZwCurveMinimumRadiusShowStateSet	zwapi_curve.h	127		ezwErrors ZwCurveMinimumRadiusShowStateSet(szwEntityHandle curve, int isMinOn)
ZwCurveModifyTypeConvert	zwapi_curve.h	106		ezwErrors ZwCurveModifyTypeConvert(szwEntityHandle curve)
ZwCurveNURBSDataGet	zwapi_curve.h	23		ezwErrors ZwCurveNURBSDataGet(szwEntityHandle entityHandle, int nurbs, szwCurve *curve)
ZwCurvePointGetByDistance	zwapi_curve.h	79		ezwErrors ZwCurvePointGetByDistance(szwEntityHandle curveHandle, double startT, double length, double *T, szwPoint *point)
ZwCurvePointGetByLengthFraction	zwapi_curve.h	40		ezwErrors ZwCurvePointGetByLengthFraction(szwEntityHandle curveHandle, double fraction, szwPoint *point)
ZwCurveProjectionPointGet	zwapi_curve.h	67		ezwErrors ZwCurveProjectionPointGet(szwEntityHandle curveHandle, szwPoint point, double *t, szwPoint *projectedPoint)
ZwCurveRadiusRangeGet	zwapi_curve.h	61		ezwErrors ZwCurveRadiusRangeGet(szwEntityHandle curveHandle, double *minRadius, double *maxRadius, int *isFlat)
ZwCurveSegmentLengthGet	zwapi_curve.h	58		ezwErrors ZwCurveSegmentLengthGet(szwEntityHandle curveHandle, double startT, double endT, double *length)
ZwCurveTParameterRangeGet	zwapi_curve.h	70		ezwErrors ZwCurveTParameterRangeGet(szwEntityHandle curveHandle, szwLimit *tLimit)
ZwCurveTessellationPointListGet	zwapi_curve.h	103		ezwErrors ZwCurveTessellationPointListGet(szwEntityHandle curve, double chordTolerance, double lengthTolerance, int *nPoints, szwPoint **points)
ZwCustomFeatureExplodeFlagGet	zwapi_feature_custom.h	13		ezwErrors ZwCustomFeatureExplodeFlagGet(szwEntityHandle customFeature, int *flag)
ZwCustomFeatureExplodeFlagSet	zwapi_feature_custom.h	19		ezwErrors ZwCustomFeatureExplodeFlagSet(szwEntityHandle customFeature, int flag)
ZwCustomViewAdd	zwapi_view.h	180	@deprecated	ezwErrors ZwCustomViewAdd(const char *name, int layerVisible, int objectVisible, szwEntityHandle *viewHandle)
ZwCustomViewGetByName	zwapi_view.h	108		ezwErrors ZwCustomViewGetByName(const zwString32 viewName, szwEntityHandle *viewHandle)
ZwCustomViewListGet	zwapi_view.h	183	@deprecated	ezwErrors ZwCustomViewListGet(int *count, szwEntityHandle **customViewList)
ZwCustomViewNameGet	zwapi_view.h	99	@deprecated	ezwErrors ZwCustomViewNameGet(szwEntityHandle viewHandle, int nameLength, char *customViewName)
ZwCustomViewNameSet	zwapi_view.h	105	@deprecated	ezwErrors ZwCustomViewNameSet(szwEntityHandle viewHandle, const zwString32 viewNewName)
ZwDatumAxisAttributeGet	zwapi_datum.h	50		ezwErrors ZwDatumAxisAttributeGet(szwEntityHandle handle, szwDatumAxisAttribute *attribute)
ZwDatumAxisAttributeSet	zwapi_datum.h	47		ezwErrors ZwDatumAxisAttributeSet(szwEntityHandle handle, szwDatumAxisAttribute attribute)
ZwDatumAxisCreate	zwapi_datum.h	53		ezwErrors ZwDatumAxisCreate(szwDatumAxisData data, szwEntityHandle *handle)
ZwDatumAxisCreateByCenter	zwapi_datum.h	32		ezwErrors ZwDatumAxisCreateByCenter(szwEntityHandle geometry, int flip, szwEntityHandle *axis)
ZwDatumAxisCreateByCurve	zwapi_datum.h	29		ezwErrors ZwDatumAxisCreateByCurve(szwEntityHandle curve, double percents, ezwDatumAxisDirectionType type, int flip, szwEntityHandle *axis)
ZwDatumAxisCreateByGeometry	zwapi_datum.h	14		ezwErrors ZwDatumAxisCreateByGeometry(int countGeometry, const szwPointOnEntity *geometryList, const double *length, int flipDirection, szwEntityHandle *axis)
ZwDatumAxisCreateByIntersectedFaces	zwapi_datum.h	26		ezwErrors ZwDatumAxisCreateByIntersectedFaces(szwEntityHandle face1, szwEntityHandle face2, int flip, szwEntityHandle *axis)
ZwDatumAxisCreateByPointAndDirection	zwapi_datum.h	23		ezwErrors ZwDatumAxisCreateByPointAndDirection(szwPoint origin, szwVector direction, szwEntityHandle *axis)
ZwDatumAxisCreateByTwoPoints	zwapi_datum.h	20		ezwErrors ZwDatumAxisCreateByTwoPoints(szwPoint startPoint, szwPoint endPoint, szwEntityHandle *axis)
ZwDatumAxisDirectionGet	zwapi_datum.h	44		ezwErrors ZwDatumAxisDirectionGet(szwEntityHandle axis, szwPoint *point, szwPoint *direction)
ZwDatumAxisLengthGet	zwapi_datum.h	35		ezwErrors ZwDatumAxisLengthGet(szwEntityHandle axis, double *length)
ZwDatumAxisLengthSet	zwapi_datum.h	38		ezwErrors ZwDatumAxisLengthSet(szwEntityHandle axis, double length)
ZwDatumAxisListGet	zwapi_datum.h	41		ezwErrors ZwDatumAxisListGet(int *count, szwEntityHandle **axisList)
ZwDatumCSYSAttributeGet	zwapi_datum.h	148		ezwErrors ZwDatumCSYSAttributeGet(szwEntityHandle handle, szwDatumCSYSAttribute *attribute)
ZwDatumCSYSAttributeSet	zwapi_datum.h	145		ezwErrors ZwDatumCSYSAttributeSet(szwEntityHandle handle, szwDatumCSYSAttribute attribute)
ZwDatumCSYSListGet	zwapi_datum.h	142		ezwErrors ZwDatumCSYSListGet(int *count, szwEntityHandle **csysList)
ZwDatumPlaneAttributeFree	zwapi_datum.h	102		ezwErrors ZwDatumPlaneAttributeFree(szwDatumPlaneAttribute *attribute)
ZwDatumPlaneAttributeGet	zwapi_datum.h	99		ezwErrors ZwDatumPlaneAttributeGet(szwEntityHandle handle, szwDatumPlaneAttribute *attribute)
ZwDatumPlaneAttributeSet	zwapi_datum.h	96		ezwErrors ZwDatumPlaneAttributeSet(szwEntityHandle handle, szwDatumPlaneAttribute attribute)
ZwDatumPlaneCreateByAngelToFace	zwapi_datum.h	66		ezwErrors ZwDatumPlaneCreateByAngelToFace(szwEntityHandle face, szwEntityHandle axis, szwPoint origin, double angel, szwEntityHandle *plane)
ZwDatumPlaneCreateByCurve	zwapi_datum.h	69		ezwErrors ZwDatumPlaneCreateByCurve(szwEntityHandle curve, double percents, ezwDatumPlaneDirectionType type, szwEntityHandle *plane)
ZwDatumPlaneCreateByData	zwapi_datum.h	84		ezwErrors ZwDatumPlaneCreateByData(szwDatumPlaneData data, szwEntityHandle *plane)
ZwDatumPlaneCreateByDataFree	zwapi_datum.h	81		ezwErrors ZwDatumPlaneCreateByDataFree(szwDatumPlaneData *data)
ZwDatumPlaneCreateByDataInit	zwapi_datum.h	78		ezwErrors ZwDatumPlaneCreateByDataInit(ezwDatumPlaneMethod method, szwDatumPlaneData *data)
ZwDatumPlaneCreateByDynamic	zwapi_datum.h	72		ezwErrors ZwDatumPlaneCreateByDynamic(szwPoint position, szwVector xAxis, szwVector yAxis, szwVector zAxis, szwEntityHandle *plane)
ZwDatumPlaneCreateByMatrix	zwapi_datum.h	75		ezwErrors ZwDatumPlaneCreateByMatrix(szwMatrix planeMatrix, szwEntityHandle *plane)
ZwDatumPlaneCreateByOffsetPlane	zwapi_datum.h	56		ezwErrors ZwDatumPlaneCreateByOffsetPlane(szwEntityHandle originPlane, szwPoint origin, double offset, szwEntityHandle *plane)
ZwDatumPlaneCreateByThreePoints	zwapi_datum.h	63		ezwErrors ZwDatumPlaneCreateByThreePoints(szwPoint origin, szwPoint xPoint, szwPoint yPoint, int flip, szwEntityHandle *plane)
ZwDatumPlaneDataGet	zwapi_datum.h	87		ezwErrors ZwDatumPlaneDataGet(szwEntityHandle plane, szwDatumPlaneData *data)
ZwDatumPlaneDataSet	zwapi_datum.h	90		ezwErrors ZwDatumPlaneDataSet(szwEntityHandle plane, szwDatumPlaneData data)
ZwDatumPlaneListGet	zwapi_datum.h	93		ezwErrors ZwDatumPlaneListGet(int *count, szwEntityHandle **planeList)
ZwDefaultCSYSGet	zwapi_datum.h	139		ezwErrors ZwDefaultCSYSGet(szwEntityHandle *csys)
ZwDimAttrFitToleranceDisplayTypeGet	zwapi_dimension_attribute.h	159		ezwErrors ZwDimAttrFitToleranceDisplayTypeGet(const szwDimensionAttribute *dimensionAttribute, szwDimensionFitToleranceDisplayType *fitTolDispType)
ZwDimAttrFitToleranceDisplayTypeSet	zwapi_dimension_attribute.h	162		ezwErrors ZwDimAttrFitToleranceDisplayTypeSet(szwDimensionAttribute *dimensionAttribute, szwDimensionFitToleranceDisplayType fitTolDispType)
ZwDimAttrToleranceZoneDisplayTypeGet	zwapi_dimension_attribute.h	93		ezwErrors ZwDimAttrToleranceZoneDisplayTypeGet(const szwDimensionAttribute *dimensionAttribute, ezwDimensionToleranceZone *zoneDisplayType)
ZwDimAttrToleranceZoneDisplayTypeSet	zwapi_dimension_attribute.h	96		ezwErrors ZwDimAttrToleranceZoneDisplayTypeSet(szwDimensionAttribute *dimensionAttribute, ezwDimensionToleranceZone zoneDisplayType)
ZwDimensionAttributeAllAroundTypeGet	zwapi_dimension_attribute.h	275		ezwErrors ZwDimensionAttributeAllAroundTypeGet(const szwDimensionAttribute *dimensionAttribute, ezwDimensionAllAroundType *allAroundType)
ZwDimensionAttributeAllAroundTypeSet	zwapi_dimension_attribute.h	278		ezwErrors ZwDimensionAttributeAllAroundTypeSet(szwDimensionAttribute *dimensionAttribute, ezwDimensionAllAroundType allAroundType)
ZwDimensionAttributeAngularPrecisionGet	zwapi_dimension_attribute.h	117		ezwErrors ZwDimensionAttributeAngularPrecisionGet(const szwDimensionAttribute *dimensionAttribute, ezwDimensionAngularPrecisionType *precisionType)
ZwDimensionAttributeAngularPrecisionSet	zwapi_dimension_attribute.h	120		ezwErrors ZwDimensionAttributeAngularPrecisionSet(szwDimensionAttribute *dimensionAttribute, ezwDimensionAngularPrecisionType precisionType)
ZwDimensionAttributeAngularTolerancePrecisionGet	zwapi_dimension_attribute.h	135		ezwErrors ZwDimensionAttributeAngularTolerancePrecisionGet(const szwDimensionAttribute *dimensionAttribute, ezwDimensionAngularPrecisionType *tolerancePrecisionType)
ZwDimensionAttributeAngularTolerancePrecisionSet	zwapi_dimension_attribute.h	138		ezwErrors ZwDimensionAttributeAngularTolerancePrecisionSet(szwDimensionAttribute *dimensionAttribute, ezwDimensionAngularPrecisionType tolerancePrecisionType)
ZwDimensionAttributeArrowDisplayMethodGet	zwapi_dimension_attribute.h	57		ezwErrors ZwDimensionAttributeArrowDisplayMethodGet(const szwDimensionAttribute *dimensionAttribute, ezwDimensionArrowDisplayMethod *arrowDisplayMethod)
ZwDimensionAttributeArrowDisplayMethodSet	zwapi_dimension_attribute.h	60		ezwErrors ZwDimensionAttributeArrowDisplayMethodSet(szwDimensionAttribute *dimensionAttribute, ezwDimensionArrowDisplayMethod arrowDisplayMethod)
ZwDimensionAttributeArrowheadsSameTerminatorFlagGet	zwapi_dimension_attribute.h	165		ezwErrors ZwDimensionAttributeArrowheadsSameTerminatorFlagGet(const szwDimensionAttribute *dimensionAttribute, int *useSameTerminatorFlag)
ZwDimensionAttributeArrowheadsSameTerminatorFlagSet	zwapi_dimension_attribute.h	168		ezwErrors ZwDimensionAttributeArrowheadsSameTerminatorFlagSet(szwDimensionAttribute *dimensionAttribute, int useSameTerminatorFlag)
ZwDimensionAttributeBalloonTypeGet	zwapi_dimension_attribute.h	269		ezwErrors ZwDimensionAttributeBalloonTypeGet(const szwDimensionAttribute *dimensionAttribute, ezwBalloonType *type)
ZwDimensionAttributeBalloonTypeSet	zwapi_dimension_attribute.h	272		ezwErrors ZwDimensionAttributeBalloonTypeSet(szwDimensionAttribute *dimensionAttribute, ezwBalloonType type)
ZwDimensionAttributeBaseLineOffsetGet	zwapi_dimension_attribute.h	257		ezwErrors ZwDimensionAttributeBaseLineOffsetGet(const szwDimensionAttribute *dimensionAttribute, double *offsetValue)
ZwDimensionAttributeBaseLineOffsetSet	zwapi_dimension_attribute.h	260		ezwErrors ZwDimensionAttributeBaseLineOffsetSet(szwDimensionAttribute *dimensionAttribute, double offsetValue)
ZwDimensionAttributeDatumFeatureDisplayTypeGet	zwapi_dimension_attribute.h	281		ezwErrors ZwDimensionAttributeDatumFeatureDisplayTypeGet(const szwDimensionAttribute *dimensionAttribute, ezwDimensionDatumFeatureDisplayType *displayType)
ZwDimensionAttributeDatumFeatureDisplayTypeSet	zwapi_dimension_attribute.h	284		ezwErrors ZwDimensionAttributeDatumFeatureDisplayTypeSet(szwDimensionAttribute *dimensionAttribute, ezwDimensionDatumFeatureDisplayType displayType)
ZwDimensionAttributeDimensionLineSpacingGet	zwapi_dimension_attribute.h	293		ezwErrors ZwDimensionAttributeDimensionLineSpacingGet(const szwDimensionAttribute *dimensionAttribute, double *spacing)
ZwDimensionAttributeDimensionLineSpacingSet	zwapi_dimension_attribute.h	296		ezwErrors ZwDimensionAttributeDimensionLineSpacingSet(szwDimensionAttribute *dimensionAttribute, double spacing)
ZwDimensionAttributeDimensionLinesColorGet	zwapi_dimension_attribute.h	195		ezwErrors ZwDimensionAttributeDimensionLinesColorGet(const szwDimensionAttribute *dimensionAttribute, szwColor *dimensionLineColor)
ZwDimensionAttributeDimensionLinesColorSet	zwapi_dimension_attribute.h	198		ezwErrors ZwDimensionAttributeDimensionLinesColorSet(szwDimensionAttribute *dimensionAttribute, szwColor dimensionLineColor)
ZwDimensionAttributeDimensionLinesTypeGet	zwapi_dimension_attribute.h	201		ezwErrors ZwDimensionAttributeDimensionLinesTypeGet(const szwDimensionAttribute *dimensionAttribute, ezwLineType *dimensionLineType)
ZwDimensionAttributeDimensionLinesTypeSet	zwapi_dimension_attribute.h	204		ezwErrors ZwDimensionAttributeDimensionLinesTypeSet(szwDimensionAttribute *dimensionAttribute, ezwLineType dimensionLineType)
ZwDimensionAttributeDimensionLinesVerticalAlignGet	zwapi_dimension_attribute.h	213		ezwErrors ZwDimensionAttributeDimensionLinesVerticalAlignGet(const szwDimensionAttribute *dimensionAttribute, ezwDimensionTextVerticalAlign *verticalAlign)
ZwDimensionAttributeDimensionLinesVerticalAlignSet	zwapi_dimension_attribute.h	216		ezwErrors ZwDimensionAttributeDimensionLinesVerticalAlignSet(szwDimensionAttribute *dimensionAttribute, ezwDimensionTextVerticalAlign verticalAlign)
ZwDimensionAttributeDimensionLinesWidthGet	zwapi_dimension_attribute.h	207		ezwErrors ZwDimensionAttributeDimensionLinesWidthGet(const szwDimensionAttribute *dimensionAttribute, ezwLineWidth *dimensionLineSize)
ZwDimensionAttributeDimensionLinesWidthSet	zwapi_dimension_attribute.h	210		ezwErrors ZwDimensionAttributeDimensionLinesWidthSet(szwDimensionAttribute *dimensionAttribute, ezwLineWidth dimensionLineSize)
ZwDimensionAttributeExtensionLinesColorGet	zwapi_dimension_attribute.h	219		ezwErrors ZwDimensionAttributeExtensionLinesColorGet(const szwDimensionAttribute *dimensionAttribute, szwColor *extensionLineColor)
ZwDimensionAttributeExtensionLinesColorSet	zwapi_dimension_attribute.h	223		ezwErrors ZwDimensionAttributeExtensionLinesColorSet(szwDimensionAttribute *dimensionAttribute, szwColor extensionLineColor)
ZwDimensionAttributeExtensionLinesTypeGet	zwapi_dimension_attribute.h	227		ezwErrors ZwDimensionAttributeExtensionLinesTypeGet(const szwDimensionAttribute *dimensionAttribute, ezwLineType *extensionLineType)
ZwDimensionAttributeExtensionLinesTypeSet	zwapi_dimension_attribute.h	230		ezwErrors ZwDimensionAttributeExtensionLinesTypeSet(szwDimensionAttribute *dimensionAttribute, ezwLineType extensionLineType)
ZwDimensionAttributeExtensionLinesWidthGet	zwapi_dimension_attribute.h	233		ezwErrors ZwDimensionAttributeExtensionLinesWidthGet(const szwDimensionAttribute *dimensionAttribute, ezwLineWidth *extensionLineSize)
ZwDimensionAttributeExtensionLinesWidthSet	zwapi_dimension_attribute.h	236		ezwErrors ZwDimensionAttributeExtensionLinesWidthSet(szwDimensionAttribute *dimensionAttribute, ezwLineWidth extensionLineSize)
ZwDimensionAttributeFirstArrowGet	zwapi_dimension_attribute.h	36		ezwErrors ZwDimensionAttributeFirstArrowGet(const szwDimensionAttribute *dimensionAttribute, int *isShowArrow)
ZwDimensionAttributeFirstArrowSet	zwapi_dimension_attribute.h	42		ezwErrors ZwDimensionAttributeFirstArrowSet(szwDimensionAttribute *dimensionAttribute, int showArrow)
ZwDimensionAttributeFirstArrowheadsSizeGet	zwapi_dimension_attribute.h	177		ezwErrors ZwDimensionAttributeFirstArrowheadsSizeGet(const szwDimensionAttribute *dimensionAttribute, double *firstArrowheadsSize)
ZwDimensionAttributeFirstArrowheadsSizeSet	zwapi_dimension_attribute.h	180		ezwErrors ZwDimensionAttributeFirstArrowheadsSizeSet(szwDimensionAttribute *dimensionAttribute, double firstArrowheadsSize)
ZwDimensionAttributeFirstArrowheadsTypeGet	zwapi_dimension_attribute.h	171		ezwErrors ZwDimensionAttributeFirstArrowheadsTypeGet(const szwDimensionAttribute *dimensionAttribute, ezwDimensionArrowheadsType *firstArrowheadsType)
ZwDimensionAttributeFirstArrowheadsTypeSet	zwapi_dimension_attribute.h	174		ezwErrors ZwDimensionAttributeFirstArrowheadsTypeSet(szwDimensionAttribute *dimensionAttribute, ezwDimensionArrowheadsType firstArrowheadsType)
ZwDimensionAttributeFirstExtensionLineGet	zwapi_dimension_attribute.h	69		ezwErrors ZwDimensionAttributeFirstExtensionLineGet(const szwDimensionAttribute *dimensionAttribute, int *isShowExtensionLine)
ZwDimensionAttributeFirstExtensionLineSet	zwapi_dimension_attribute.h	72		ezwErrors ZwDimensionAttributeFirstExtensionLineSet(szwDimensionAttribute *dimensionAttribute, int isShowExtensionLine)
ZwDimensionAttributeFree	zwapi_dimension_attribute.h	21		ezwErrors ZwDimensionAttributeFree(szwDimensionAttribute **dimensionAttribute)
ZwDimensionAttributeGet	zwapi_dimension_attribute.h	27		ezwErrors ZwDimensionAttributeGet(szwEntityHandle dimension, szwDimensionAttribute **dimensionAttribute)
ZwDimensionAttributeInit	zwapi_dimension_attribute.h	16		ezwErrors ZwDimensionAttributeInit(ezwDimensionType dimensionType, ezwAttributeEnvironment dimensionEnvironment, szwDimensionAttribute **dimensionAttribute)
ZwDimensionAttributeLinearPrecisionGet	zwapi_dimension_attribute.h	111		ezwErrors ZwDimensionAttributeLinearPrecisionGet(const szwDimensionAttribute *dimensionAttribute, ezwDimensionLinearPrecisionType *precisionType)
ZwDimensionAttributeLinearPrecisionSet	zwapi_dimension_attribute.h	114		ezwErrors ZwDimensionAttributeLinearPrecisionSet(szwDimensionAttribute *dimensionAttribute, ezwDimensionLinearPrecisionType precisionType)
ZwDimensionAttributeLinearScaleGet	zwapi_dimension_attribute.h	287		ezwErrors ZwDimensionAttributeLinearScaleGet(const szwDimensionAttribute *dimensionAttribute, double *scale)
ZwDimensionAttributeLinearScaleSet	zwapi_dimension_attribute.h	290		ezwErrors ZwDimensionAttributeLinearScaleSet(szwDimensionAttribute *dimensionAttribute, double scale)
ZwDimensionAttributeLinearTolerancePrecisionGet	zwapi_dimension_attribute.h	129		ezwErrors ZwDimensionAttributeLinearTolerancePrecisionGet(const szwDimensionAttribute *dimensionAttribute, ezwDimensionLinearPrecisionType *tolerancePrecisionType)
ZwDimensionAttributeLinearTolerancePrecisionSet	zwapi_dimension_attribute.h	132		ezwErrors ZwDimensionAttributeLinearTolerancePrecisionSet(szwDimensionAttribute *dimensionAttribute, ezwDimensionLinearPrecisionType tolerancePrecisionType)
ZwDimensionAttributeScaleFactorGet	zwapi_dimension_attribute.h	263		ezwErrors ZwDimensionAttributeScaleFactorGet(const szwDimensionAttribute *dimensionAttribute, double *scaleFactor)
ZwDimensionAttributeScaleFactorSet	zwapi_dimension_attribute.h	266		ezwErrors ZwDimensionAttributeScaleFactorSet(szwDimensionAttribute *dimensionAttribute, double scaleFactor)
ZwDimensionAttributeSecondArrowGet	zwapi_dimension_attribute.h	45		ezwErrors ZwDimensionAttributeSecondArrowGet(const szwDimensionAttribute *dimensionAttribute, int *isShowArrow)
ZwDimensionAttributeSecondArrowSet	zwapi_dimension_attribute.h	48		ezwErrors ZwDimensionAttributeSecondArrowSet(szwDimensionAttribute *dimensionAttribute, int showArrow)
ZwDimensionAttributeSecondArrowheadsSizeGet	zwapi_dimension_attribute.h	189		ezwErrors ZwDimensionAttributeSecondArrowheadsSizeGet(const szwDimensionAttribute *dimensionAttribute, double *secondArrowheadsSize)
ZwDimensionAttributeSecondArrowheadsSizeSet	zwapi_dimension_attribute.h	192		ezwErrors ZwDimensionAttributeSecondArrowheadsSizeSet(szwDimensionAttribute *dimensionAttribute, double secondArrowheadsSize)
ZwDimensionAttributeSecondArrowheadsTypeGet	zwapi_dimension_attribute.h	183		ezwErrors ZwDimensionAttributeSecondArrowheadsTypeGet(const szwDimensionAttribute *dimensionAttribute, ezwDimensionArrowheadsType *secondArrowheadsType)
ZwDimensionAttributeSecondArrowheadsTypeSet	zwapi_dimension_attribute.h	186		ezwErrors ZwDimensionAttributeSecondArrowheadsTypeSet(szwDimensionAttribute *dimensionAttribute, ezwDimensionArrowheadsType secondArrowheadsType)
ZwDimensionAttributeSecondExtensionLineGet	zwapi_dimension_attribute.h	75		ezwErrors ZwDimensionAttributeSecondExtensionLineGet(const szwDimensionAttribute *dimensionAttribute, int *isShowExtensionLine)
ZwDimensionAttributeSecondExtensionLineSet	zwapi_dimension_attribute.h	78		ezwErrors ZwDimensionAttributeSecondExtensionLineSet(szwDimensionAttribute *dimensionAttribute, int isShowExtensionLine)
ZwDimensionAttributeSet	zwapi_dimension_attribute.h	33		ezwErrors ZwDimensionAttributeSet(szwEntityHandle dimension, const szwDimensionAttribute *dimensionAttribute)
ZwDimensionAttributeTextColorGet	zwapi_dimension_attribute.h	245		ezwErrors ZwDimensionAttributeTextColorGet(const szwDimensionAttribute *dimensionAttribute, szwColor *textColor)
ZwDimensionAttributeTextColorSet	zwapi_dimension_attribute.h	248		ezwErrors ZwDimensionAttributeTextColorSet(szwDimensionAttribute *dimensionAttribute, szwColor textColor)
ZwDimensionAttributeTextDisplayTypeGet	zwapi_dimension_attribute.h	81		ezwErrors ZwDimensionAttributeTextDisplayTypeGet(const szwDimensionAttribute *dimensionAttribute, ezwDimensionTextDisplayType *textDisplayType)
ZwDimensionAttributeTextDisplayTypeSet	zwapi_dimension_attribute.h	84		ezwErrors ZwDimensionAttributeTextDisplayTypeSet(szwDimensionAttribute *dimensionAttribute, ezwDimensionTextDisplayType textDisplayType)
ZwDimensionAttributeTextFontNameGet	zwapi_dimension_attribute.h	239		ezwErrors ZwDimensionAttributeTextFontNameGet(const szwDimensionAttribute *dimensionAttribute, int nbytes, char *fontName)
ZwDimensionAttributeTextFontNameSet	zwapi_dimension_attribute.h	242		ezwErrors ZwDimensionAttributeTextFontNameSet(szwDimensionAttribute *dimensionAttribute, const char *fontName)
ZwDimensionAttributeTextLineGet	zwapi_dimension_attribute.h	63		ezwErrors ZwDimensionAttributeTextLineGet(const szwDimensionAttribute *dimensionAttribute, int *isShowTextLine)
ZwDimensionAttributeTextLineSet	zwapi_dimension_attribute.h	66		ezwErrors ZwDimensionAttributeTextLineSet(szwDimensionAttribute *dimensionAttribute, int isShowTextLine)
ZwDimensionAttributeTextPositionGet	zwapi_dimension_attribute.h	51		ezwErrors ZwDimensionAttributeTextPositionGet(const szwDimensionAttribute *dimensionAttribute, ezwDimensionTextPosition *textPosition)
ZwDimensionAttributeTextPositionSet	zwapi_dimension_attribute.h	54		ezwErrors ZwDimensionAttributeTextPositionSet(szwDimensionAttribute *dimensionAttribute, ezwDimensionTextPosition textPosition)
ZwDimensionAttributeTextShapeSizeGet	zwapi_dimension_attribute.h	251		ezwErrors ZwDimensionAttributeTextShapeSizeGet(const szwDimensionAttribute *dimensionAttribute, double *charHeight, double *aspectRatio)
ZwDimensionAttributeTextShapeSizeSet	zwapi_dimension_attribute.h	254		ezwErrors ZwDimensionAttributeTextShapeSizeSet(szwDimensionAttribute *dimensionAttribute, double charHeight, double aspectRatio)
ZwDimensionAttributeToleranceDisplayTypeGet	zwapi_dimension_attribute.h	87		ezwErrors ZwDimensionAttributeToleranceDisplayTypeGet(const szwDimensionAttribute *dimensionAttribute, ezwDimensionToleranceDisplayType *toleranceDisplayType)
ZwDimensionAttributeToleranceDisplayTypeSet	zwapi_dimension_attribute.h	90		ezwErrors ZwDimensionAttributeToleranceDisplayTypeSet(szwDimensionAttribute *dimensionAttribute, ezwDimensionToleranceDisplayType toleranceDisplayType)
ZwDimensionAttributeToleranceLimitGet	zwapi_dimension_attribute.h	99		ezwErrors ZwDimensionAttributeToleranceLimitGet(const szwDimensionAttribute *dimensionAttribute, zwString128 upperLimit, zwString128 lowerLimit)
ZwDimensionAttributeToleranceLimitSet	zwapi_dimension_attribute.h	102		ezwErrors ZwDimensionAttributeToleranceLimitSet(szwDimensionAttribute *dimensionAttribute, const zwString128 upperLimit, const zwString128 lowerLimit)
ZwDimensionAttributeToleranceParenthesesGet	zwapi_dimension_attribute.h	153		ezwErrors ZwDimensionAttributeToleranceParenthesesGet(const szwDimensionAttribute *dimensionAttribute, int *isShowToleranceParentheses)
ZwDimensionAttributeToleranceParenthesesSet	zwapi_dimension_attribute.h	156		ezwErrors ZwDimensionAttributeToleranceParenthesesSet(szwDimensionAttribute *dimensionAttribute, int isShowToleranceParentheses)
ZwDimensionAttributeToleranceZeroSuppressionGet	zwapi_dimension_attribute.h	141		ezwErrors ZwDimensionAttributeToleranceZeroSuppressionGet(const szwDimensionAttribute *dimensionAttribute, ezwDimensionZeroSuppressionType *toleranceZeroSuppressionType)
ZwDimensionAttributeToleranceZeroSuppressionSet	zwapi_dimension_attribute.h	144		ezwErrors ZwDimensionAttributeToleranceZeroSuppressionSet(szwDimensionAttribute *dimensionAttribute, ezwDimensionZeroSuppressionType toleranceZeroSuppressionType)
ZwDimensionAttributeUnitGet	zwapi_dimension_attribute.h	105		ezwErrors ZwDimensionAttributeUnitGet(const szwDimensionAttribute *dimensionAttribute, int *isShowUnit)
ZwDimensionAttributeUnitSet	zwapi_dimension_attribute.h	108		ezwErrors ZwDimensionAttributeUnitSet(szwDimensionAttribute *dimensionAttribute, int showUnit)
ZwDimensionAttributeUnitZeroSuppressionGet	zwapi_dimension_attribute.h	123		ezwErrors ZwDimensionAttributeUnitZeroSuppressionGet(const szwDimensionAttribute *dimensionAttribute, ezwDimensionZeroSuppressionType *unitZeroSuppressionType)
ZwDimensionAttributeUnitZeroSuppressionSet	zwapi_dimension_attribute.h	126		ezwErrors ZwDimensionAttributeUnitZeroSuppressionSet(szwDimensionAttribute *dimensionAttribute, ezwDimensionZeroSuppressionType unitZeroSuppressionType)
ZwDimensionAttributeZeroToleranceDisplayGet	zwapi_dimension_attribute.h	147		ezwErrors ZwDimensionAttributeZeroToleranceDisplayGet(const szwDimensionAttribute *dimensionAttribute, ezwDimensionZeroToleranceDisplayType *toleranceZeroSuppressionDisplayType)
ZwDimensionAttributeZeroToleranceDisplaySet	zwapi_dimension_attribute.h	150		ezwErrors ZwDimensionAttributeZeroToleranceDisplaySet(szwDimensionAttribute *dimensionAttribute, ezwDimensionZeroToleranceDisplayType toleranceZeroSuppressionDisplayType)
ZwDimensionAutoBalloonFlagGet	zwapi_dimension.h	46		ezwErrors ZwDimensionAutoBalloonFlagGet(szwEntityHandle balloon, int *autoBalloonFlag)
ZwDimensionDimensionLineDataListGet	zwapi_dimension.h	31		ezwErrors ZwDimensionDimensionLineDataListGet(szwEntityHandle dimension, int *count, szwCurve **curveDataList)
ZwDimensionDisplayTextGet	zwapi_dimension.h	25		ezwErrors ZwDimensionDisplayTextGet(szwEntityHandle dimension, int bytes, char *text)
ZwDimensionDisplayTextGetWithPosition	zwapi_dimension.h	28		ezwErrors ZwDimensionDisplayTextGetWithPosition(szwEntityHandle dimension, int *count, szwDimensionTextWithPosition **data)
ZwDimensionHoleCalloutToleranceFree	zwapi_dimension.h	43		ezwErrors ZwDimensionHoleCalloutToleranceFree(szwHoleCalloutTolerance *data)
ZwDimensionHoleCalloutToleranceGet	zwapi_dimension.h	37		ezwErrors ZwDimensionHoleCalloutToleranceGet(szwEntityHandle holeCallout, szwHoleCalloutTolerance *data)
ZwDimensionHoleCalloutToleranceSet	zwapi_dimension.h	40		ezwErrors ZwDimensionHoleCalloutToleranceSet(szwEntityHandle holeCallout, szwHoleCalloutTolerance data)
ZwDimensionTextGet	zwapi_dimension.h	22		ezwErrors ZwDimensionTextGet(szwEntityHandle dimension, int bytes, char *text, ezwDimensionTextType *type)
ZwDimensionTextPointGet	zwapi_dimension.h	16		ezwErrors ZwDimensionTextPointGet(szwEntityHandle dimensionHandle, szwPoint *textPoint)
ZwDimensionToleranceTableInquiry	zwapi_dimension.h	34		ezwErrors ZwDimensionToleranceTableInquiry(double basicDimension, const zwString32 upperToleranceCode, const zwString32 lowerToleranceCode, double *upper, double *lower)
ZwDisplayArrowCreate	zwapi_display.h	252		ezwErrors ZwDisplayArrowCreate(int fieldId, int arrowCount, const szwDisplayArrowData *arrowDataList)
ZwDisplayState	zwapi_display.h	228		ezwErrors ZwDisplayState(ezwDisplayOption option, zwDisplayState state)
ZwDocumentReactorIsRegistered	zwapi_global_apply.h	227		ezwErrors ZwDocumentReactorIsRegistered(ezwDocumentReactorType type, const zwString256 uniqueName, int *isRegistered)
ZwDocumentReactorSet	zwapi_global_apply.h	221		ezwErrors ZwDocumentReactorSet(ezwDocumentReactorType type, szwDocumentReactorData data)
ZwDrawingAutoBalloonCreate	zwapi_drawing_dimension.h	134		ezwErrors ZwDrawingAutoBalloonCreate(szwDrawingAutoBalloonData autoBalloonData, int *dimensionCount, szwEntityHandle **dimensionList)
ZwDrawingAutoBalloonCreateWithAttribute	zwapi_drawing_dimension.h	140		ezwErrors ZwDrawingAutoBalloonCreateWithAttribute(szwDrawingAutoBalloonData autoBalloonData, const szwDimensionAttribute *attribute, int *dimensionCount, szwEntityHandle **dimensionList)
ZwDrawingAutoBalloonInit	zwapi_drawing_dimension.h	131		ezwErrors ZwDrawingAutoBalloonInit(szwDrawingAutoBalloonData *data)
ZwDrawingBalloonLocationsCleanUp	zwapi_drawing_dimension.h	233		ezwErrors ZwDrawingBalloonLocationsCleanUp(szwDrawingCleanUpBalloonLocations data)
ZwDrawingBalloonLocationsCleanUpInit	zwapi_drawing_dimension.h	230		ezwErrors ZwDrawingBalloonLocationsCleanUpInit(szwDrawingCleanUpBalloonLocations *data)
ZwDrawingBreakLineAttributeGet	zwapi_drawing_general.h	35		ezwErrors ZwDrawingBreakLineAttributeGet(szwEntityHandle breakLineHandle, szwBreakLineAttribute *data)
ZwDrawingBreakLineAttributeSet	zwapi_drawing_general.h	32		ezwErrors ZwDrawingBreakLineAttributeSet(szwEntityHandle breakLineHandle, szwBreakLineAttribute data)
ZwDrawingCrossHatchCreate	zwapi_drawing_wireframe.h	21		ezwErrors ZwDrawingCrossHatchCreate(int entityCount, const szwEntityHandle *entityList, int insideCount, const szwPoint2 *insideList, int isSplit, szwCrossHatchData data, szwEntityHandle *hatch)
ZwDrawingCrossHatchInit	zwapi_drawing_wireframe.h	14		ezwErrors ZwDrawingCrossHatchInit(szwCrossHatchData *data)
ZwDrawingDatumTargetDataGet	zwapi_drawing_dimension.h	26		ezwErrors ZwDrawingDatumTargetDataGet(szwEntityHandle datumTargetHandle, szwDatumTargetDataSet *datumTargetData, szwDimensionAttribute **attribute)
ZwDrawingDatumTargetDataSet	zwapi_drawing_dimension.h	34		ezwErrors ZwDrawingDatumTargetDataSet(szwEntityHandle datumTargetHandle, const szwDatumTargetDataSet *datumTargetData, const szwDimensionAttribute *attribute)
ZwDrawingDimensionAngularCreate	zwapi_drawing_dimension.h	170		ezwErrors ZwDrawingDimensionAngularCreate(szwDrawingAngularDimensionData data, szwEntityHandle *dimension)
ZwDrawingDimensionAngularCreateWithAttribute	zwapi_drawing_dimension.h	173		ezwErrors ZwDrawingDimensionAngularCreateWithAttribute(szwDrawingAngularDimensionData data, const szwDimensionAttribute *attribute, szwEntityHandle *dimension)
ZwDrawingDimensionArcCreate	zwapi_drawing_dimension.h	177		ezwErrors ZwDrawingDimensionArcCreate(szwDrawingArcDimensionData data, szwEntityHandle *dimension)
ZwDrawingDimensionArcCreateWithAttribute	zwapi_drawing_dimension.h	180		ezwErrors ZwDrawingDimensionArcCreateWithAttribute(szwDrawingArcDimensionData data, const szwDimensionAttribute *attribute, szwEntityHandle *dimension)
ZwDrawingDimensionAutoCreate	zwapi_drawing_dimension.h	92		ezwErrors ZwDrawingDimensionAutoCreate(szwEntityHandle viewHandle, szwAutoDimensionData data, int *count, szwEntityHandle **handleList)
ZwDrawingDimensionAutoInit	zwapi_drawing_dimension.h	85		ezwErrors ZwDrawingDimensionAutoInit(szwAutoDimensionData *data)
ZwDrawingDimensionBalloonCreate	zwapi_drawing_dimension.h	183		ezwErrors ZwDrawingDimensionBalloonCreate(szwDrawingBalloonDimension data, szwEntityHandle *balloon)
ZwDrawingDimensionBalloonCreateWithAttribute	zwapi_drawing_dimension.h	186		ezwErrors ZwDrawingDimensionBalloonCreateWithAttribute(szwDrawingBalloonDimension data, const szwDimensionAttribute *attribute, szwEntityHandle *balloon)
ZwDrawingDimensionBalloonDataFree	zwapi_drawing_dimension.h	195		ezwErrors ZwDrawingDimensionBalloonDataFree(szwDrawingBalloonDimensionTextSetting *textSetting)
ZwDrawingDimensionBalloonDataGet	zwapi_drawing_dimension.h	189		ezwErrors ZwDrawingDimensionBalloonDataGet(szwEntityHandle balloon, szwDrawingBalloonDimensionTextSetting *textSetting)
ZwDrawingDimensionBalloonDataSet	zwapi_drawing_dimension.h	192		ezwErrors ZwDrawingDimensionBalloonDataSet(szwEntityHandle balloon, szwDrawingBalloonDimensionTextSetting textSetting)
ZwDrawingDimensionBaseLineCreate	zwapi_drawing_dimension.h	210		ezwErrors ZwDrawingDimensionBaseLineCreate(szwDrawingBaseLineDimension data, int *count, szwEntityHandle **baseLine)
ZwDrawingDimensionBaseLineCreateWithAttribute	zwapi_drawing_dimension.h	213		ezwErrors ZwDrawingDimensionBaseLineCreateWithAttribute(szwDrawingBaseLineDimension data, const szwDimensionAttribute *attribute, int *count, szwEntityHandle **baseLine)
ZwDrawingDimensionCenterLineCreate	zwapi_drawing_dimension.h	98		ezwErrors ZwDrawingDimensionCenterLineCreate(szwDrawingCenterLine centerLine, szwEntityHandle *dimensionHandle)
ZwDrawingDimensionCenterLineCreateWithAttribute	zwapi_drawing_dimension.h	101		ezwErrors ZwDrawingDimensionCenterLineCreateWithAttribute(szwDrawingCenterLine centerLine, const szwDimensionAttribute *attribute, szwEntityHandle *dimensionHandle)
ZwDrawingDimensionCenterLineEndPointDrag	zwapi_drawing_dimension.h	299		ezwErrors ZwDrawingDimensionCenterLineEndPointDrag(szwEntityHandle dimension, ezwEntityCriticalPointType type, szwPointOnEntity toPoint)
ZwDrawingDimensionCenterLineInit	zwapi_drawing_dimension.h	95		ezwErrors ZwDrawingDimensionCenterLineInit(szwDrawingCenterLine *data)
ZwDrawingDimensionCenterMarkCircleCreate	zwapi_drawing_dimension.h	216		ezwErrors ZwDrawingDimensionCenterMarkCircleCreate(szwCenterMarkCircleDimension data, szwEntityHandle *circle)
ZwDrawingDimensionCenterMarkCircleCreateWithAttribute	zwapi_drawing_dimension.h	218		ezwErrors ZwDrawingDimensionCenterMarkCircleCreateWithAttribute(szwCenterMarkCircleDimension data, const szwDimensionAttribute *attribute, szwEntityHandle *circle)
ZwDrawingDimensionCenterMarkCreate	zwapi_drawing_dimension.h	116		ezwErrors ZwDrawingDimensionCenterMarkCreate(szwDrawingCenterMark data, int *countDimension, szwEntityHandle **dimensionList)
ZwDrawingDimensionCenterMarkCreateWithAttribute	zwapi_drawing_dimension.h	119		ezwErrors ZwDrawingDimensionCenterMarkCreateWithAttribute(szwDrawingCenterMark data, const szwDimensionAttribute *attribute, int *countDimension, szwEntityHandle **dimensionList)
ZwDrawingDimensionCenterMarkInit	zwapi_drawing_dimension.h	113		ezwErrors ZwDrawingDimensionCenterMarkInit(szwDrawingCenterMark *data)
ZwDrawingDimensionCenterMarkRotate	zwapi_drawing_dimension.h	236		ezwErrors ZwDrawingDimensionCenterMarkRotate(int count, const szwEntityHandle *centerMarks, double angle)
ZwDrawingDimensionContinuousCreate	zwapi_drawing_dimension.h	107		ezwErrors ZwDrawingDimensionContinuousCreate(szwDrawingLineGroupDimension data, int *countDimension, szwEntityHandle **dimensionList)
ZwDrawingDimensionContinuousCreateWithAttribute	zwapi_drawing_dimension.h	110		ezwErrors ZwDrawingDimensionContinuousCreateWithAttribute(szwDrawingLineGroupDimension data, const szwDimensionAttribute *attribute, int *countDimension, szwEntityHandle **dimensionList)
ZwDrawingDimensionContinuousInit	zwapi_drawing_dimension.h	104		ezwErrors ZwDrawingDimensionContinuousInit(szwDrawingLineGroupDimension *data)
ZwDrawingDimensionDatumFeatureCreate	zwapi_drawing_dimension.h	204		ezwErrors ZwDrawingDimensionDatumFeatureCreate(szwDrawingDatumFeatureDimension data, szwEntityHandle *datumFeature)
ZwDrawingDimensionDatumFeatureCreateWithAttribute	zwapi_drawing_dimension.h	207		ezwErrors ZwDrawingDimensionDatumFeatureCreateWithAttribute(szwDrawingDatumFeatureDimension data, const szwDimensionAttribute *attribute, szwEntityHandle *datumFeature)
ZwDrawingDimensionDatumFeatureDataGet	zwapi_drawing_dimension.h	281		ezwErrors ZwDrawingDimensionDatumFeatureDataGet(szwEntityHandle datumFeatureHandle, szwDrawingDatumFeatureData *datumFeatureData, szwDimensionAttribute **attribute)
ZwDrawingDimensionDatumFeatureDataSet	zwapi_drawing_dimension.h	284		ezwErrors ZwDrawingDimensionDatumFeatureDataSet(szwEntityHandle datumFeatureHandle, const szwDrawingDatumFeatureData *datumFeatureData, const szwDimensionAttribute *attribute)
ZwDrawingDimensionDatumFeatureDimensionPointsGet	zwapi_drawing_dimension.h	287		ezwErrors ZwDrawingDimensionDatumFeatureDimensionPointsGet(szwEntityHandle datumFeatureHandle, szwEntityHandle *referenceEntity, szwPoint2 *textPoint)
ZwDrawingDimensionDatumFeatureDimensionPointsSet	zwapi_drawing_dimension.h	290		ezwErrors ZwDrawingDimensionDatumFeatureDimensionPointsSet(szwEntityHandle datumFeatureHandle, const szwPointOnEntity *referenceEntity, const szwPoint2 *textPoint)
ZwDrawingDimensionDatumTargetCreate	zwapi_drawing_dimension.h	49		ezwErrors ZwDrawingDimensionDatumTargetCreate(szwDatumTargetData data, szwEntityHandle *dimension)
ZwDrawingDimensionDatumTargetCreateWithAttribute	zwapi_drawing_dimension.h	52		ezwErrors ZwDrawingDimensionDatumTargetCreateWithAttribute(szwDatumTargetData data, const szwDimensionAttribute *attribute, szwEntityHandle *dimension)
ZwDrawingDimensionDoglegAdd	zwapi_drawing_dimension.h	248		ezwErrors ZwDrawingDimensionDoglegAdd(szwPointOnEntity extensionLine, szwPointOnEntity firstPoint, szwPointOnEntity secondPoint)
ZwDrawingDimensionDoglegRemove	zwapi_drawing_dimension.h	251		ezwErrors ZwDrawingDimensionDoglegRemove(szwPointOnEntity extensionLine)
ZwDrawingDimensionElevationCreate	zwapi_drawing_dimension.h	266		ezwErrors ZwDrawingDimensionElevationCreate(szwDrawingElevationData elevationData, const szwDimensionAttribute *attribute, szwEntityHandle *dimension)
ZwDrawingDimensionEntityGet	zwapi_drawing_dimension.h	15		ezwErrors ZwDrawingDimensionEntityGet(szwEntityHandle dimensionHandle, int *count, szwEntityHandle **entityList)
ZwDrawingDimensionFeatureControlCreate	zwapi_drawing_dimension.h	55		ezwErrors ZwDrawingDimensionFeatureControlCreate(const szwPointOnEntity *leaderPoint, szwPointOnEntity locationPoint, szwDrawingFeatureControlData data, szwEntityHandle *featureControl)
ZwDrawingDimensionFeatureControlCreateWithAttribute	zwapi_drawing_dimension.h	58		ezwErrors ZwDrawingDimensionFeatureControlCreateWithAttribute(const szwPointOnEntity *leaderPoint, szwPointOnEntity locationPoint, szwDrawingFeatureControlData data, const szwDimensionAttribute *attribute, szwEntityHandle *featureControl)
ZwDrawingDimensionFeatureControlDataGet	zwapi_drawing_dimension.h	296		ezwErrors ZwDrawingDimensionFeatureControlDataGet(szwEntityHandle featureControl, szwDrawingFeatureControlData *data)
ZwDrawingDimensionFromPartModify	zwapi_drawing_dimension.h	221		ezwErrors ZwDrawingDimensionFromPartModify(szwEntityHandle dimension, double value)
ZwDrawingDimensionGroupExplode	zwapi_drawing_dimension.h	245		ezwErrors ZwDrawingDimensionGroupExplode(int count, const szwEntityHandle *dimensions)
ZwDrawingDimensionGroupSubDimensionAdd	zwapi_drawing_dimension.h	239		ezwErrors ZwDrawingDimensionGroupSubDimensionAdd(szwEntityHandle dimension, int count, const szwPointOnEntity *insertPoints)
ZwDrawingDimensionGroupSubDimensionRemove	zwapi_drawing_dimension.h	242		ezwErrors ZwDrawingDimensionGroupSubDimensionRemove(szwEntityHandle dimension, int autoDogleg)
ZwDrawingDimensionHoleCalloutCreate	zwapi_drawing_dimension.h	43		ezwErrors ZwDrawingDimensionHoleCalloutCreate(szwDrawingHoleCalloutData data, int *count, szwEntityHandle **dimensions)
ZwDrawingDimensionHoleCalloutCreateWithAttribute	zwapi_drawing_dimension.h	46		ezwErrors ZwDrawingDimensionHoleCalloutCreateWithAttribute(szwDrawingHoleCalloutData data, const szwDimensionAttribute *attribute, int *count, szwEntityHandle **dimensions)
ZwDrawingDimensionHoleCalloutInit	zwapi_drawing_dimension.h	37		ezwErrors ZwDrawingDimensionHoleCalloutInit(szwDrawingHoleCalloutData *data)
ZwDrawingDimensionIntersectionSymbolCreate	zwapi_drawing_dimension.h	61		ezwErrors ZwDrawingDimensionIntersectionSymbolCreate(szwEntityHandle curve1, szwEntityHandle curve2, szwEntityHandle *dimension)
ZwDrawingDimensionIntersectionSymbolCreateWithAttribute	zwapi_drawing_dimension.h	64		ezwErrors ZwDrawingDimensionIntersectionSymbolCreateWithAttribute(szwEntityHandle curve1, szwEntityHandle curve2, const szwDimensionAttribute *attribute, szwEntityHandle *dimension)
ZwDrawingDimensionLabelCoordinateCreate	zwapi_drawing_dimension.h	198		ezwErrors ZwDrawingDimensionLabelCoordinateCreate(szwDrawingLabelCoordinateDimension data, szwEntityHandle *coordinate)
ZwDrawingDimensionLabelCoordinateCreateWithAttribute	zwapi_drawing_dimension.h	201		ezwErrors ZwDrawingDimensionLabelCoordinateCreateWithAttribute(szwDrawingLabelCoordinateDimension data, const szwDimensionAttribute *attribute, szwEntityHandle *coordinate)
ZwDrawingDimensionLabelCreate	zwapi_drawing_dimension.h	125		ezwErrors ZwDrawingDimensionLabelCreate(szwDimensionLabel label, szwEntityHandle *dimension)
ZwDrawingDimensionLabelCreateWithAttribute	zwapi_drawing_dimension.h	128		ezwErrors ZwDrawingDimensionLabelCreateWithAttribute(szwDimensionLabel label, const szwDimensionAttribute *attribute, szwEntityHandle *dimension)
ZwDrawingDimensionLabelInit	zwapi_drawing_dimension.h	122		ezwErrors ZwDrawingDimensionLabelInit(szwDimensionLabel *data)
ZwDrawingDimensionLinearChamferCreate	zwapi_drawing_dimension.h	146		ezwErrors ZwDrawingDimensionLinearChamferCreate(szwDrawingLinearChamferDimensionData data, szwEntityHandle *dimension)
ZwDrawingDimensionLinearChamferCreateWithAttribute	zwapi_drawing_dimension.h	149		ezwErrors ZwDrawingDimensionLinearChamferCreateWithAttribute(szwDrawingLinearChamferDimensionData data, const szwDimensionAttribute *attribute, szwEntityHandle *dimension)
ZwDrawingDimensionLinearChamferInit	zwapi_drawing_dimension.h	143		ezwErrors ZwDrawingDimensionLinearChamferInit(szwDrawingLinearChamferDimensionData *data)
ZwDrawingDimensionLinearCreate	zwapi_drawing_dimension.h	152		ezwErrors ZwDrawingDimensionLinearCreate(szwDrawingLinearDimension data, szwEntityHandle *dimension)
ZwDrawingDimensionLinearCreateWithAttribute	zwapi_drawing_dimension.h	155		ezwErrors ZwDrawingDimensionLinearCreateWithAttribute(szwDrawingLinearDimension data, const szwDimensionAttribute *attribute, szwEntityHandle *dimension)
ZwDrawingDimensionLinearOffsetCreate	zwapi_drawing_dimension.h	158		ezwErrors ZwDrawingDimensionLinearOffsetCreate(szwDrawingLinearOffsetDimension data, szwEntityHandle *dimension)
ZwDrawingDimensionLinearOffsetCreateWithAttribute	zwapi_drawing_dimension.h	161		ezwErrors ZwDrawingDimensionLinearOffsetCreateWithAttribute(szwDrawingLinearOffsetDimension data, const szwDimensionAttribute *attribute, szwEntityHandle *dimension)
ZwDrawingDimensionLocationsCleanUp	zwapi_drawing_dimension.h	227		ezwErrors ZwDrawingDimensionLocationsCleanUp(szwDrawingCleanUpDimensionLocations data)
ZwDrawingDimensionLocationsCleanUpInit	zwapi_drawing_dimension.h	224		ezwErrors ZwDrawingDimensionLocationsCleanUpInit(szwDrawingCleanUpDimensionLocations *data)
ZwDrawingDimensionOrdinateCreate	zwapi_drawing_dimension.h	70		ezwErrors ZwDrawingDimensionOrdinateCreate(szwDrawingDimensionOrdinate data, int *numberDimension, szwEntityHandle **dimensionList)
ZwDrawingDimensionOrdinateCreateWithAttribute	zwapi_drawing_dimension.h	73		ezwErrors ZwDrawingDimensionOrdinateCreateWithAttribute(szwDrawingDimensionOrdinate data, const szwDimensionAttribute *attribute, int *numberDimension, szwEntityHandle **dimensionList)
ZwDrawingDimensionOrdinateInit	zwapi_drawing_dimension.h	67		ezwErrors ZwDrawingDimensionOrdinateInit(szwDrawingDimensionOrdinate *data)
ZwDrawingDimensionRadialCreate	zwapi_drawing_dimension.h	164		ezwErrors ZwDrawingDimensionRadialCreate(szwRadialDimensionData data, szwEntityHandle *dimension)
ZwDrawingDimensionRadialCreateWithAttribute	zwapi_drawing_dimension.h	167		ezwErrors ZwDrawingDimensionRadialCreateWithAttribute(szwRadialDimensionData data, const szwDimensionAttribute *attribute, szwEntityHandle *dimension)
ZwDrawingDimensionReferenceStateGet	zwapi_drawing_dimension.h	20		ezwErrors ZwDrawingDimensionReferenceStateGet(szwEntityHandle dimension, int *state)
ZwDrawingDimensionReferenceStateSet	zwapi_drawing_dimension.h	29		ezwErrors ZwDrawingDimensionReferenceStateSet(int count, const szwEntityHandle *dimensions, int state)
ZwDrawingDimensionReferenceViewGet	zwapi_drawing_dimension.h	303		ezwErrors ZwDrawingDimensionReferenceViewGet(szwEntityHandle dimension, szwEntityHandle *viewHandle)
ZwDrawingDimensionStyleSet	zwapi_drawing_dimension.h	293		ezwErrors ZwDrawingDimensionStyleSet(szwEntityHandle handle, const zwString256 styleName)
ZwDrawingDimensionSymmetryCreate	zwapi_drawing_dimension.h	79		ezwErrors ZwDrawingDimensionSymmetryCreate(szwDrawingDimensionSymmetryData symmetryData, szwEntityHandle *dimension)
ZwDrawingDimensionSymmetryCreateWithAttribute	zwapi_drawing_dimension.h	82		ezwErrors ZwDrawingDimensionSymmetryCreateWithAttribute(szwDrawingDimensionSymmetryData symmetryData, const szwDimensionAttribute *attribute, szwEntityHandle *dimension)
ZwDrawingDimensionSymmetryInit	zwapi_drawing_dimension.h	76		ezwErrors ZwDrawingDimensionSymmetryInit(szwDrawingDimensionSymmetryData *data)
ZwDrawingDimensionTextAlign	zwapi_drawing_dimension.h	254		ezwErrors ZwDrawingDimensionTextAlign(int count, const szwEntityHandle *alignList, szwEntityHandle baseHandle, int isAlignLine)
ZwDrawingDimensionTextPositionPointsGet	zwapi_drawing_dimension.h	23		ezwErrors ZwDrawingDimensionTextPositionPointsGet(szwEntityHandle dimension, szwDrawingDimensionTextPositionPoints *positionPoints)
ZwDrawingDiscreteEntityGet	zwapi_drawing_general.h	41		ezwErrors ZwDrawingDiscreteEntityGet(szwEntityHandle drawingViewHandle, const zwPath fileName, const szwEntityHandle *sketchHandle, szwEntityHandle entityHandle, szwEntityHandle *discreteEntityHandle)
ZwDrawingDiscreteProjectionStateCheck	zwapi_drawing_view.h	196		ezwErrors ZwDrawingDiscreteProjectionStateCheck(int *isInCalculating)
ZwDrawingEntityComponentGet	zwapi_drawing_general.h	38		ezwErrors ZwDrawingEntityComponentGet(szwEntityHandle entityHandle, szwEntityHandle *componentHandle, int nFileBytes, char *file, int nParentBytes, char *parent)
ZwDrawingEntityCopy	zwapi_drawing_general.h	65		ezwErrors ZwDrawingEntityCopy(szwDrawingCopyData copyData)
ZwDrawingEntityFormatPainter	zwapi_drawing_general.h	44		ezwErrors ZwDrawingEntityFormatPainter(szwEntityHandle source, int count, const szwEntityHandle *targets)
ZwDrawingEntityPaste	zwapi_drawing_general.h	68		ezwErrors ZwDrawingEntityPaste(szwPoint2 basePoint)
ZwDrawingGeometryParentViewGet	zwapi_drawing_general.h	14		ezwErrors ZwDrawingGeometryParentViewGet(szwEntityHandle geometryHandle, szwEntityHandle *viewHandle)
ZwDrawingGlobalLineAttributeListGet	zwapi_drawing_wireframe.h	42		ezwErrors ZwDrawingGlobalLineAttributeListGet(int *count, szwDrawingLineAttribute **attributeList)
ZwDrawingGlobalLineAttributeSet	zwapi_drawing_wireframe.h	39		ezwErrors ZwDrawingGlobalLineAttributeSet(const zwString256 attributeName, szwDrawingLineAttribute attribute)
ZwDrawingGlobalPointAttributeListGet	zwapi_drawing_wireframe.h	30		ezwErrors ZwDrawingGlobalPointAttributeListGet(int *count, szwDrawingPointAttribute **attributeList)
ZwDrawingGlobalPointAttributeSet	zwapi_drawing_wireframe.h	24		ezwErrors ZwDrawingGlobalPointAttributeSet(const zwString256 attributeName, szwDrawingPointAttribute attribute)
ZwDrawingHatchAssociateCurveListGet	zwapi_drawing_general.h	19		ezwErrors ZwDrawingHatchAssociateCurveListGet(szwEntityHandle hatchHandle, int *countCurve, szwEntityHandle **curveList)
ZwDrawingHatchAttributeGet	zwapi_drawing_general.h	29		ezwErrors ZwDrawingHatchAttributeGet(szwEntityHandle hatchHandle, szwCrossHatchData *hatchAttribute)
ZwDrawingHatchAttributeSet	zwapi_drawing_general.h	26		ezwErrors ZwDrawingHatchAttributeSet(szwEntityHandle hatchHandle, szwCrossHatchData hatchAttribute)
ZwDrawingLineAttributeGet	zwapi_drawing_wireframe.h	48		ezwErrors ZwDrawingLineAttributeGet(szwEntityHandle line, szwDrawingLineAttribute *attribute)
ZwDrawingLineAttributeSet	zwapi_drawing_wireframe.h	45		ezwErrors ZwDrawingLineAttributeSet(int count, const szwEntityHandle *lineList, szwDrawingLineAttribute attribute)
ZwDrawingMagneticLineCreate	zwapi_drawing_dimension.h	260		ezwErrors ZwDrawingMagneticLineCreate(szwDrawingMagneticLineData data, szwEntityHandle *handle)
ZwDrawingMagneticLineDataInit	zwapi_drawing_dimension.h	257		ezwErrors ZwDrawingMagneticLineDataInit(ezwDrawingMagneticLineType type, szwDrawingMagneticLineData *data)
ZwDrawingPointAttributeGet	zwapi_drawing_wireframe.h	36		ezwErrors ZwDrawingPointAttributeGet(szwEntityHandle point, szwDrawingPointAttribute *attribute)
ZwDrawingPointAttributeSet	zwapi_drawing_wireframe.h	33		ezwErrors ZwDrawingPointAttributeSet(int count, const szwEntityHandle *pointList, szwDrawingPointAttribute attribute)
ZwDrawingRegen	zwapi_drawing_general.h	47		ezwErrors ZwDrawingRegen(int count, const szwEntityHandle *viewList, int regenUnmodifiedViews, int regenTables, int promptViewRegen, int regenSketch, int regenAllSheets)
ZwDrawingRotateViewDataInit	zwapi_drawing_view.h	128		ezwErrors ZwDrawingRotateViewDataInit(szwDrawingRotateViewData *data)
ZwDrawingSheetActivate	zwapi_drawing_sheet.h	17		ezwErrors ZwDrawingSheetActivate(const zwString256 sheetName)
ZwDrawingSheetActivateByHandle	zwapi_drawing_sheet.h	23		ezwErrors ZwDrawingSheetActivateByHandle(const szwEntityHandle *sheetHandle)
ZwDrawingSheetAnchorAdd	zwapi_drawing_sheet.h	50		ezwErrors ZwDrawingSheetAnchorAdd(szwSheetAnchorData anchor)
ZwDrawingSheetAnchorDelete	zwapi_drawing_sheet.h	53		ezwErrors ZwDrawingSheetAnchorDelete(int count, const ezwSheetAnchorType *types)
ZwDrawingSheetAnchorListGet	zwapi_drawing_sheet.h	47		ezwErrors ZwDrawingSheetAnchorListGet(const szwEntityHandle *sheet, int *count, szwSheetAnchorData **anchors)
ZwDrawingSheetAttributeFree	zwapi_drawing_sheet.h	38		ezwErrors ZwDrawingSheetAttributeFree(szwSheetAttribute *attribute)
ZwDrawingSheetAttributeGet	zwapi_drawing_sheet.h	32		ezwErrors ZwDrawingSheetAttributeGet(const szwEntityHandle *sheet, szwSheetAttribute *attribute)
ZwDrawingSheetAttributeSet	zwapi_drawing_sheet.h	35		ezwErrors ZwDrawingSheetAttributeSet(const szwEntityHandle *sheet, szwSheetAttribute attribute)
ZwDrawingSheetCreate	zwapi_drawing_sheet.h	87		ezwErrors ZwDrawingSheetCreate(const char *name, szwEntityHandle *sheet)
ZwDrawingSheetDimensionListGet	zwapi_drawing_sheet.h	41		ezwErrors ZwDrawingSheetDimensionListGet(const szwEntityHandle *sheetHandle, int viewDimension, int dimensionTypeCount, const ezwDimensionType *dimensionTypeList, int *count, szwEntityHandle **dimensions)
ZwDrawingSheetFolderGetByName	zwapi_drawing_sheet.h	93		ezwErrors ZwDrawingSheetFolderGetByName(const char *folderName, szwEntityHandle *folderHandle)
ZwDrawingSheetListGet	zwapi_drawing_sheet.h	26		ezwErrors ZwDrawingSheetListGet(int *count, szwEntityHandle **sheetList)
ZwDrawingSheetManagerInsertByDrag	zwapi_drawing_sheet.h	90		ezwErrors ZwDrawingSheetManagerInsertByDrag(int countHandle, const szwEntityHandle *handleList, szwEntityHandle targetHandle, ezwSheetInsertLocation location)
ZwDrawingSheetManagerViewTreeRefresh	zwapi_drawing_sheet.h	72		ezwErrors ZwDrawingSheetManagerViewTreeRefresh(const szwEntityHandle *sheetHandle)
ZwDrawingSheetManagerViewTreeRefreshAll	zwapi_drawing_sheet.h	78		ezwErrors ZwDrawingSheetManagerViewTreeRefreshAll()
ZwDrawingSheetModifiedStateCheck	zwapi_drawing_sheet.h	56		ezwErrors ZwDrawingSheetModifiedStateCheck(szwEntityHandle sheet, int *modified)
ZwDrawingSheetReorder	zwapi_drawing_sheet.h	81		ezwErrors ZwDrawingSheetReorder(szwEntityHandle sheetHandleToMove, const szwEntityHandle *targetHandle, ezwSheetPosition location)
ZwDrawingSheetSymbolListGet	zwapi_drawing_sheet.h	62		ezwErrors ZwDrawingSheetSymbolListGet(const szwEntityHandle *sheet, int viewSymbol, int typeCount, const ezwSymbolType *typeList, int *count, szwEntityHandle **symbolList)
ZwDrawingSheetTextBalloonListGet	zwapi_drawing_sheet.h	69		ezwErrors ZwDrawingSheetTextBalloonListGet(const szwEntityHandle *sheet, int viewTextBalloon, int *count, szwEntityHandle **textBalloonList)
ZwDrawingSheetTextListGet	zwapi_drawing_sheet.h	65		ezwErrors ZwDrawingSheetTextListGet(const szwEntityHandle *sheet, int viewText, int *count, szwEntityHandle **textList)
ZwDrawingSheetViewListGet	zwapi_drawing_sheet.h	44		ezwErrors ZwDrawingSheetViewListGet(const szwEntityHandle *sheet, ezwDrawingViewType type, int *count, szwEntityHandle **viewList)
ZwDrawingStackBalloonDirectionGet	zwapi_drawing_dimension.h	269		ezwErrors ZwDrawingStackBalloonDirectionGet(szwEntityHandle stackBalloon, ezwStackBalloonDirection *direction)
ZwDrawingStackBalloonDirectionSet	zwapi_drawing_dimension.h	272		ezwErrors ZwDrawingStackBalloonDirectionSet(szwEntityHandle stackBalloon, ezwStackBalloonDirection direction)
ZwDrawingStackBalloonSortingGet	zwapi_drawing_dimension.h	275		ezwErrors ZwDrawingStackBalloonSortingGet(szwEntityHandle stackBalloon, int *countBalloon, szwStackBalloonData **balloonList)
ZwDrawingStackBalloonSortingSet	zwapi_drawing_dimension.h	278		ezwErrors ZwDrawingStackBalloonSortingSet(szwEntityHandle stackBalloon, const int countBalloon, const szwEntityHandle *balloonList)
ZwDrawingStackBalloonsCreate	zwapi_drawing_dimension.h	263		ezwErrors ZwDrawingStackBalloonsCreate(szwEntityHandle mainBalloonHandle, int countStackedBalloon, const szwEntityHandle *stackedBalloonList, ezwStackBalloonDirection method, int isAutoSort)
ZwDrawingSymbolAddBlockCreate	zwapi_drawing_symbol.h	65		ezwErrors ZwDrawingSymbolAddBlockCreate(szwDrawingSymbolAddBlockData addBlockData, szwEntityHandle *blockHandle)
ZwDrawingSymbolAssociatedEntityListGet	zwapi_drawing_symbol.h	68		ezwErrors ZwDrawingSymbolAssociatedEntityListGet(szwEntityHandle symbol, int *count, szwEntityHandle **entityList)
ZwDrawingSymbolHoleMarkCreate	zwapi_drawing_symbol.h	20		ezwErrors ZwDrawingSymbolHoleMarkCreate(szwDrawingSymbolHoleMark data, int *numberSymbol, szwEntityHandle **symbolList)
ZwDrawingSymbolHoleMarkInit	zwapi_drawing_symbol.h	14		ezwErrors ZwDrawingSymbolHoleMarkInit(ezwDrawingSymbolHoleMarkType type, szwDrawingSymbolHoleMark *data)
ZwDrawingSymbolInsertBlockCreate	zwapi_drawing_symbol.h	62		ezwErrors ZwDrawingSymbolInsertBlockCreate(szwDrawingSymbolInsertBlockData insertBlockData, szwEntityHandle *symbolHandle)
ZwDrawingSymbolOLEObjectCreate	zwapi_drawing_symbol.h	23		ezwErrors ZwDrawingSymbolOLEObjectCreate(const zwPath filePath, int linkFlag, const szwPoint2 *insertPoint, szwEntityHandle *symbolHandle)
ZwDrawingSymbolOLEObjectDataGet	zwapi_drawing_symbol.h	26		ezwErrors ZwDrawingSymbolOLEObjectDataGet(szwEntityHandle symbolHandle, int *linkFlag, int size, char *filePath)
ZwDrawingSymbolOLEObjectExport	zwapi_drawing_symbol.h	29		ezwErrors ZwDrawingSymbolOLEObjectExport(szwEntityHandle symbolHandle, const char *filePath)
ZwDrawingSymbolReferenceViewGet	zwapi_drawing_symbol.h	74		ezwErrors ZwDrawingSymbolReferenceViewGet(szwEntityHandle symbol, szwEntityHandle *viewHandle)
ZwDrawingSymbolSurfaceFinishCreate	zwapi_drawing_symbol.h	47		ezwErrors ZwDrawingSymbolSurfaceFinishCreate(szwDrawingSymbolSurfaceFinish data, szwEntityHandle *surfaceFinishHandle)
ZwDrawingSymbolSurfaceFinishCreateWithAttribute	zwapi_drawing_symbol.h	50		ezwErrors ZwDrawingSymbolSurfaceFinishCreateWithAttribute(szwDrawingSymbolSurfaceFinish data, const szwSymbolAttribute *attribute, szwEntityHandle *surfaceFinishHandle)
ZwDrawingSymbolSurfaceFinishInit	zwapi_drawing_symbol.h	44		ezwErrors ZwDrawingSymbolSurfaceFinishInit(szwDrawingSymbolSurfaceFinish *data)
ZwDrawingSymbolSurfaceFinishRoughTextPositionGet	zwapi_drawing_symbol.h	71		ezwErrors ZwDrawingSymbolSurfaceFinishRoughTextPositionGet(szwEntityHandle symbol, ezwSurfaceFinishRoughTextType textType, szwPoint2 *point)
ZwDrawingSymbolWeldCreate	zwapi_drawing_symbol.h	35		ezwErrors ZwDrawingSymbolWeldCreate(szwSymbolWeldData data, szwEntityHandle *symbolWeld)
ZwDrawingSymbolWeldCreateWithAttribute	zwapi_drawing_symbol.h	38		ezwErrors ZwDrawingSymbolWeldCreateWithAttribute(szwSymbolWeldData data, const szwSymbolAttribute *attribute, szwEntityHandle *symbolWeld)
ZwDrawingSymbolWeldDataGet	zwapi_drawing_symbol.h	53		ezwErrors ZwDrawingSymbolWeldDataGet(szwEntityHandle symbolWeld, szwSymbolWeldData *data)
ZwDrawingSymbolWeldDataSet	zwapi_drawing_symbol.h	59		ezwErrors ZwDrawingSymbolWeldDataSet(szwEntityHandle symbolWeld, szwSymbolWeldData data)
ZwDrawingSymbolWeldFree	zwapi_drawing_symbol.h	41		ezwErrors ZwDrawingSymbolWeldFree(szwSymbolWeldData *data)
ZwDrawingSymbolWeldInit	zwapi_drawing_symbol.h	32		ezwErrors ZwDrawingSymbolWeldInit(szwSymbolWeldData *data)
ZwDrawingTableAnnotationCreate	zwapi_drawing_table.h	25		ezwErrors ZwDrawingTableAnnotationCreate(szwDrawingTableAnnotation data, szwEntityHandle *table, int *annotationNumber, szwEntityHandle **annotationList)
ZwDrawingTableAnnotationInit	zwapi_drawing_table.h	22		ezwErrors ZwDrawingTableAnnotationInit(ezwDrawingTableType type, szwDrawingTableAnnotation *data)
ZwDrawingTableAutoSplit	zwapi_drawing_table.h	59		ezwErrors ZwDrawingTableAutoSplit(szwEntityHandle table, szwDrawingTableAutoSplitData data)
ZwDrawingTableAutoSplitDataInit	zwapi_drawing_table.h	56		ezwErrors ZwDrawingTableAutoSplitDataInit(szwDrawingTableAutoSplitData *data)
ZwDrawingTableAutoSplitStop	zwapi_drawing_table.h	62		ezwErrors ZwDrawingTableAutoSplitStop(szwEntityHandle table)
ZwDrawingTableBOMCreate	zwapi_drawing_table.h	19		ezwErrors ZwDrawingTableBOMCreate(szwDrawingBOMData data, szwEntityHandle *BOMHandle)
ZwDrawingTableBOMInit	zwapi_drawing_table.h	13		ezwErrors ZwDrawingTableBOMInit(szwDrawingBOMData *data)
ZwDrawingTableBOMReferenceBalloonGet	zwapi_drawing_table.h	28		ezwErrors ZwDrawingTableBOMReferenceBalloonGet(szwEntityHandle BOMHandle, int row, int *count, szwEntityHandle **balloonList)
ZwDrawingTableBOMReferenceDataGet	zwapi_drawing_table.h	38		ezwErrors ZwDrawingTableBOMReferenceDataGet(szwEntityHandle BOMHandle, int row, szwDrawingBOMTableRowReferenceData *data)
ZwDrawingTableBOMReferenceViewGet	zwapi_drawing_table.h	31		ezwErrors ZwDrawingTableBOMReferenceViewGet(szwEntityHandle BOMHandle, szwEntityHandle *viewHandle)
ZwDrawingTableDimensionReferenceGet	zwapi_drawing_table.h	41		ezwErrors ZwDrawingTableDimensionReferenceGet(szwEntityHandle table, int row, int column, szwEntityHandle *dimension)
ZwDrawingTableMergeAll	zwapi_drawing_table.h	47		ezwErrors ZwDrawingTableMergeAll(szwEntityHandle table)
ZwDrawingTableMergeNext	zwapi_drawing_table.h	44		ezwErrors ZwDrawingTableMergeNext(szwEntityHandle table, int row, int column)
ZwDrawingTableSplitAbove	zwapi_drawing_table.h	50		ezwErrors ZwDrawingTableSplitAbove(szwEntityHandle table, int row, int column)
ZwDrawingTableSplitBelow	zwapi_drawing_table.h	53		ezwErrors ZwDrawingTableSplitBelow(szwEntityHandle table, int row, int column)
ZwDrawingTextBalloonCreate	zwapi_drawing_general.h	56		ezwErrors ZwDrawingTextBalloonCreate(szwDrawingTextBalloonData data, szwEntityHandle *handle)
ZwDrawingTextBalloonDataInit	zwapi_drawing_general.h	53		ezwErrors ZwDrawingTextBalloonDataInit(ezwDrawingTextBalloonType type, szwDrawingTextBalloonData *data)
ZwDrawingTextBalloonTextGet	zwapi_drawing_general.h	62		ezwErrors ZwDrawingTextBalloonTextGet(szwEntityHandle handle, int maxSize, char *text)
ZwDrawingTextBalloonTextSet	zwapi_drawing_general.h	59		ezwErrors ZwDrawingTextBalloonTextSet(szwEntityHandle handle, const char *text)
ZwDrawingTextCreate	zwapi_drawing_text.h	16		ezwErrors ZwDrawingTextCreate(szwDrawingText data, szwEntityHandle *text)
ZwDrawingTextInit	zwapi_drawing_text.h	13		ezwErrors ZwDrawingTextInit(szwDrawingText *data)
ZwDrawingTextStringGet	zwapi_drawing_text.h	19		ezwErrors ZwDrawingTextStringGet(szwEntityHandle text, szwTextAttribute **textAttribute, int nbytes, char *string)
ZwDrawingTextStringSet	zwapi_drawing_text.h	22		ezwErrors ZwDrawingTextStringSet(szwEntityHandle text, const szwTextAttribute *textAttribute, const char *string)
ZwDrawingView3DOriginalPointGet	zwapi_drawing_view.h	144		ezwErrors ZwDrawingView3DOriginalPointGet(szwEntityHandle viewHandle, szwPoint2 *point, szwEntityHandle *projectionOriginalPoint)
ZwDrawingViewAlignedSectionCreate	zwapi_drawing_view.h	20		ezwErrors ZwDrawingViewAlignedSectionCreate(szwAlignSectionViewData alignSectionViewData, szwEntityHandle *viewHandle)
ZwDrawingViewAlignedSectionCreateInit	zwapi_drawing_view.h	14		ezwErrors ZwDrawingViewAlignedSectionCreateInit(szwAlignSectionViewData *data)
ZwDrawingViewAlignmentStateGet	zwapi_drawing_view.h	230		ezwErrors ZwDrawingViewAlignmentStateGet(szwEntityHandle viewHandle, int *alignmentState)
ZwDrawingViewAlignmentStateSet	zwapi_drawing_view.h	233		ezwErrors ZwDrawingViewAlignmentStateSet(szwEntityHandle viewHandle, int alignmentState)
ZwDrawingViewAttributeGet	zwapi_drawing_view.h	86		ezwErrors ZwDrawingViewAttributeGet(const szwEntityHandle *viewHandle, szwViewAttribute *data)
ZwDrawingViewAttributeSet	zwapi_drawing_view.h	89		ezwErrors ZwDrawingViewAttributeSet(const szwEntityHandle *viewHandle, szwViewAttribute data)
ZwDrawingViewAutoLoadGeometryGet	zwapi_drawing_view.h	199		ezwErrors ZwDrawingViewAutoLoadGeometryGet(int *option)
ZwDrawingViewAutoLoadGeometrySet	zwapi_drawing_view.h	202		ezwErrors ZwDrawingViewAutoLoadGeometrySet(int option)
ZwDrawingViewAuxiliaryCreate	zwapi_drawing_view.h	26		ezwErrors ZwDrawingViewAuxiliaryCreate(szwAuxiliaryViewData data, szwEntityHandle *viewHandle)
ZwDrawingViewAuxiliaryCreateInit	zwapi_drawing_view.h	23		ezwErrors ZwDrawingViewAuxiliaryCreateInit(szwAuxiliaryViewData *data)
ZwDrawingViewBreakLineCreate	zwapi_drawing_view.h	32		ezwErrors ZwDrawingViewBreakLineCreate(szwBreakLineData data, szwEntityHandle *breakLineHandle)
ZwDrawingViewBreakLineCreateInit	zwapi_drawing_view.h	29		ezwErrors ZwDrawingViewBreakLineCreateInit(szwBreakLineData *data)
ZwDrawingViewBrokenSectionCreate	zwapi_drawing_view.h	44		ezwErrors ZwDrawingViewBrokenSectionCreate(szwDrawingBrokenSectionData data, szwEntityHandle *viewHandle)
ZwDrawingViewBrokenSectionCreateInit	zwapi_drawing_view.h	41		ezwErrors ZwDrawingViewBrokenSectionCreateInit(szwDrawingBrokenSectionData *data)
ZwDrawingViewChildViewListGet	zwapi_drawing_view.h	83		ezwErrors ZwDrawingViewChildViewListGet(szwEntityHandle viewHandle, int *count, szwEntityHandle **viewList)
ZwDrawingViewDefineLabelLocationPointGet	zwapi_drawing_view.h	265		ezwErrors ZwDrawingViewDefineLabelLocationPointGet(szwEntityHandle defineView, int *count, szwPoint2 **locationPoints)
ZwDrawingViewDefineLabelLocationPointSet	zwapi_drawing_view.h	268		ezwErrors ZwDrawingViewDefineLabelLocationPointSet(szwEntityHandle defineView, int count, const szwPoint2 *locationPoints)
ZwDrawingViewDetailCreate	zwapi_drawing_view.h	38		ezwErrors ZwDrawingViewDetailCreate(szwDrawingDetailData data, szwEntityHandle *viewHandle)
ZwDrawingViewDetailCreateInit	zwapi_drawing_view.h	35		ezwErrors ZwDrawingViewDetailCreateInit(szwDrawingDetailData *data)
ZwDrawingViewDimensionListGet	zwapi_drawing_view.h	167		ezwErrors ZwDrawingViewDimensionListGet(szwEntityHandle viewHandle, ezwViewDimensionType type, int *count, szwEntityHandle **dimensions)
ZwDrawingViewDiscreteProjectionGet	zwapi_drawing_view.h	180		ezwErrors ZwDrawingViewDiscreteProjectionGet(int *option)
ZwDrawingViewDiscreteProjectionQualityGet	zwapi_drawing_view.h	186		ezwErrors ZwDrawingViewDiscreteProjectionQualityGet(ezwDrawingDiscreteProjectionQuality *quality)
ZwDrawingViewDiscreteProjectionQualitySet	zwapi_drawing_view.h	189		ezwErrors ZwDrawingViewDiscreteProjectionQualitySet(ezwDrawingDiscreteProjectionQuality quality)
ZwDrawingViewDiscreteProjectionSet	zwapi_drawing_view.h	183		ezwErrors ZwDrawingViewDiscreteProjectionSet(int option)
ZwDrawingViewDiscreteProjectionStateGet	zwapi_drawing_view.h	192		ezwErrors ZwDrawingViewDiscreteProjectionStateGet(szwEntityHandle viewHandle, ezwDrawingDiscreteProjectionState *discreteProjectionState)
ZwDrawingViewDiscreteProjectionWait	zwapi_drawing_view.h	176		ezwErrors ZwDrawingViewDiscreteProjectionWait()
ZwDrawingViewDottedBorderGet	zwapi_drawing_view.h	68		ezwErrors ZwDrawingViewDottedBorderGet(szwEntityHandle viewHandle, szwDrawingDottedBorder *coordinate)
ZwDrawingViewEntityAssociate	zwapi_drawing_view.h	80		ezwErrors ZwDrawingViewEntityAssociate(szwEntityHandle viewHandle, int count, const szwEntityHandle *entityList)
ZwDrawingViewEntityDisassociate	zwapi_drawing_view.h	226		ezwErrors ZwDrawingViewEntityDisassociate(int count, const szwEntityHandle *entityList)
ZwDrawingViewFullSectionCreate	zwapi_drawing_view.h	50		ezwErrors ZwDrawingViewFullSectionCreate(szwFullSectionViewData data, szwEntityHandle *viewHandle)
ZwDrawingViewFullSectionCreateInit	zwapi_drawing_view.h	47		ezwErrors ZwDrawingViewFullSectionCreateInit(szwFullSectionViewData *data)
ZwDrawingViewFullSectionDataFree	zwapi_drawing_view.h	59		ezwErrors ZwDrawingViewFullSectionDataFree(szwFullSectionViewData *data)
ZwDrawingViewFullSectionDataGet	zwapi_drawing_view.h	53		ezwErrors ZwDrawingViewFullSectionDataGet(szwEntityHandle viewHandle, szwFullSectionViewData *data)
ZwDrawingViewFullSectionDataSet	zwapi_drawing_view.h	56		ezwErrors ZwDrawingViewFullSectionDataSet(szwEntityHandle viewHandle, szwFullSectionViewData data)
ZwDrawingViewGeometryListGet	zwapi_drawing_view.h	78		ezwErrors ZwDrawingViewGeometryListGet(szwEntityHandle viewHandle, ezwDrawingGeometryType option, int *countGeometry, szwEntityHandle **geometryList)
ZwDrawingViewGeometryReferenceEntityGet	zwapi_drawing_view.h	74		ezwErrors ZwDrawingViewGeometryReferenceEntityGet(szwEntityHandle geometryHandle, int fileNameBytes, char *fileName, int partNameBytes, char *partName, szwEntityHandle *component, szwEntityHandle *geometry3DHandle, szwEntityHandle *referenceEntityHandle)
ZwDrawingViewIsometricSectionCreate	zwapi_drawing_view.h	65		ezwErrors ZwDrawingViewIsometricSectionCreate(szwDrawingIsometricSectionData data, szwEntityHandle *viewHandle)
ZwDrawingViewIsometricSectionInit	zwapi_drawing_view.h	62		ezwErrors ZwDrawingViewIsometricSectionInit(szwDrawingIsometricSectionData *data)
ZwDrawingViewLineAttributeGet	zwapi_drawing_view.h	214		ezwErrors ZwDrawingViewLineAttributeGet(const szwEntityHandle *viewHandle, ezwViewLineType lineType, szwLineAttribute *lineAttr, szwViewObjectLayerData *layer)
ZwDrawingViewLineAttributeSet	zwapi_drawing_view.h	217		ezwErrors ZwDrawingViewLineAttributeSet(const szwEntityHandle *viewHandle, ezwViewLineType lineType, const szwLineAttribute *lineAttr, const szwViewObjectLayerData *layer)
ZwDrawingViewLocationLockGet	zwapi_drawing_view.h	223		ezwErrors ZwDrawingViewLocationLockGet(szwEntityHandle viewHandle, int *lock)
ZwDrawingViewLocationLockSet	zwapi_drawing_view.h	220		ezwErrors ZwDrawingViewLocationLockSet(szwEntityHandle viewHandle, int lock)
ZwDrawingViewLocationPointGet	zwapi_drawing_view.h	159		ezwErrors ZwDrawingViewLocationPointGet(szwEntityHandle viewHandle, szwPoint2 *point)
ZwDrawingViewMethodGet	zwapi_drawing_view.h	153		ezwErrors ZwDrawingViewMethodGet(szwEntityHandle viewHandle, ezwDrawingViewMethod *method)
ZwDrawingViewModifiedStateCheck	zwapi_drawing_view.h	262		ezwErrors ZwDrawingViewModifiedStateCheck(szwEntityHandle viewHandle, int *modified)
ZwDrawingViewNameGet	zwapi_drawing_view.h	259		ezwErrors ZwDrawingViewNameGet(szwEntityHandle viewHandle, szwDrawingViewName *viewName)
ZwDrawingViewOrientationFromParentGet	zwapi_drawing_view.h	205		ezwErrors ZwDrawingViewOrientationFromParentGet(szwEntityHandle viewHandle, int *isFromParent)
ZwDrawingViewOrientationFromParentSet	zwapi_drawing_view.h	208		ezwErrors ZwDrawingViewOrientationFromParentSet(szwEntityHandle viewHandle, int isFromParent)
ZwDrawingViewParentViewGet	zwapi_drawing_view.h	138		ezwErrors ZwDrawingViewParentViewGet(szwEntityHandle viewHandle, szwEntityHandle *parentViewHandle)
ZwDrawingViewPoint2DTo3D	zwapi_drawing_view.h	170		ezwErrors ZwDrawingViewPoint2DTo3D(szwEntityHandle handle, szwPoint *point3D)
ZwDrawingViewPoint3DTo2D	zwapi_drawing_view.h	173		ezwErrors ZwDrawingViewPoint3DTo2D(szwEntityHandle viewHandle, szwPoint point3D, szwPoint2 *point2D)
ZwDrawingViewProjection	zwapi_drawing_view.h	99		ezwErrors ZwDrawingViewProjection(szwProjectionViewData data, szwEntityHandle *projectionView)
ZwDrawingViewProjectionInit	zwapi_drawing_view.h	92		ezwErrors ZwDrawingViewProjectionInit(szwProjectionViewData *data)
ZwDrawingViewProjectionTypeGet	zwapi_drawing_view.h	239		ezwErrors ZwDrawingViewProjectionTypeGet(ezwViewProjectionType *type)
ZwDrawingViewReferenceAttributeGet	zwapi_drawing_view.h	118		ezwErrors ZwDrawingViewReferenceAttributeGet(szwEntityHandle reference, int *colorValid, int *typeValid, int *widthValid, szwLineAttribute *wireAttribute)
ZwDrawingViewReferenceAttributeSet	zwapi_drawing_view.h	125		ezwErrors ZwDrawingViewReferenceAttributeSet(szwEntityHandle reference, int colorValid, int typeValid, int widthValid, szwLineAttribute wireAttribute)
ZwDrawingViewReferenceBlankByReferenceDataList	zwapi_drawing_view.h	271		ezwErrors ZwDrawingViewReferenceBlankByReferenceDataList(szwEntityHandle viewHandle, int countBlankReference, const szwReferenceEntityData *referenceList)
ZwDrawingViewReferenceBlankGet	zwapi_drawing_view.h	108		ezwErrors ZwDrawingViewReferenceBlankGet(szwEntityHandle reference, int *blank)
ZwDrawingViewReferenceBlankSet	zwapi_drawing_view.h	115		ezwErrors ZwDrawingViewReferenceBlankSet(szwEntityHandle reference, int blank)
ZwDrawingViewReferenceDataListFree	zwapi_drawing_view.h	277		ezwErrors ZwDrawingViewReferenceDataListFree(int countReference, szwReferenceEntityData **referenceList)
ZwDrawingViewReferenceDataListGetByExcludeOption	zwapi_drawing_view.h	274		ezwErrors ZwDrawingViewReferenceDataListGetByExcludeOption(int includeShape, int includeEnvelope, int includeWireframe, szwEntityHandle viewHandle, int *countReference, szwReferenceEntityData **referenceList)
ZwDrawingViewReferenceEntityHandleTransfer	zwapi_drawing_view.h	280		ezwErrors ZwDrawingViewReferenceEntityHandleTransfer(ezwViewEntityHandleTransfer transferTo, szwEntityHandle inputHandle, int *count, szwEntityHandle **outputHandleList)
ZwDrawingViewReferenceFileGet	zwapi_drawing_view.h	250		ezwErrors ZwDrawingViewReferenceFileGet(szwEntityHandle viewReference, int fileNameBytes, char *fileName, int partNameBytes, char *partName, szwEntityHandle *component)
ZwDrawingViewReferenceGet	zwapi_drawing_view.h	156		ezwErrors ZwDrawingViewReferenceGet(szwEntityHandle viewHandle, int *count, szwEntityHandle **entityHandleList)
ZwDrawingViewReferenceHiddenLineStateGet	zwapi_drawing_view.h	256		ezwErrors ZwDrawingViewReferenceHiddenLineStateGet(szwEntityHandle viewReference, int *isHidden)
ZwDrawingViewReferenceHiddenLineStateSet	zwapi_drawing_view.h	253		ezwErrors ZwDrawingViewReferenceHiddenLineStateSet(szwEntityHandle viewReference, int isHidden)
ZwDrawingViewReferenceListBlankSet	zwapi_drawing_view.h	236		ezwErrors ZwDrawingViewReferenceListBlankSet(int count, const szwEntityHandle *referenceList, int blank)
ZwDrawingViewReferenceListGet	zwapi_drawing_view.h	247		ezwErrors ZwDrawingViewReferenceListGet(szwEntityHandle viewHandle, int *count, szwEntityHandle **referenceList)
ZwDrawingViewReferencePartConfigGet	zwapi_drawing_view.h	150		ezwErrors ZwDrawingViewReferencePartConfigGet(const szwEntityHandle *viewHandle, int size, char *config)
ZwDrawingViewReferencePartGet	zwapi_drawing_view.h	141		ezwErrors ZwDrawingViewReferencePartGet(const szwEntityHandle *viewHandle, szwReferencePart *part)
ZwDrawingViewRotate	zwapi_drawing_view.h	135		ezwErrors ZwDrawingViewRotate(szwEntityHandle viewHandle, szwDrawingRotateViewData data)
ZwDrawingViewStandardCreate	zwapi_drawing_view.h	105		ezwErrors ZwDrawingViewStandardCreate(szwViewStandardData data, szwEntityHandle *viewHandle)
ZwDrawingViewStandardDataInit	zwapi_drawing_view.h	102		ezwErrors ZwDrawingViewStandardDataInit(szwViewStandardData *data)
ZwDrawingViewSymbolListGet	zwapi_drawing_view.h	283		ezwErrors ZwDrawingViewSymbolListGet(szwEntityHandle view, int typeCount, ezwSymbolType *typeList, int *count, szwEntityHandle **symbolList)
ZwDrawingViewTextBalloonListGet	zwapi_drawing_view.h	244		ezwErrors ZwDrawingViewTextBalloonListGet(szwEntityHandle viewHandle, ezwViewTextBalloonType type, int *count, szwEntityHandle **textBalloonList)
ZwDrawingViewTextListGet	zwapi_drawing_view.h	241		ezwErrors ZwDrawingViewTextListGet(szwEntityHandle viewHandle, int *count, szwEntityHandle **textList)
ZwDrawingViewTypeGet	zwapi_drawing_view.h	211		ezwErrors ZwDrawingViewTypeGet(szwEntityHandle viewHandle, ezwDrawingViewType *type)
ZwECADCompareIDFChangeApply	zwapi_ecad.h	18		ezwErrors ZwECADCompareIDFChangeApply(const zwPath boardFilePath, const zwPath libraryFilePath, int count, const szwECADCompareIDFChange *changeList)
ZwECADCompareIDFChangeListGet	zwapi_ecad.h	12		ezwErrors ZwECADCompareIDFChangeListGet(const zwPath boardFilePath, const zwPath libraryFilePath, int *count, szwECADCompareIDFChange **changeList)
ZwECADCompareIDFLastDataFree	zwapi_ecad.h	48		ezwErrors ZwECADCompareIDFLastDataFree(szwIDFCompareInformation *data)
ZwECADCompareIDFLastDataGet	zwapi_ecad.h	45		ezwErrors ZwECADCompareIDFLastDataGet(szwIDFCompareInformation *data)
ZwECADComponentLibraryPathClear	zwapi_ecad.h	42		ezwErrors ZwECADComponentLibraryPathClear()
ZwECADComponentLibraryPathListAdd	zwapi_ecad.h	30		ezwErrors ZwECADComponentLibraryPathListAdd(int count, const szwEcadComponentLibraryPathData *pathList)
ZwECADComponentLibraryPathListDelete	zwapi_ecad.h	36		ezwErrors ZwECADComponentLibraryPathListDelete(int count, const szwEcadComponentLibraryPathData *pathData, int isFuzzyMatching)
ZwECADComponentLibraryPathListGet	zwapi_ecad.h	21		ezwErrors ZwECADComponentLibraryPathListGet(int *count, szwEcadComponentLibraryPathData **pathList)
ZwECADComponentLibraryPathListSet	zwapi_ecad.h	27		ezwErrors ZwECADComponentLibraryPathListSet(int count, const szwEcadComponentLibraryPathData *pathList)
ZwECADComponentLibraryPathMove	zwapi_ecad.h	33		ezwErrors ZwECADComponentLibraryPathMove(szwEcadComponentLibraryPathData pathData, ezwEcadComponentLibraryPathMove upOrDown, int isFuzzyMatching)
ZwECADComponentLibraryPathSubDirectorySet	zwapi_ecad.h	39		ezwErrors ZwECADComponentLibraryPathSubDirectorySet(szwEcadComponentLibraryPathData pathData, int isIncludeSubDirectories, int isFuzzyMatching)
ZwECADExportIDFLastDataFree	zwapi_ecad.h	60		ezwErrors ZwECADExportIDFLastDataFree(szwIDFExportInformation *data)
ZwECADExportIDFLastDataGet	zwapi_ecad.h	57		ezwErrors ZwECADExportIDFLastDataGet(szwIDFExportInformation *data)
ZwECADImportIDFLastDataFree	zwapi_ecad.h	54		ezwErrors ZwECADImportIDFLastDataFree(szwIDFImportInformation *data)
ZwECADImportIDFLastDataGet	zwapi_ecad.h	51		ezwErrors ZwECADImportIDFLastDataGet(szwIDFImportInformation *data)
ZwECADMarkBaselineCreate	zwapi_ecad.h	63		ezwErrors ZwECADMarkBaselineCreate()
ZwECADMarkBaselineExistStateGet	zwapi_ecad.h	66		ezwErrors ZwECADMarkBaselineExistStateGet(int *isExist)
ZwEcadAssemblyTreeAttributeGet	zwapi_ecad.h	69		ezwErrors ZwEcadAssemblyTreeAttributeGet(szwEntityHandle componentHandle, ezwEcadAssemblyTreeAttributeType type, int nTextBytes, char *text)
ZwEcadIncrementExport	zwapi_ecad.h	75		ezwErrors ZwEcadIncrementExport(szwEcadIncrementExportOptions options, const zwPath path)
ZwEcadIncrementExportInit	zwapi_ecad.h	72		ezwErrors ZwEcadIncrementExportInit(szwEcadIncrementExportOptions *options)
ZwEcadIncrementExportOptionsFree	zwapi_ecad.h	78		ezwErrors ZwEcadIncrementExportOptionsFree(szwEcadIncrementExportOptions *options)
ZwEcadIncrementImport	zwapi_ecad.h	84		ezwErrors ZwEcadIncrementImport(szwEcadIncrementImportOptions options, const zwPath path)
ZwEcadIncrementImportInit	zwapi_ecad.h	81		ezwErrors ZwEcadIncrementImportInit(const zwPath incrementalFile, szwEcadIncrementImportOptions *options)
ZwEcadIncrementImportOptionsFree	zwapi_ecad.h	87		ezwErrors ZwEcadIncrementImportOptionsFree(szwEcadIncrementImportOptions *options)
ZwEdgeConvexityGet	zwapi_edge.h	45		ezwErrors ZwEdgeConvexityGet(szwEntityHandle edgeHandle, ezwEdgeConvexityType *convexity)
ZwEdgeCurveGet	zwapi_edge.h	30		ezwErrors ZwEdgeCurveGet(szwEntityHandle edgeHandle, szwEntityHandle *curveHandle)
ZwEdgeDiscreteDataFree	zwapi_edge.h	42		ezwErrors ZwEdgeDiscreteDataFree(szwEdgeDiscreteData *data)
ZwEdgeDiscreteDataGet	zwapi_edge.h	39		ezwErrors ZwEdgeDiscreteDataGet(szwRefineFacets refineData, int *number, szwEdgeDiscreteData **discreteData)
ZwEdgeFaceListGet	zwapi_edge.h	27		ezwErrors ZwEdgeFaceListGet(szwEntityHandle edgeHandle, int *countFace, szwEntityHandle **faceList)
ZwEdgeLoopGet	zwapi_edge.h	21		ezwErrors ZwEdgeLoopGet(szwEntityHandle face, szwEntityHandle edge, szwEntityHandle *loop)
ZwEdgeNURBSDataGet	zwapi_edge.h	33		ezwErrors ZwEdgeNURBSDataGet(szwEntityHandle edgeHandle, const szwEntityHandle *faceHandle, szwCurve *curve)
ZwEdgePreEdgeListGet	zwapi_edge.h	24		ezwErrors ZwEdgePreEdgeListGet(szwEntityHandle edge, int *count, szwEntityHandle **preedgeList)
ZwEdgeTypeGet	zwapi_edge.h	15		ezwErrors ZwEdgeTypeGet(szwEntityHandle edgeHandle, ezwEdgeType *edgeType)
ZwEntityActivate	zwapi_entity.h	56		ezwErrors ZwEntityActivate(szwEntityHandle newHandle, int updateGUI, szwEntityHandle *oldHandle)
ZwEntityActiveGet	zwapi_entity.h	53		ezwErrors ZwEntityActiveGet(szwEntityHandle *entityHandle)
ZwEntityAutoRegen	zwapi_entity.h	269		ezwErrors ZwEntityAutoRegen(ezwEntityRegenMode regenMode, int prompt)
ZwEntityBlankGet	zwapi_entity.h	83		ezwErrors ZwEntityBlankGet(szwEntityHandle entity, int *blanked)
ZwEntityBlankSet	zwapi_entity.h	77		ezwErrors ZwEntityBlankSet(int count, const szwEntityHandle *entityList, int blank)
ZwEntityBoundingBoxGet	zwapi_entity.h	215		ezwErrors ZwEntityBoundingBoxGet(szwEntityHandle entityHandle, ezwCoordinateType coordinateSystemType, szwMatrix matrix, szwBoundingBox *box)
ZwEntityColorGet	zwapi_entity.h	113		ezwErrors ZwEntityColorGet(szwEntityHandle entityHandle, ezwColor *color)
ZwEntityColorRgbGet	zwapi_entity.h	122		ezwErrors ZwEntityColorRgbGet(szwEntityHandle entityHandle, szwColor *color)
ZwEntityColorRgbSet	zwapi_entity.h	125		ezwErrors ZwEntityColorRgbSet(szwColor color, int count, const szwEntityHandle *entityHandleList)
ZwEntityColorSet	zwapi_entity.h	119		ezwErrors ZwEntityColorSet(ezwColor color, int count, const szwEntityHandle *entityHandleList)
ZwEntityCompactBoundingBoxGet	zwapi_entity.h	218		ezwErrors ZwEntityCompactBoundingBoxGet(szwEntityHandle entity, szwBoundingBox *boundingBox)
ZwEntityCreateGet	zwapi_entity.h	16		ezwErrors ZwEntityCreateGet(int operation, ezwEntityType type, szwEntityHandle *entity)
ZwEntityCreateGetAll	zwapi_entity.h	25		ezwErrors ZwEntityCreateGetAll(int operation, ezwEntityType type, int *count, szwEntityHandle **entityList)
ZwEntityCreateListGet	zwapi_entity.h	22		ezwErrors ZwEntityCreateListGet(int operation, ezwEntityType type, int *count, szwEntityHandle **entityList)
ZwEntityCriticalPointCheck	zwapi_entity.h	155		ezwErrors ZwEntityCriticalPointCheck(szwEntityHandle curveHandle, szwPoint point, int *isCritical)
ZwEntityCriticalPointInfoGet	zwapi_entity.h	221		ezwErrors ZwEntityCriticalPointInfoGet(szwEntityHandle entityHandle, int *count, szwEntityCriticalPointInfo **infoList)
ZwEntityCurveCheck	zwapi_entity.h	161		ezwErrors ZwEntityCurveCheck(szwEntityHandle entityHandle, int *isCurve)
ZwEntityDelete	zwapi_entity.h	62		ezwErrors ZwEntityDelete(szwEntityHandle entityHandle)
ZwEntityDistanceGet	zwapi_entity.h	291		ezwErrors ZwEntityDistanceGet(szwEntityHandle entity1, szwEntityHandle entity2, szwPoint *point1, szwPoint *point2, double *distance)
ZwEntityElectrodeCheck	zwapi_entity.h	164		ezwErrors ZwEntityElectrodeCheck(szwEntityHandle entityHandle, int *isElectrode)
ZwEntityErase	zwapi_entity.h	65		ezwErrors ZwEntityErase(szwEntityHandle entityHandle)
ZwEntityExistenceCheck	zwapi_entity.h	86		ezwErrors ZwEntityExistenceCheck(szwEntityHandle entity, ezwEntityType type, int *exist)
ZwEntityFrontPickStateGet	zwapi_entity.h	95		ezwErrors ZwEntityFrontPickStateGet(int *isFrontPickOn)
ZwEntityFrontPickStateSet	zwapi_entity.h	92		ezwErrors ZwEntityFrontPickStateSet(int isFrontPickOn)
ZwEntityGetByCurrentView	zwapi_entity.h	50		ezwErrors ZwEntityGetByCurrentView(int crossBoundary, int *count, szwEntityHandle **entityList)
ZwEntityGetByNameAndType	zwapi_entity.h	47		ezwErrors ZwEntityGetByNameAndType(const zwString32 name, ezwEntityType type, szwEntityHandle *entityHandle)
ZwEntityGetByPick	zwapi_entity.h	28		ezwErrors ZwEntityGetByPick(const char *prompt, ezwEntityInputOption option, int emptyOk, szwEntityHandle *handle)
ZwEntityGetByPickWithMultipleFilter	zwapi_entity.h	35		ezwErrors ZwEntityGetByPickWithMultipleFilter(const char *prompt, int optionCount, ezwEntityInputOption *optionList, int emptyOk, szwEntityHandle *handle)
ZwEntityGetByPoint	zwapi_entity.h	44		ezwErrors ZwEntityGetByPoint(ezwEntityFind entityType, szwPoint referencePoint, szwEntityHandle *entityHandle, szwPoint *point, double *distance)
ZwEntityGetByUniqueId	zwapi_entity.h	266		ezwErrors ZwEntityGetByUniqueId(szwEntityIdentifier entityId, szwEntityHandle *entityHandle)
ZwEntityHandleCopy	zwapi_entity.h	245		ezwErrors ZwEntityHandleCopy(szwEntityHandle inputEntityHandle, szwEntityHandle *outputEntityHandle)
ZwEntityHandleFree	zwapi_entity.h	248		ezwErrors ZwEntityHandleFree(szwEntityHandle *entityHandle)
ZwEntityHandleListFree	zwapi_entity.h	251		ezwErrors ZwEntityHandleListFree(int count, szwEntityHandle **entityList)
ZwEntityHighLightStateGet	zwapi_entity.h	294		ezwErrors ZwEntityHighLightStateGet(szwEntityHandle entityHandle, int *isHightLight)
ZwEntityHighlight	zwapi_entity.h	143		ezwErrors ZwEntityHighlight(szwEntityHandle entityHandle)
ZwEntityHighlightWithColor	zwapi_entity.h	137		ezwErrors ZwEntityHighlightWithColor(szwEntityHandle entity, const szwColor *color)
ZwEntityIdGet	zwapi_entity.h	254		ezwErrors ZwEntityIdGet(int count, const szwEntityHandle *handleList, int *entityIdList)
ZwEntityIdTransfer	zwapi_entity.h	236		ezwErrors ZwEntityIdTransfer(int count, const int *indexes, szwEntityHandle *entityHandles)
ZwEntityLayerGet	zwapi_entity.h	200		ezwErrors ZwEntityLayerGet(szwEntityHandle entityHandle, szwEntityHandle *layerHandle)
ZwEntityListDelete	zwapi_entity.h	68		ezwErrors ZwEntityListDelete(int count, const szwEntityHandle *entityList)
ZwEntityListErase	zwapi_entity.h	71		ezwErrors ZwEntityListErase(int count, const szwEntityHandle *entityList)
ZwEntityListGetByPick	zwapi_entity.h	38		ezwErrors ZwEntityListGetByPick(const char *prompt, ezwEntityInputOption option, int emptyOk, int *count, szwEntityHandle **handleList)
ZwEntityListGetByPickWithMultipleFilter	zwapi_entity.h	41		ezwErrors ZwEntityListGetByPickWithMultipleFilter(const char *prompt, int optionCount, ezwEntityInputOption *optionList, int emptyOk, int *count, szwEntityHandle **handleList)
ZwEntityListZoomTo	zwapi_entity.h	74		ezwErrors ZwEntityListZoomTo(int count, const szwEntityHandle *entityList, double extraScale)
ZwEntityMaterialNameGroupGet	zwapi_entity.h	303		ezwErrors ZwEntityMaterialNameGroupGet(const szwEntityHandle *entityHandle, szwMaterialNameGroup *materialNameGroup)
ZwEntityMaterialSet	zwapi_entity.h	300		ezwErrors ZwEntityMaterialSet(const szwEntityHandle *entityHandle, szwMaterialSetData materialSetData)
ZwEntityMatrixGet	zwapi_entity.h	203		ezwErrors ZwEntityMatrixGet(szwEntityHandle entityHandle, szwMatrix *matrix)
ZwEntityMatrixSet	zwapi_entity.h	209		ezwErrors ZwEntityMatrixSet(szwEntityHandle entityHandle, szwMatrix matrix)
ZwEntityMaxDistanceGet	zwapi_entity.h	297		ezwErrors ZwEntityMaxDistanceGet(szwEntityHandle entity1, szwEntityHandle entity2, szwPoint *point1, szwPoint *point2, double *distance)
ZwEntityNameGet	zwapi_entity.h	233		ezwErrors ZwEntityNameGet(szwEntityHandle entityHandle, int nBytes, char *name)
ZwEntityNameSet	zwapi_entity.h	188		ezwErrors ZwEntityNameSet(szwEntityHandle entityHandle, const zwString32 name)
ZwEntityNameTagGet	zwapi_entity.h	194		ezwErrors ZwEntityNameTagGet(szwEntityHandle entity, char *nameTag, int size)
ZwEntityNameTagGetAll	zwapi_entity.h	197		ezwErrors ZwEntityNameTagGetAll(int *count, zwString256 **nameTags)
ZwEntityNameTagSet	zwapi_entity.h	191		ezwErrors ZwEntityNameTagSet(szwEntityHandle entity, const char *nameTag)
ZwEntityParentFeatureGet	zwapi_entity.h	212		ezwErrors ZwEntityParentFeatureGet(szwEntityHandle entityHandle, szwEntityHandle *featureHandle)
ZwEntityParentGet	zwapi_entity.h	227		ezwErrors ZwEntityParentGet(szwEntityHandle entityHandle, szwEntityHandle *parentHandle)
ZwEntityParentSketchGet	zwapi_entity.h	224		ezwErrors ZwEntityParentSketchGet(szwEntityHandle entityHandle, szwEntityHandle *sketchHandle)
ZwEntityPathGet	zwapi_entity.h	257		ezwErrors ZwEntityPathGet(int count, const szwEntityHandle *handleList, svxEntPath *entityPathList)
ZwEntityPathTransfer	zwapi_entity.h	242		ezwErrors ZwEntityPathTransfer(int count, const svxEntPath *entityPaths, szwEntityHandle *entityHandles)
ZwEntityPickListAdd	zwapi_entity.h	110		ezwErrors ZwEntityPickListAdd(int entityCount, const szwEntityHandle *entityList)
ZwEntityPickListGet	zwapi_entity.h	98		ezwErrors ZwEntityPickListGet(int *count, szwEntityHandle **entityList)
ZwEntityPlayedStateGet	zwapi_history.h	49		ezwErrors ZwEntityPlayedStateGet(szwEntityHandle entityHandle, int *isPlayed)
ZwEntityPointMinDistanceGet	zwapi_entity.h	173		ezwErrors ZwEntityPointMinDistanceGet(szwEntityHandle entityHandle, szwPoint point, szwPoint *targetPoint, double *distance)
ZwEntityProjectToPlaneAreaGet	zwapi_math.h	56		ezwErrors ZwEntityProjectToPlaneAreaGet(szwProjectAreaOption option, szwProjectAreaProp *areaProp)
ZwEntityProjectionPointGet	zwapi_entity.h	167		ezwErrors ZwEntityProjectionPointGet(szwEntityHandle entityHandle, szwPoint point, szwPoint *projPoint)
ZwEntityReferenceDrawingGeometryGetAll	zwapi_entity.h	282		ezwErrors ZwEntityReferenceDrawingGeometryGetAll(szwEntityHandle entityHandle, zwPath fileName, zwRootName rootName, int *countSheet, szwReferenceSheetGeometryList **referenceList)
ZwEntityReferenceDrawingGeometryGetBySheet	zwapi_entity.h	279		ezwErrors ZwEntityReferenceDrawingGeometryGetBySheet(szwEntityHandle entityHandle, zwPath fileName, zwRootName rootName, int sheetCount, szwEntityHandle *sheetHandleList, int *countSheet, szwReferenceSheetGeometryList **referenceList)
ZwEntityReferenceDrawingGeometryGetByView	zwapi_entity.h	276		ezwErrors ZwEntityReferenceDrawingGeometryGetByView(szwEntityHandle entityHandle, zwPath fileName, zwRootName rootName, int viewCount, szwEntityHandle *viewHandleList, int *countView, szwReferenceViewGeometryList **referenceList)
ZwEntityReferenceFileNameGet	zwapi_entity.h	176		ezwErrors ZwEntityReferenceFileNameGet(szwEntityHandle entityHandle, int fileSize, char *fileName, int rootSize, char *rootName)
ZwEntityReferenceGet	zwapi_entity.h	230		ezwErrors ZwEntityReferenceGet(szwEntityHandle referenceHandle, szwEntityHandle *handle)
ZwEntityReferenceSheetGeometryListFree	zwapi_entity.h	288		ezwErrors ZwEntityReferenceSheetGeometryListFree(int countData, szwReferenceSheetGeometryList **referenceList)
ZwEntityReferenceViewGeometryListFree	zwapi_entity.h	285		ezwErrors ZwEntityReferenceViewGeometryListFree(int countData, szwReferenceViewGeometryList **referenceList)
ZwEntityShapeGet	zwapi_entity.h	170		ezwErrors ZwEntityShapeGet(szwEntityHandle entityHandle, szwEntityHandle *shapeHandle)
ZwEntitySuppressGet	zwapi_entity.h	89		ezwErrors ZwEntitySuppressGet(szwEntityHandle handle, int *suppress)
ZwEntityTemporaryColorRgbSet	zwapi_entity.h	128		ezwErrors ZwEntityTemporaryColorRgbSet(szwColor color, int count, szwEntityHandle *entityHandleList)
ZwEntityTransformMatrixGet	zwapi_entity.h	206		ezwErrors ZwEntityTransformMatrixGet(szwEntityHandle entityHandle, szwMatrix *matrix)
ZwEntityTransparencyGet	zwapi_entity.h	134		ezwErrors ZwEntityTransparencyGet(szwEntityHandle entityHandle, int *transparency)
ZwEntityTransparencySet	zwapi_entity.h	131		ezwErrors ZwEntityTransparencySet(int transparency, int count, const szwEntityHandle *entityHandleList)
ZwEntityTypeNameGet	zwapi_entity.h	179		ezwErrors ZwEntityTypeNameGet(ezwEntityType typeNumber, int nameSize, char *typeName)
ZwEntityTypeNumberGet	zwapi_entity.h	185		ezwErrors ZwEntityTypeNumberGet(szwEntityHandle entityHandle, ezwEntityType *type)
ZwEntityUnHighlight	zwapi_entity.h	146		ezwErrors ZwEntityUnHighlight(szwEntityHandle entityHandle)
ZwEntityUnPick	zwapi_entity.h	107		ezwErrors ZwEntityUnPick(szwEntityHandle entityHandle)
ZwEntityUnPickAll	zwapi_entity.h	101		ezwErrors ZwEntityUnPickAll()
ZwEntityUnPickLast	zwapi_entity.h	104		ezwErrors ZwEntityUnPickLast()
ZwEntityUnhighlightAll	zwapi_entity.h	140		ezwErrors ZwEntityUnhighlightAll()
ZwEntityUniqueIdGet	zwapi_entity.h	260		ezwErrors ZwEntityUniqueIdGet(szwEntityHandle entityHandle, szwEntityIdentifier *entityId)
ZwEntityUserAttributeDelete	zwapi_attribute.h	102		ezwErrors ZwEntityUserAttributeDelete(szwEntityHandle entityHandle, int strictFlag, int count, const zwString64 *nameList)
ZwEntityUserAttributeGet	zwapi_attribute.h	92		ezwErrors ZwEntityUserAttributeGet(szwEntityHandle entityHandle, const zwString64 attributeName, int *count, szwUserAttribute **attributeList)
ZwEntityUserAttributeSet	zwapi_attribute.h	99		ezwErrors ZwEntityUserAttributeSet(szwEntityHandle entityHandle, int count, const szwUserAttribute *attributeList)
ZwEnvironmentReactorSet	zwapi_global_apply.h	230		ezwErrors ZwEnvironmentReactorSet(szwEnvironmentReactorData data)
ZwEquationManagerDimensionDataGet	zwapi_equationmanager.h	28		ezwErrors ZwEquationManagerDimensionDataGet(const zwString256 dimensionName, szwEquationDimensionData *dimensionData)
ZwEquationManagerDimensionDataListGet	zwapi_equationmanager.h	25		ezwErrors ZwEquationManagerDimensionDataListGet(int *countDimension, szwEquationDimensionData **dimensionList)
ZwEquationManagerDimensionDataSet	zwapi_equationmanager.h	31		ezwErrors ZwEquationManagerDimensionDataSet(const zwString256 dimensionName, szwEquationDimensionData dimensionData)
ZwEquationManagerDimensionListEnlist	zwapi_equationmanager.h	13		ezwErrors ZwEquationManagerDimensionListEnlist(int countDimension, const szwEntityHandle *dimensionList)
ZwEquationManagerDimensionListGet	zwapi_equationmanager.h	22		ezwErrors ZwEquationManagerDimensionListGet(int *countDimension, szwEntityHandle **dimensionList)
ZwEquationManagerDimensionListUnenlist	zwapi_equationmanager.h	19		ezwErrors ZwEquationManagerDimensionListUnenlist(int countDimension, const zwString256 *dimensionList)
ZwEquationManagerEquationsExport	zwapi_equationmanager.h	34		ezwErrors ZwEquationManagerEquationsExport(const zwString256 filePath, const zwString256 fileName)
ZwEquationManagerFileLink	zwapi_equationmanager.h	37		ezwErrors ZwEquationManagerFileLink(const zwString256 file)
ZwEquationManagerFileUnlink	zwapi_equationmanager.h	40		ezwErrors ZwEquationManagerFileUnlink()
ZwEulerAngleToMatrix	zwapi_matrix.h	60		ezwErrors ZwEulerAngleToMatrix(ezwEulerAngleSequence sequenceType, szwEulerMatrix eulerData, szwMatrix *resultMatrix)
ZwExternalFeatureFileAndRootNameGet	zwapi_dataexchange.h	14		ezwErrors ZwExternalFeatureFileAndRootNameGet(szwEntityHandle featureHandle, int nFileBytes, char *fileName, int nRootBytes, char *rootName)
ZwExternalGeometryCopyCreate	zwapi_dataexchange.h	45		ezwErrors ZwExternalGeometryCopyCreate(szwExternalGeometryCopyData data, szwEntityHandle *featureHandle)
ZwExternalGeometryCopyDataFree	zwapi_dataexchange.h	54		ezwErrors ZwExternalGeometryCopyDataFree(szwExternalGeometryCopyData *data)
ZwExternalGeometryCopyDataGet	zwapi_dataexchange.h	51		ezwErrors ZwExternalGeometryCopyDataGet(szwEntityHandle featureHandle, szwExternalGeometryCopyData *data)
ZwExternalGeometryCopyDataSet	zwapi_dataexchange.h	48		ezwErrors ZwExternalGeometryCopyDataSet(szwEntityHandle featureHandle, szwExternalGeometryCopyData data)
ZwExternalGeometryCopyInit	zwapi_dataexchange.h	42		ezwErrors ZwExternalGeometryCopyInit(ezwExternalGeometryCopyType copyType, szwExternalGeometryCopyData *data)
ZwExternalPartImport	zwapi_dataexchange.h	20		ezwErrors ZwExternalPartImport(szwPartImportData data, int *count, szwEntityHandle **shapeList)
ZwFace3DSurfaceDataGet	zwapi_face.h	161		ezwErrors ZwFace3DSurfaceDataGet(szwFace3DSurfaceMeasureInputData settings, szwFace3DSurfaceMeasureOutputData *results)
ZwFaceAreaGet	zwapi_face.h	40		ezwErrors ZwFaceAreaGet(szwEntityHandle face, double tolerance, double *area)
ZwFaceCenterCurveGet	zwapi_face.h	108		ezwErrors ZwFaceCenterCurveGet(int countFace, const szwEntityHandle *faceList, int extractAxis, int *countEntity, szwEntityHandle **entityList)
ZwFaceConcaveCheck	zwapi_face.h	146		ezwErrors ZwFaceConcaveCheck(szwEntityHandle faceHandle, int *isConcave)
ZwFaceConnectedEdgeGet	zwapi_face.h	84		ezwErrors ZwFaceConnectedEdgeGet(int nSeeds, const szwEntityHandle *seedFaceHandles, ezwEdgeLoopType type, int *count, szwEntityHandle **edgeHandles)
ZwFaceConnectedFaceGet	zwapi_face.h	81		ezwErrors ZwFaceConnectedFaceGet(int nSeeds, const szwEntityHandle *seedFaceHandles, szwFaceFindAttribute findData, int *count, szwEntityHandle **faceHandles)
ZwFaceContinuityGet	zwapi_face.h	126		ezwErrors ZwFaceContinuityGet(szwEntityHandle face1, szwEntityHandle face2, int nSample, szwSurfaceContinuityTolerance tolerance, int *nContinuityData, szwSurfaceContinuityData **data)
ZwFaceContinuityToleranceInit	zwapi_face.h	123		ezwErrors ZwFaceContinuityToleranceInit(szwSurfaceContinuityTolerance *data)
ZwFaceCurvatureDataGet	zwapi_face.h	155		ezwErrors ZwFaceCurvatureDataGet(szwEntityHandle faceHandle, szwSurfaceLocation location, szwSurfaceCurvatureData *curvatureData)
ZwFaceCylinderGeometricInformationGet	zwapi_face.h	132		ezwErrors ZwFaceCylinderGeometricInformationGet(szwEntityHandle face, double *radius, double *height, szwPoint *bottomPnt, szwPoint *topPnt, szwPoint *dir)
ZwFaceCylinderialCheck	zwapi_face.h	129		ezwErrors ZwFaceCylinderialCheck(szwEntityHandle face, int *flag)
ZwFaceDataTransform	zwapi_face.h	43		ezwErrors ZwFaceDataTransform(szwMatrix inputMatrix, szwSurface *surface)
ZwFaceDiameterGetByUVparameter	zwapi_face.h	61		ezwErrors ZwFaceDiameterGetByUVparameter(szwSurface surface, double U, double V, double *diameter)
ZwFaceDisplayAttributeGet	zwapi_face.h	90		ezwErrors ZwFaceDisplayAttributeGet(szwEntityHandle face, szwFaceDisplayAttribute *attribute)
ZwFaceDisplayAttributeSet	zwapi_face.h	96		ezwErrors ZwFaceDisplayAttributeSet(int count, const szwEntityHandle *faceList, szwFaceDisplayAttribute attribute)
ZwFaceDisplayAttributeSetInit	zwapi_face.h	99		ezwErrors ZwFaceDisplayAttributeSetInit(szwFaceDisplayAttribute *data)
ZwFaceEdgeListGet	zwapi_face.h	34		ezwErrors ZwFaceEdgeListGet(szwEntityHandle face, int *count, szwEntityHandle **edgeList)
ZwFaceEvaluateGeometryGet	zwapi_face.h	143		ezwErrors ZwFaceEvaluateGeometryGet(szwEntityHandle faceHandle, double U, double V, int level, szwEvaluateSurfaceResult *evalSrf)
ZwFaceExternThreadDataGet	zwapi_face.h	28		ezwErrors ZwFaceExternThreadDataGet(szwEntityHandle face, szwExternThreadData *data)
ZwFaceFacetsDataFree	zwapi_face.h	117		ezwErrors ZwFaceFacetsDataFree(szwFacets *facetsData)
ZwFaceFacetsGet	zwapi_face.h	111		ezwErrors ZwFaceFacetsGet(szwRefineFacets refineData, szwFacets *facetsData)
ZwFaceGeometryDataFree	zwapi_face.h	73		ezwErrors ZwFaceGeometryDataFree(szwFaceGeometry *faceGeom)
ZwFaceGeometryDataGet	zwapi_face.h	70		ezwErrors ZwFaceGeometryDataGet(szwEntityHandle face, szwFaceGeometry *faceGeom)
ZwFaceListFacetsGet	zwapi_face.h	114		ezwErrors ZwFaceListFacetsGet(szwRefineFacetsOfMultiFace refineData, int *countFacets, szwFacets **facetsDataList)
ZwFaceLoopListGet	zwapi_face.h	37		ezwErrors ZwFaceLoopListGet(szwEntityHandle face, int inner, int *count, szwEntityHandle **loopList)
ZwFaceMeshCreate	zwapi_face.h	64		ezwErrors ZwFaceMeshCreate(szwFaceMeshData data, szwFaceMeshResult *meshList)
ZwFaceMeshDataFree	zwapi_face.h	67		ezwErrors ZwFaceMeshDataFree(szwFaceMeshResult *meshList)
ZwFacePointGetByBoundingBoxCenter	zwapi_point.h	62		ezwErrors ZwFacePointGetByBoundingBoxCenter(szwEntityHandle faceHandle, double parameter[2], szwPoint *point)
ZwFacePointGetByUV	zwapi_face.h	134		ezwErrors ZwFacePointGetByUV(szwEntityHandle faceHandle, double U, double V, szwPoint *point, szwVector *normalDirection, szwVector *uTangent, szwVector *vTangent)
ZwFacePointGetByUVparameter	zwapi_face.h	55		ezwErrors ZwFacePointGetByUVparameter(szwSurface surface, double U, double V, szwPoint *point, szwVector *normalDirection, szwVector *uTangent, szwVector *vTangent)
ZwFacePointOnFaceLocation	zwapi_face.h	158		ezwErrors ZwFacePointOnFaceLocation(szwEntityHandle faceHandle, double u, double v, ezwPointOnFaceLocation *location)
ZwFacePoleCheck	zwapi_face.h	46		ezwErrors ZwFacePoleCheck(szwSurface surface, double tolerance, int poles[4], int *isPoleFind)
ZwFacePoleGet	zwapi_face.h	49		ezwErrors ZwFacePoleGet(szwSurface surface, szwPoint direction, szwPoint *point)
ZwFaceRadialIntegrityGet	zwapi_face.h	149		ezwErrors ZwFaceRadialIntegrityGet(szwEntityHandle faceHandle, double *uRatio, double *vRatio)
ZwFaceReverseUV	zwapi_face.h	152		ezwErrors ZwFaceReverseUV(int numFaces, const szwEntityHandle *faceHandleList)
ZwFaceSelfIntersectionCheck	zwapi_face.h	52		ezwErrors ZwFaceSelfIntersectionCheck(szwEntityHandle face, double tolerance, int *intersecting)
ZwFaceShapeGet	zwapi_face.h	17		ezwErrors ZwFaceShapeGet(szwEntityHandle face, szwEntityHandle *shape)
ZwFaceSurfaceDataGet	zwapi_face.h	22		ezwErrors ZwFaceSurfaceDataGet(szwEntityHandle faceHandle, szwSurface *data)
ZwFaceTextureAttributeGet	zwapi_face.h	120		ezwErrors ZwFaceTextureAttributeGet(szwEntityHandle faceHandle, szwTextureAttribute *texture)
ZwFaceThreadDataGet	zwapi_face.h	31		ezwErrors ZwFaceThreadDataGet(szwEntityHandle face, szwThreadData *data)
ZwFaceUVGetByPointProject	zwapi_face.h	140		ezwErrors ZwFaceUVGetByPointProject(szwEntityHandle faceHandle, szwPoint point, double *U, double *V)
ZwFaceUVLimitGet	zwapi_face.h	137		ezwErrors ZwFaceUVLimitGet(szwEntityHandle faceHandle, szwLimit *U, szwLimit *V)
ZwFeatureAddMultipleShapeCreate	zwapi_feature_shape.h	48		ezwErrors ZwFeatureAddMultipleShapeCreate(szwBoolData data)
ZwFeatureAddShapeCreate	zwapi_feature_shape.h	51		ezwErrors ZwFeatureAddShapeCreate(szwBoolData data)
ZwFeatureArcCreate	zwapi_feature_wireframe.h	84		ezwErrors ZwFeatureArcCreate(szwArcData data, szwEntityHandle *handle)
ZwFeatureArcCreateByAngle	zwapi_feature_wireframe.h	93		ezwErrors ZwFeatureArcCreateByAngle(szwEntityHandle plane, double radius, double startAngle, double endAngle, szwEntityHandle *arcHandle)
ZwFeatureArcCreateByThrough	zwapi_feature_wireframe.h	90		ezwErrors ZwFeatureArcCreateByThrough(szwPoint startPoint, szwPoint endPoint, szwPoint midPoint, szwEntityHandle *arcHandle)
ZwFeatureArcDataInit	zwapi_feature_wireframe.h	81		ezwErrors ZwFeatureArcDataInit(ezw3DArcType type, szwArcData *data)
ZwFeatureAssociateFaceListGet	zwapi_feature_general.h	35		ezwErrors ZwFeatureAssociateFaceListGet(szwEntityHandle featureHandle, int *count, szwEntityHandle **faceList)
ZwFeatureBalloonDiscreteDataFree	zwapi_pmi.h	173		ezwErrors ZwFeatureBalloonDiscreteDataFree(szwFeatureBalloonDiscreteData *data)
ZwFeatureBalloonDiscreteDataGet	zwapi_pmi.h	170		ezwErrors ZwFeatureBalloonDiscreteDataGet(szwEntityHandle annotationBalloon, szwFeatureBalloonDiscreteData *data)
ZwFeatureBoolDataInit	zwapi_feature_shape.h	41		ezwErrors ZwFeatureBoolDataInit(szwBoolData *data)
ZwFeatureBoundingCreate	zwapi_pmi.h	245		ezwErrors ZwFeatureBoundingCreate(szwBoundingData data, szwEntityHandle *feature, szwBoundingSize *modelSize, szwBoundingSize *stockSize)
ZwFeatureBoundingDataFree	zwapi_pmi.h	254		ezwErrors ZwFeatureBoundingDataFree(szwBoundingData *data)
ZwFeatureBoundingDataGet	zwapi_pmi.h	248		ezwErrors ZwFeatureBoundingDataGet(szwEntityHandle feature, szwBoundingData *data)
ZwFeatureBoundingDataSet	zwapi_pmi.h	251		ezwErrors ZwFeatureBoundingDataSet(szwEntityHandle feature, szwBoundingData data)
ZwFeatureBoundingReferenceLineGet	zwapi_pmi.h	134		ezwErrors ZwFeatureBoundingReferenceLineGet(szwEntityHandle boundingHandle, int *countCurve, szwEntityHandle **curveList)
ZwFeatureBoxCreateByCenter	zwapi_feature_shape.h	26		ezwErrors ZwFeatureBoxCreateByCenter(szwCenterBoxData data, int *count, szwEntityHandle **handleList)
ZwFeatureCenterBoxDataInit	zwapi_feature_shape.h	23		ezwErrors ZwFeatureCenterBoxDataInit(szwCenterBoxData *data)
ZwFeatureChamferCreate	zwapi_feature_shape.h	106		ezwErrors ZwFeatureChamferCreate(szwChamferData data, szwEntityHandle *chamferFeatureHandle)
ZwFeatureChamferCreateByAngle	zwapi_cmd_shape.h	106	@deprecated	ezwErrors ZwFeatureChamferCreateByAngle(int edgeCount, const int *edgeList, int flip, double setback, double angle)
ZwFeatureChamferCreateByDistance	zwapi_cmd_shape.h	112		ezwErrors ZwFeatureChamferCreateByDistance(int edgeCount, const int *edgeList, int flip, double setback1, double setback2)
ZwFeatureChamferDataFree	zwapi_feature_shape.h	103		ezwErrors ZwFeatureChamferDataFree(szwChamferData *data)
ZwFeatureChamferDataInit	zwapi_feature_shape.h	100		ezwErrors ZwFeatureChamferDataInit(ezwChamferType type, szwChamferData *data)
ZwFeatureChildEntityListGet	zwapi_feature_general.h	29		ezwErrors ZwFeatureChildEntityListGet(szwEntityHandle featureHandle, ezwEntityType entityType, int *count, szwEntityHandle **entityList)
ZwFeatureCircleCreateByRadius	zwapi_feature_wireframe.h	87		ezwErrors ZwFeatureCircleCreateByRadius(szwEntityHandle plane, double radius, szwEntityHandle *circleHandle)
ZwFeatureConcatenateCurveCreate	zwapi_feature_wireframe.h	157		ezwErrors ZwFeatureConcatenateCurveCreate(szwConcatenateCurveData data, szwEntityHandle *curveHandle)
ZwFeatureCopyCreate	zwapi_feature_shape.h	73		ezwErrors ZwFeatureCopyCreate(szwCopyData data, szwEntityHandle *handle)
ZwFeatureCopyDataInit	zwapi_feature_shape.h	70		ezwErrors ZwFeatureCopyDataInit(ezwCopyType copyType, szwCopyData *data)
ZwFeatureCopyWithMultiMatrix	zwapi_feature_general.h	20		ezwErrors ZwFeatureCopyWithMultiMatrix(int inputCount, const szwEntityHandle *inputEntityList, const szwMatrix *matrixList, int *outputCount, szwEntityHandle **outputEntityList)
ZwFeatureCurveEquationAdd	zwapi_feature_wireframe.h	124		ezwErrors ZwFeatureCurveEquationAdd(const zwString64 newEquationName, szw3DCurveEquationData newData)
ZwFeatureCurveEquationDataGetByName	zwapi_feature_wireframe.h	115		ezwErrors ZwFeatureCurveEquationDataGetByName(const char *equationName, szw3DCurveEquationData *data)
ZwFeatureCurveEquationDelete	zwapi_feature_wireframe.h	127		ezwErrors ZwFeatureCurveEquationDelete(const zwString64 equationName)
ZwFeatureCurveEquationNameListGet	zwapi_feature_wireframe.h	112		ezwErrors ZwFeatureCurveEquationNameListGet(int *count, zwString64 **equationList)
ZwFeatureCurveEquationRename	zwapi_feature_wireframe.h	121		ezwErrors ZwFeatureCurveEquationRename(const zwString64 oldEquationName, const zwString64 newEquationName)
ZwFeatureCurveEquationSet	zwapi_feature_wireframe.h	118		ezwErrors ZwFeatureCurveEquationSet(const zwString64 equationName, szw3DCurveEquationData newData)
ZwFeatureCurvelistCreate	zwapi_feature_wireframe.h	14		ezwErrors ZwFeatureCurvelistCreate(int countCurve, const szwEntityHandle *curveList, szwEntityHandle *curvelistEntity)
ZwFeatureCylinderCreate	zwapi_feature_shape.h	112		ezwErrors ZwFeatureCylinderCreate(szwCylinderData data, szwEntityHandle *shapeHandle)
ZwFeatureCylinderDataInit	zwapi_feature_shape.h	109		ezwErrors ZwFeatureCylinderDataInit(szwCylinderData *data)
ZwFeatureEquationCurveCreate	zwapi_feature_wireframe.h	96		ezwErrors ZwFeatureEquationCurveCreate(szwEquation3DCurveData data, szwEntityHandle *equationCurve)
ZwFeatureEquationCurveDataFree	zwapi_feature_wireframe.h	109		ezwErrors ZwFeatureEquationCurveDataFree(szwEquation3DCurveData *data)
ZwFeatureEquationCurveDataGet	zwapi_feature_wireframe.h	103		ezwErrors ZwFeatureEquationCurveDataGet(szwEntityHandle equationCurve, szwEquation3DCurveData *data)
ZwFeatureEquationCurveDataSet	zwapi_feature_wireframe.h	106		ezwErrors ZwFeatureEquationCurveDataSet(szwEntityHandle equationCurve, szwEquation3DCurveData data)
ZwFeatureExternalGeometryCopyCreate	zwapi_feature_data_exchange.h	20		ezwErrors ZwFeatureExternalGeometryCopyCreate(szwExternalGeometryCopyData data, szwEntityHandle *featureHandle)
ZwFeatureExternalGeometryCopyInit	zwapi_feature_data_exchange.h	13		ezwErrors ZwFeatureExternalGeometryCopyInit(ezwExternalGeometryCopyType copyType, szwExternalGeometryCopyData *data)
ZwFeatureExtrudeCreate	zwapi_feature_shape.h	20		ezwErrors ZwFeatureExtrudeCreate(szwExtrudeData extrude, szwEntityHandle *shapeHandle)
ZwFeatureExtrudeInit	zwapi_feature_shape.h	14		ezwErrors ZwFeatureExtrudeInit(szwExtrudeData *extrude)
ZwFeatureFaceOffset	zwapi_feature_freeform.h	14		ezwErrors ZwFeatureFaceOffset(szwEntityHandle faceHandle, double distance, int keep)
ZwFeatureFilletCreate	zwapi_feature_shape.h	97		ezwErrors ZwFeatureFilletCreate(szwFilletData data, szwEntityHandle *filletFeatureHandle)
ZwFeatureFilletDataFree	zwapi_feature_shape.h	94		ezwErrors ZwFeatureFilletDataFree(szwFilletData *data)
ZwFeatureFilletDataInit	zwapi_feature_shape.h	91		ezwErrors ZwFeatureFilletDataInit(ezwFilletType type, szwFilletData *data)
ZwFeatureFilletWeldCreate	zwapi_weldments.h	26		ezwErrors ZwFeatureFilletWeldCreate(szwFilletWeldData data, szwEntityHandle *feature)
ZwFeatureFilletWeldInit	zwapi_weldments.h	20		ezwErrors ZwFeatureFilletWeldInit(szwFilletWeldData *data)
ZwFeatureGlobalLineAttributeGet	zwapi_feature_wireframe.h	148		ezwErrors ZwFeatureGlobalLineAttributeGet(szwFeatureLineAttribute *attribute)
ZwFeatureGlobalLineAttributeSet	zwapi_feature_wireframe.h	145		ezwErrors ZwFeatureGlobalLineAttributeSet(szwFeatureLineAttribute attribute)
ZwFeatureGlobalPointAttributeGet	zwapi_feature_wireframe.h	136		ezwErrors ZwFeatureGlobalPointAttributeGet(szwFeaturePointAttribute *attribute)
ZwFeatureGlobalPointAttributeSet	zwapi_feature_wireframe.h	130		ezwErrors ZwFeatureGlobalPointAttributeSet(szwFeaturePointAttribute attribute)
ZwFeatureGrooveWeldCreate	zwapi_weldments.h	32		ezwErrors ZwFeatureGrooveWeldCreate(szwGrooveWeldData data, szwEntityHandle *feature)
ZwFeatureGrooveWeldDataInit	zwapi_weldments.h	29		ezwErrors ZwFeatureGrooveWeldDataInit(ezwWeldGrooveType type, szwGrooveWeldData *data)
ZwFeatureIntersectShapeCreate	zwapi_feature_shape.h	57		ezwErrors ZwFeatureIntersectShapeCreate(szwBoolData data)
ZwFeatureLineAttributeGet	zwapi_feature_wireframe.h	154		ezwErrors ZwFeatureLineAttributeGet(szwEntityHandle line, szwFeatureLineAttribute *attribute)
ZwFeatureLineAttributeSet	zwapi_feature_wireframe.h	151		ezwErrors ZwFeatureLineAttributeSet(int count, const szwEntityHandle *lineList, szwFeatureLineAttribute attribute)
ZwFeatureLineCreate	zwapi_feature_wireframe.h	30		ezwErrors ZwFeatureLineCreate(szwLineData data, szwEntityHandle *handle)
ZwFeatureLineCreateBy2Point	zwapi_feature_wireframe.h	33		ezwErrors ZwFeatureLineCreateBy2Point(szwPoint start, szwPoint end, szwEntityHandle *handle)
ZwFeatureLineDataInit	zwapi_feature_wireframe.h	23		ezwErrors ZwFeatureLineDataInit(szwLineData *data)
ZwFeatureListGet	zwapi_feature_general.h	23		ezwErrors ZwFeatureListGet(int *countFeature, szwEntityHandle **featureList)
ZwFeatureLoftCreate	zwapi_feature_shape.h	32		ezwErrors ZwFeatureLoftCreate(szwLoftData data, int *count, szwEntityHandle **handleList)
ZwFeatureLoftDataInit	zwapi_feature_shape.h	29		ezwErrors ZwFeatureLoftDataInit(szwLoftData *data)
ZwFeatureMoveCreate	zwapi_feature_general.h	45		ezwErrors ZwFeatureMoveCreate(szwMoveData data, szwEntityHandle *moveHandle)
ZwFeatureMoveCreateByPointToPoint	zwapi_feature_general.h	48		ezwErrors ZwFeatureMoveCreateByPointToPoint(int count, const szwEntityHandle *handleList, szwPoint startPoint, szwPoint endPoint, const szwVector *startDirection, const szwVector *endDirection)
ZwFeatureMoveCreateByTransform	zwapi_feature_general.h	51		ezwErrors ZwFeatureMoveCreateByTransform(int count, const szwEntityHandle *handleList, szwMatrix matrix)
ZwFeatureMoveDataInit	zwapi_feature_general.h	38		ezwErrors ZwFeatureMoveDataInit(szwMoveData *data)
ZwFeaturePatternParameterTableRefresh	zwapi_feature_general.h	54		ezwErrors ZwFeaturePatternParameterTableRefresh(szwEntityHandle patternFeature)
ZwFeaturePointAttributeGet	zwapi_feature_wireframe.h	142		ezwErrors ZwFeaturePointAttributeGet(szwEntityHandle point, szwFeaturePointAttribute *attribute)
ZwFeaturePointAttributeSet	zwapi_feature_wireframe.h	139		ezwErrors ZwFeaturePointAttributeSet(int count, const szwEntityHandle *pointList, szwFeaturePointAttribute attribute)
ZwFeaturePointCloudFitFaceCreate	zwapi_point_cloud.h	21		ezwErrors ZwFeaturePointCloudFitFaceCreate(szwPointCloudFitFaceData data, szwEntityHandle *feature)
ZwFeaturePointsCreateByAbsolute	zwapi_feature_wireframe.h	36		ezwErrors ZwFeaturePointsCreateByAbsolute(int count, const szwPoint *points, szwEntityHandle **handleList)
ZwFeatureRectangleCreate	zwapi_feature_wireframe.h	42		ezwErrors ZwFeatureRectangleCreate(szwRectangleData rectangleData, int *count, szwEntityHandle **rectangle)
ZwFeatureRectangleDataInit	zwapi_feature_wireframe.h	39		ezwErrors ZwFeatureRectangleDataInit(szwRectangleData *data)
ZwFeatureRemoveShapeCreate	zwapi_feature_shape.h	54		ezwErrors ZwFeatureRemoveShapeCreate(szwBoolData data)
ZwFeatureRevolveCreate	zwapi_feature_shape.h	88		ezwErrors ZwFeatureRevolveCreate(szwRevolveData data, szwEntityHandle *shapeHandle)
ZwFeatureRevolveDataInit	zwapi_feature_shape.h	85		ezwErrors ZwFeatureRevolveDataInit(szwRevolveData *data)
ZwFeatureSilhouetteCurves	zwapi_feature_wireframe.h	19		ezwErrors ZwFeatureSilhouetteCurves(szwSilhouetteCurvesData data, int *count, szwEntityHandle **curves)
ZwFeatureSphereCreate	zwapi_feature_shape.h	67		ezwErrors ZwFeatureSphereCreate(szwSphereData data, int *count, szwEntityHandle **handleList)
ZwFeatureSphereDataInit	zwapi_feature_shape.h	60		ezwErrors ZwFeatureSphereDataInit(szwSphereData *data)
ZwFeatureSpiralHelixCreate	zwapi_feature_wireframe.h	51		ezwErrors ZwFeatureSpiralHelixCreate(szwSpiralHelix data, szwEntityHandle *spiral)
ZwFeatureSpiralHelixCreateInit	zwapi_feature_wireframe.h	45		ezwErrors ZwFeatureSpiralHelixCreateInit(szwSpiralHelix *data)
ZwFeatureSpiralHelixFree	zwapi_feature_wireframe.h	54		ezwErrors ZwFeatureSpiralHelixFree(szwSpiralHelix *data)
ZwFeatureSplitWithFace	zwapi_feature_freeform.h	23		ezwErrors ZwFeatureSplitWithFace(szwSplitWithFacesData data, int *count, szwEntityHandle **handle)
ZwFeatureSplitWithFaceDataInit	zwapi_feature_freeform.h	20		ezwErrors ZwFeatureSplitWithFaceDataInit(szwSplitWithFacesData *data)
ZwFeatureStockCreate	zwapi_feature_shape.h	82		ezwErrors ZwFeatureStockCreate(szwStockData data, szwEntityHandle *handle)
ZwFeatureStockDataInit	zwapi_feature_shape.h	76		ezwErrors ZwFeatureStockDataInit(szwStockData *data)
ZwFeatureSweptRodCreate	zwapi_feature_shape.h	38		ezwErrors ZwFeatureSweptRodCreate(szwSweptRodData data, int *count, szwEntityHandle **newShapes)
ZwFeatureSweptRodInit	zwapi_feature_shape.h	35		ezwErrors ZwFeatureSweptRodInit(szwSweptRodData *data)
ZwFeatureTangentContinuityCreate	zwapi_point_cloud.h	14		ezwErrors ZwFeatureTangentContinuityCreate(szwTangentContinuityData data, szwEntityHandle *feature)
ZwFeatureTextBalloonCreate	zwapi_pmi.h	107		ezwErrors ZwFeatureTextBalloonCreate(szwPoint textPoint, const char *text, int imageFlag, szwEntityHandle *dimension)
ZwFeatureTextBalloonListGet	zwapi_pmi.h	131		ezwErrors ZwFeatureTextBalloonListGet(int *countTextBalloon, szwEntityHandle **textBalloonList)
ZwFeatureTextCreate	zwapi_pmi.h	116		ezwErrors ZwFeatureTextCreate(szwPMIText data, szwEntityHandle *text)
ZwFeatureTextDataFree	zwapi_pmi.h	125		ezwErrors ZwFeatureTextDataFree(szwPMIText *data)
ZwFeatureTextDataGet	zwapi_pmi.h	119		ezwErrors ZwFeatureTextDataGet(szwEntityHandle text, szwPMIText *data)
ZwFeatureTextDataSet	zwapi_pmi.h	122		ezwErrors ZwFeatureTextDataSet(szwEntityHandle text, szwPMIText data)
ZwFeatureTextDiscreteDataFree	zwapi_pmi.h	167		ezwErrors ZwFeatureTextDiscreteDataFree(szwFeatureTextDiscreteData *data)
ZwFeatureTextDiscreteDataGet	zwapi_pmi.h	164		ezwErrors ZwFeatureTextDiscreteDataGet(szwEntityHandle annotationText, szwFeatureTextDiscreteData *data)
ZwFeatureTextInit	zwapi_pmi.h	113		ezwErrors ZwFeatureTextInit(szwPMIText *data)
ZwFeatureTextListGet	zwapi_pmi.h	128		ezwErrors ZwFeatureTextListGet(int *countText, szwEntityHandle **textList)
ZwFeatureTrimExtendCurveCreate	zwapi_feature_wireframe.h	63		ezwErrors ZwFeatureTrimExtendCurveCreate(szwTrimExtendCurve data, szwEntityHandle *feature)
ZwFeatureWireFramePlanarSectionCurvesCreate	zwapi_feature_wireframe.h	78		ezwErrors ZwFeatureWireFramePlanarSectionCurvesCreate(szwPlanarSectionData data, int *count, szwEntityHandle **curves)
ZwFeatureWireFrameTextCurvesGet	zwapi_feature_wireframe.h	69		ezwErrors ZwFeatureWireFrameTextCurvesGet(szwEntityHandle wireFrameText, int *count, szwEntityHandle **curves)
ZwFeatureWirePlanarSectionDataInit	zwapi_feature_wireframe.h	75		ezwErrors ZwFeatureWirePlanarSectionDataInit(szwPlanarSectionData *data)
ZwFeatureWireTextCreate	zwapi_feature_wireframe.h	60		ezwErrors ZwFeatureWireTextCreate(szwWireTextData data, szwEntityHandle *handle)
ZwFeatureWireTextDataInit	zwapi_feature_wireframe.h	57		ezwErrors ZwFeatureWireTextDataInit(szwWireTextData *data)
ZwFileAttributeDescriptionSet	zwapi_attribute.h	128		ezwErrors ZwFileAttributeDescriptionSet(zwString32 description)
ZwFileAttributeGet	zwapi_attribute.h	121		ezwErrors ZwFileAttributeGet(szwFileAttribute *data)
ZwFileBackGroundActivate	zwapi_file_general.h	20		ezwErrors ZwFileBackGroundActivate(const zwPath file, const zwRootName rootName)
ZwFileCustomDataDelete	zwapi_file_general.h	83		ezwErrors ZwFileCustomDataDelete(const zwString32 tagName, const char *data)
ZwFileCustomDataGet	zwapi_file_general.h	80		ezwErrors ZwFileCustomDataGet(const zwString32 tagName, int *countData, char ***dataList)
ZwFileCustomDataSet	zwapi_file_general.h	74		ezwErrors ZwFileCustomDataSet(const zwString32 tagName, const char *data)
ZwFileD3NExport	zwapi_file_general.h	101		ezwErrors ZwFileD3NExport(const zwPath filePath, const zwString256 fileName, const szwD3NExportOptions *options)
ZwFileD3NImport	zwapi_file_general.h	98		ezwErrors ZwFileD3NImport(const zwPath filePath, ezwFileImportTo importTo, const szwD3NImportOptions *options)
ZwFileDialogShow	zwapi_file_general.h	62		ezwErrors ZwFileDialogShow(ezwFileDialogType dialogType, int option, const char *dialogTitle, const char *directory, const char *filter, int *count, zwPath **list)
ZwFileECADIDFComponentExportableGet	zwapi_file.h	258		ezwErrors ZwFileECADIDFComponentExportableGet(szwEntityHandle datumCSYS, szwECADComponetCSYSPreviewData exportableData, int *canExport)
ZwFileECADIDFExportInit	zwapi_file.h	249		ezwErrors ZwFileECADIDFExportInit(const szwEntityHandle *datumCSYS, szwECADIDFExportOptions *options)
ZwFileECADIDFExportOptionFree	zwapi_file.h	252		ezwErrors ZwFileECADIDFExportOptionFree(szwECADIDFExportOptions *options)
ZwFileEcadIDFExport	zwapi_file.h	255		ezwErrors ZwFileEcadIDFExport(const zwString256 filePath, const zwString256 fileName, const szwECADIDFExportOptions *options)
ZwFileLinkInformationUpdate	zwapi_file_general.h	35		ezwErrors ZwFileLinkInformationUpdate(szwDocumentUpdateData data)
ZwFileLinkInformationUpdateWithoutModification	zwapi_file_general.h	38		ezwErrors ZwFileLinkInformationUpdateWithoutModification(szwDocumentUpdateData data)
ZwFileListRename	zwapi_file_general.h	44		ezwErrors ZwFileListRename(szwFileRenameData data)
ZwFileModifyFlagLock	zwapi_file_general.h	56		ezwErrors ZwFileModifyFlagLock(int state)
ZwFilePack	zwapi_file_general.h	131		ezwErrors ZwFilePack(int nFiles, const szwFilePackData *fileData, const zwPath packFolderPath, int zipFiles, const zwPath zipName)
ZwFilePackDataCheckStateSet	zwapi_file_general.h	125		ezwErrors ZwFilePackDataCheckStateSet(int nFiles, szwFilePackData *fileData, szwFilePackSearchOption searchOptions, int checkState)
ZwFilePackDataInit	zwapi_file_general.h	122		ezwErrors ZwFilePackDataInit(szwFilePackOption options, int *nFiles, szwFilePackData **fileData)
ZwFilePackNameReplace	zwapi_file_general.h	128		ezwErrors ZwFilePackNameReplace(int nFiles, szwFilePackData *fileData, const zwString256 searchText, const zwString256 replaceText, int ignoreCase, int renameSheetSameAsPart)
ZwFilePackOptionsInit	zwapi_file_general.h	116		ezwErrors ZwFilePackOptionsInit(szwFilePackOption *options)
ZwFileParentActivate	zwapi_file_general.h	14		ezwErrors ZwFileParentActivate()
ZwFilePrint	zwapi_file_general.h	110		ezwErrors ZwFilePrint(szwFilePrintData data)
ZwFilePrintInit	zwapi_file_general.h	104		ezwErrors ZwFilePrintInit(szwFilePrintData *data)
ZwFilePrintPreview	zwapi_file_general.h	113		ezwErrors ZwFilePrintPreview(szwFilePrintData data)
ZwFileProeImport	zwapi_file_general.h	92		ezwErrors ZwFileProeImport(const zwPath filePath, ezwFileImportTo importTo, szwProeImportOptions *options)
ZwFileProeImportInit	zwapi_file_general.h	86		ezwErrors ZwFileProeImportInit(szwProeImportOptions *options)
ZwFileReadOnlyStateGet	zwapi_file_general.h	23		ezwErrors ZwFileReadOnlyStateGet(const char *fileName, int *status)
ZwFileReadOnlyStateSet	zwapi_file_general.h	29		ezwErrors ZwFileReadOnlyStateSet(const char *fileName, int status)
ZwFileRenameLinkedFileListGet	zwapi_file_general.h	47		ezwErrors ZwFileRenameLinkedFileListGet(int includeSheet, int includeCAM, int *count, szwFileRootItem **fileList)
ZwFileShapeCompare	zwapi_file_general.h	68		ezwErrors ZwFileShapeCompare(const zwPath baseFileName, const zwRootName baseRootName, const zwPath compareFileName, const zwRootName compareRootName, szwFileShapeCompareData *data)
ZwFileTypeGet	zwapi_file_general.h	41		ezwErrors ZwFileTypeGet(const zwString512 fileName, ezwFileType *fileType)
ZwFileUnusedCloseAll	zwapi_file_general.h	50		ezwErrors ZwFileUnusedCloseAll()
ZwFileVaildExtensionCheck	zwapi_file_general.h	32		ezwErrors ZwFileVaildExtensionCheck(const char *fileName)
ZwFolderGet	zwapi_userinput.h	176	@deprecated	ezwErrors ZwFolderGet(const char *prompt, const char *defaultDirectory, int pathSize, char *path)
ZwGuiFormReactorIsRegistered	zwapi_global_apply.h	243		ezwErrors ZwGuiFormReactorIsRegistered(ezwGuiFormReactorType type, const zwString256 uniqueName, int *isRegistered)
ZwGuiFormReactorSet	zwapi_global_apply.h	237		ezwErrors ZwGuiFormReactorSet(ezwGuiFormReactorType type, szwGuiFormReactorData data)
ZwHarnessShapeListGet	zwapi_harness.h	13		ezwErrors ZwHarnessShapeListGet(const szwEntityHandle *harnessPartHandle, int *count, szwEntityHandle **shapeHandleList)
ZwHistoryClip	zwapi_history.h	22		ezwErrors ZwHistoryClip(ezwHistoryClipOption clipOption, int count, const szwEntityHandle *entityList)
ZwHistoryCommentCreate	zwapi_history.h	43		ezwErrors ZwHistoryCommentCreate(const char *text, szwEntityHandle *commentHandle)
ZwHistoryEntitySuppressStatusGet	zwapi_history.h	28		ezwErrors ZwHistoryEntitySuppressStatusGet(szwEntityHandle entityHandle, ezwSuppressStatus *status)
ZwHistoryEntityTemplateNameGet	zwapi_history.h	34		ezwErrors ZwHistoryEntityTemplateNameGet(szwEntityHandle entityHandle, int nbytes, char *templateName)
ZwHistoryListGet	zwapi_history.h	19		ezwErrors ZwHistoryListGet(ezwHistoryOperationGetType option, int *countHistory, szwEntityHandle **histList)
ZwHistoryListReorder	zwapi_history.h	40		ezwErrors ZwHistoryListReorder(int count, const szwEntityHandle *historyList)
ZwHistoryModelStopLinePositionGet	zwapi_history.h	46		ezwErrors ZwHistoryModelStopLinePositionGet(szwEntityHandle *handle)
ZwHistoryOperationDelete	zwapi_history.h	13		ezwErrors ZwHistoryOperationDelete(int count, szwEntityHandle *operations, ezwHistoryDeleteType operationsType)
ZwHistoryPaste	zwapi_history.h	25		ezwErrors ZwHistoryPaste(const szwEntityHandle *targetEntity)
ZwHistoryReorderByDrag	zwapi_history.h	37		ezwErrors ZwHistoryReorderByDrag(int count, const szwEntityHandle *historyList, ezwHistoryReorderLocation location, const szwEntityHandle *targetHandle)
ZwHistoryReplay	zwapi_history.h	52		ezwErrors ZwHistoryReplay(const szwEntityHandle *handle, ezwHistoryModelStopLinePosition position)
ZwHistoryUserAttributeDelete	zwapi_attribute.h	115		ezwErrors ZwHistoryUserAttributeDelete(szwEntityHandle historyHandle, int strictFlag, int count, const zwString64 *nameList)
ZwHistoryUserAttributeGet	zwapi_attribute.h	105		ezwErrors ZwHistoryUserAttributeGet(szwEntityHandle historyHandle, const zwString64 attributeName, int *count, szwUserAttribute **attributeList)
ZwHistoryUserAttributeSet	zwapi_attribute.h	112		ezwErrors ZwHistoryUserAttributeSet(szwEntityHandle historyHandle, int count, const szwUserAttribute *attributeList)
ZwIndexBarCreate	zwapi_display.h	246		ezwErrors ZwIndexBarCreate(double maxValue, double minValue, const szwIndexBarData *indexBarData)
ZwIndexBarOff	zwapi_display.h	249		ezwErrors ZwIndexBarOff()
ZwIntersectPointListFree	zwapi_intersection.h	22		ezwErrors ZwIntersectPointListFree(int *count, szwIntersectionPoint **intersectionPointsList)
ZwLCSMatrixGet	zwapi_datum.h	160		ezwErrors ZwLCSMatrixGet(szwMatrix *matrix)
ZwLayerCategoryActiveStateGet	zwapi_layer.h	102		ezwErrors ZwLayerCategoryActiveStateGet(ezwLayerCategoryType type, const char *name, int *state)
ZwLayerCategoryActiveStateSet	zwapi_layer.h	105		ezwErrors ZwLayerCategoryActiveStateSet(ezwLayerCategoryType type, const char *name, int state)
ZwLayerCategoryCreate	zwapi_layer.h	87		ezwErrors ZwLayerCategoryCreate(const char *name)
ZwLayerCategoryDelete	zwapi_layer.h	96		ezwErrors ZwLayerCategoryDelete(const char *name)
ZwLayerCategoryFrozenStateSet	zwapi_layer.h	117	@deprecated	ezwErrors ZwLayerCategoryFrozenStateSet(ezwLayerCategoryType type, const char *name, int frozen)
ZwLayerCategoryListGet	zwapi_layer.h	99		ezwErrors ZwLayerCategoryListGet(int *count, zwString256 **names)
ZwLayerCategoryNameSet	zwapi_layer.h	93		ezwErrors ZwLayerCategoryNameSet(const char *name, const char *newName)
ZwLayerCategoryVisibilitySet	zwapi_layer.h	111		ezwErrors ZwLayerCategoryVisibilitySet(ezwLayerCategoryType type, const char *name, int visible)
ZwLayerFrozenStateSetAll	zwapi_layer.h	114		ezwErrors ZwLayerFrozenStateSetAll(int frozen)
ZwLayerManagerRefresh	zwapi_layer.h	123	@deprecated	ezwErrors ZwLayerManagerRefresh()
ZwLayerRuleActiveStateGet	zwapi_layer.h	163		ezwErrors ZwLayerRuleActiveStateGet(int layerIndex, int *isActive)
ZwLayerRuleActiveStateSet	zwapi_layer.h	166		ezwErrors ZwLayerRuleActiveStateSet(int layerIndex, int isActive)
ZwLayerRuleCreate	zwapi_layer.h	141		ezwErrors ZwLayerRuleCreate(int layerIndex, szwLayerRuleData ruleData)
ZwLayerRuleDataGet	zwapi_layer.h	160		ezwErrors ZwLayerRuleDataGet(szwEntityHandle ruleHandle, szwLayerRuleData *ruleData)
ZwLayerRuleDataSet	zwapi_layer.h	154		ezwErrors ZwLayerRuleDataSet(int layerIndex, szwEntityHandle ruleHandle, szwLayerRuleData ruleData)
ZwLayerRuleDelete	zwapi_layer.h	148		ezwErrors ZwLayerRuleDelete(szwEntityHandle ruleHandle)
ZwLayerRuleListGet	zwapi_layer.h	157		ezwErrors ZwLayerRuleListGet(int layerIndex, int *count, szwEntityHandle **ruleHandles)
ZwLayerRulesDeleteAll	zwapi_layer.h	151		ezwErrors ZwLayerRulesDeleteAll(int layerIndex)
ZwLayerVisibilityRefresh	zwapi_layer.h	120	@deprecated	ezwErrors ZwLayerVisibilityRefresh()
ZwLayerVisibilitySetAll	zwapi_layer.h	108		ezwErrors ZwLayerVisibilitySetAll(int visible)
ZwLengthMeasureVariableCreate	zwapi_variable.h	64		ezwErrors ZwLengthMeasureVariableCreate(szwLengthMeasureVariableData data, const char *variableName, szwEntityHandle *variable)
ZwLibaryPublishByCurrentFile	zwapi_file_general.h	95		ezwErrors ZwLibaryPublishByCurrentFile(szwLibraryPublisherData data)
ZwLicenseActivatedFloatingDataGet	zwapi_license_manager.h	20		ezwErrors ZwLicenseActivatedFloatingDataGet(zwString64 ipAdrdress, zwString64 portNumber)
ZwLicenseStateGet	zwapi_license_manager.h	13		ezwErrors ZwLicenseStateGet(ezwLicenseState *state, ezwLicenseType *type)
ZwLineAttributeGet	zwapi_entity.h	149		ezwErrors ZwLineAttributeGet(szwEntityHandle lineHandle, szwLineAttribute *attribute)
ZwLineAttributeSet	zwapi_entity.h	152		ezwErrors ZwLineAttributeSet(szwLineAttribute attribute, int count, const szwEntityHandle *entityHandleList)
ZwLinkManagerAutoRegenGet	zwapi_linkmanager.h	21		ezwErrors ZwLinkManagerAutoRegenGet(int *status)
ZwLinkManagerAutoRegenSet	zwapi_linkmanager.h	18		ezwErrors ZwLinkManagerAutoRegenSet(int status)
ZwLinkManagerFileListGet	zwapi_linkmanager.h	13		ezwErrors ZwLinkManagerFileListGet(ezwLinkManagerFileType type, int *count, szwPartLinkManagerFileData **data)
ZwLinkManagerInformationGet	zwapi_linkmanager.h	24		ezwErrors ZwLinkManagerInformationGet(int *count, szwPartLinkManagerInformation **informationList)
ZwLoopEdgeListGet	zwapi_loop.h	13		ezwErrors ZwLoopEdgeListGet(szwEntityHandle loop, int *count, szwEntityHandle **edgeList)
ZwLoopFaceGet	zwapi_loop.h	25		ezwErrors ZwLoopFaceGet(szwEntityHandle loop, szwEntityHandle *face)
ZwLoopIsInner	zwapi_loop.h	22		ezwErrors ZwLoopIsInner(szwEntityHandle loop, int *isInner)
ZwLoopPreEdgeListGet	zwapi_loop.h	19		ezwErrors ZwLoopPreEdgeListGet(szwEntityHandle loop, int *count, szwEntityHandle **preEdgeList)
ZwMaterialAppearanceGet	zwapi_materiallibrary.h	79		ezwErrors ZwMaterialAppearanceGet(szwMaterialNameGroup materialNameGroup, szwMaterialAppearanceProperty *appearance)
ZwMaterialAppearanceSet	zwapi_materiallibrary.h	82		ezwErrors ZwMaterialAppearanceSet(szwMaterialNameGroup materialNameGroup, szwMaterialAppearanceProperty appearance)
ZwMaterialCustomizePropertyDelete	zwapi_materiallibrary.h	73		ezwErrors ZwMaterialCustomizePropertyDelete(szwMaterialNameGroup materialNameGroup, szwMaterialPropertyNameGroup materialPropertyGroup)
ZwMaterialCustomizePropertyGet	zwapi_materiallibrary.h	70		ezwErrors ZwMaterialCustomizePropertyGet(szwMaterialNameGroup materialNameGroup, szwMaterialCustomizeProperty *property)
ZwMaterialCustomizePropertyListGet	zwapi_materiallibrary.h	76		ezwErrors ZwMaterialCustomizePropertyListGet(szwMaterialNameGroup materialNameGroup, int *count, szwMaterialCustomizeProperty **properties)
ZwMaterialCustomizePropertySet	zwapi_materiallibrary.h	67		ezwErrors ZwMaterialCustomizePropertySet(szwMaterialNameGroup materialNameGroup, szwMaterialCustomizeProperty property)
ZwMaterialGeneralPropertyDelete	zwapi_materiallibrary.h	64		ezwErrors ZwMaterialGeneralPropertyDelete(szwMaterialNameGroup materialNameGroup, int count, const ezwMaterialProperty *properties)
ZwMaterialGeneralPropertyGet	zwapi_materiallibrary.h	55		ezwErrors ZwMaterialGeneralPropertyGet(szwMaterialNameGroup materialNameGroup, ezwMaterialProperty property, double *value, zwString64 unit, int bytes, char *description)
ZwMaterialGeneralPropertyListGet	zwapi_materiallibrary.h	61		ezwErrors ZwMaterialGeneralPropertyListGet(szwMaterialNameGroup materialNameGroup, int *count, szwMaterialGeneralProperty **properties)
ZwMaterialGeneralPropertyListSet	zwapi_materiallibrary.h	58		ezwErrors ZwMaterialGeneralPropertyListSet(szwMaterialNameGroup materialNameGroup, ezwUnitSystem unitSystem, int count, const szwMaterialGeneralProperty *properties)
ZwMaterialGeneralPropertySet	zwapi_materiallibrary.h	49		ezwErrors ZwMaterialGeneralPropertySet(szwMaterialNameGroup materialNameGroup, ezwMaterialProperty property, double value, ezwUnitSystem unitSystem, const char *description)
ZwMaterialLibraryCategoryCreate	zwapi_materiallibrary.h	25		ezwErrors ZwMaterialLibraryCategoryCreate(const char *libraryName, const char *categoryName)
ZwMaterialLibraryCategoryDelete	zwapi_materiallibrary.h	31		ezwErrors ZwMaterialLibraryCategoryDelete(const char *libraryName, const char *categoryName)
ZwMaterialLibraryCategoryListGet	zwapi_materiallibrary.h	34		ezwErrors ZwMaterialLibraryCategoryListGet(const char *libraryName, int *count, zwString512 **categoryList)
ZwMaterialLibraryCustomCreate	zwapi_materiallibrary.h	13		ezwErrors ZwMaterialLibraryCustomCreate(const char *libraryName)
ZwMaterialLibraryCustomDelete	zwapi_materiallibrary.h	19		ezwErrors ZwMaterialLibraryCustomDelete(const char *libraryName)
ZwMaterialLibraryListGet	zwapi_materiallibrary.h	22		ezwErrors ZwMaterialLibraryListGet(int *count, zwString512 **libraryList)
ZwMaterialLibraryMaterialCreate	zwapi_materiallibrary.h	37		ezwErrors ZwMaterialLibraryMaterialCreate(szwMaterialNameGroup materialNameGroup, double density, ezwDensityUnitType densityUnit)
ZwMaterialLibraryMaterialDelete	zwapi_materiallibrary.h	43		ezwErrors ZwMaterialLibraryMaterialDelete(szwMaterialNameGroup materialNameGroup)
ZwMaterialLibraryMaterialListGet	zwapi_materiallibrary.h	46		ezwErrors ZwMaterialLibraryMaterialListGet(const char *libraryName, const char *categoryName, int *count, zwString512 **materialList)
ZwMaterialListGet	zwapi_material.h	13		ezwErrors ZwMaterialListGet(int *materialCount, zwString256 **materialList)
ZwMathLinerSegmentPoint2Get	zwapi_point.h	71		ezwErrors ZwMathLinerSegmentPoint2Get(szwPoint2 startPoint, szwPoint2 endPoint, double factor, szwPoint2 *resultPoint)
ZwMathLinerSegmentPointGet	zwapi_point.h	74		ezwErrors ZwMathLinerSegmentPointGet(szwPoint startPoint, szwPoint endPoint, double factor, szwPoint *resultPoint)
ZwMathPlaneGetByPoint	zwapi_point.h	56		ezwErrors ZwMathPlaneGetByPoint(int pointCount, const szwPoint *pointList, szwVector *normal, double *D, int *location)
ZwMathPlanePointDistanceGet	zwapi_point.h	41		ezwErrors ZwMathPlanePointDistanceGet(szwPoint planePoint, szwVector planeNormal, szwPoint point, double *distance, szwPoint *projPoint)
ZwMathPlanePointGetByXYDistance	zwapi_point.h	68		ezwErrors ZwMathPlanePointGetByXYDistance(szwPoint planeOrigin, szwVector xAxis, szwVector yAxis, double xDistance, double yDistance, szwPoint *point)
ZwMatrix2Determinant	zwapi_matrix.h	69		ezwErrors ZwMatrix2Determinant(szwMatrix2 inputMatrix, double *matrixDeterminant)
ZwMatrix2Transpose	zwapi_matrix.h	75		ezwErrors ZwMatrix2Transpose(szwMatrix2 inputMatrix, szwMatrix2 *transposeMat)
ZwMatrix3Determinant	zwapi_matrix.h	72		ezwErrors ZwMatrix3Determinant(szwMatrix3 inputMatrix, double *matrixDeterminant)
ZwMatrix3Eigen	zwapi_matrix.h	14		ezwErrors ZwMatrix3Eigen(szwMatrix3 inputMatrix, double **values, szwVector **vectors)
ZwMatrix3ToMatrix4	zwapi_matrix.h	93		ezwErrors ZwMatrix3ToMatrix4(szwMatrix3 inputMatrix, szwMatrix *matrix4D)
ZwMatrix3Transpose	zwapi_matrix.h	78		ezwErrors ZwMatrix3Transpose(szwMatrix3 inputMatrix, szwMatrix3 *transposeMat)
ZwMatrixCoordinateSystemGet	zwapi_matrix.h	36		ezwErrors ZwMatrixCoordinateSystemGet(szwMatrix inputMatrix, szwPoint *origin, szwVector *xAxis, szwVector *yAxis, szwVector *zAxis)
ZwMatrixCrossProduct	zwapi_matrix.h	27		ezwErrors ZwMatrixCrossProduct(szwMatrix inputMatrix1, szwMatrix inputMatrix2, szwMatrix *resultMatrix)
ZwMatrixFullRankCheck	zwapi_matrix.h	114		ezwErrors ZwMatrixFullRankCheck(szwMatrix inputMatrix, int *isFullRank)
ZwMatrixGetByPointAndXYAxis	zwapi_matrix.h	33		ezwErrors ZwMatrixGetByPointAndXYAxis(szwPoint origin, szwVector xAxis, szwVector yAxis, szwMatrix *resultMatrix)
ZwMatrixGetByPointAndZAxis	zwapi_matrix.h	30		ezwErrors ZwMatrixGetByPointAndZAxis(szwPoint origin, szwVector zAxis, szwMatrix *resultMatrix)
ZwMatrixIdentityFlagRefresh	zwapi_matrix.h	45		ezwErrors ZwMatrixIdentityFlagRefresh(szwMatrix *inputMatrix)
ZwMatrixInit	zwapi_matrix.h	21		ezwErrors ZwMatrixInit(szwMatrix *inputMatrix)
ZwMatrixInitByPoint	zwapi_matrix.h	42		ezwErrors ZwMatrixInitByPoint(szwPoint referencePoint, double scaleX, double scaleY, double scaleZ, szwMatrix *matrix)
ZwMatrixInitByRotation	zwapi_matrix.h	39		ezwErrors ZwMatrixInitByRotation(double angle, szwAxis axis, szwMatrix *matrix)
ZwMatrixInitByTranslation	zwapi_matrix.h	51		ezwErrors ZwMatrixInitByTranslation(double distanceX, double distanceY, double distanceZ, szwMatrix *matrix)
ZwMatrixInitByView	zwapi_matrix.h	54		ezwErrors ZwMatrixInitByView(ezwViewStandard viewType, szwMatrix *resultMatrix)
ZwMatrixInvert	zwapi_matrix.h	24		ezwErrors ZwMatrixInvert(szwMatrix inputMatrix, szwMatrix *inverseMatrix)
ZwMatrixNormalize	zwapi_matrix.h	105		ezwErrors ZwMatrixNormalize(szwMatrix *setMatrix)
ZwMatrixOrthogonalCheck	zwapi_matrix.h	108		ezwErrors ZwMatrixOrthogonalCheck(szwMatrix matrix, int *isOrthogonal)
ZwMatrixReflectionMatrixCreate	zwapi_matrix.h	111		ezwErrors ZwMatrixReflectionMatrixCreate(szwPoint origin, szwVector normalVector, szwMatrix *reflectionMatrix)
ZwMatrixRotationGet	zwapi_matrix.h	84		ezwErrors ZwMatrixRotationGet(szwMatrix inputMatrix, szwMatrix3 *rotationMat)
ZwMatrixRotationSet	zwapi_matrix.h	96		ezwErrors ZwMatrixRotationSet(szwMatrix3 rotationMat, szwMatrix *setMatrix)
ZwMatrixScaleGet	zwapi_matrix.h	87		ezwErrors ZwMatrixScaleGet(szwMatrix inputMatrix, double *scaleFactor)
ZwMatrixScaleSet	zwapi_matrix.h	99		ezwErrors ZwMatrixScaleSet(double scaleFactor, szwMatrix *setMatrix)
ZwMatrixToEulerAngle	zwapi_matrix.h	57		ezwErrors ZwMatrixToEulerAngle(ezwEulerAngleSequence sequenceType, szwMatrix inputMatrix, szwEulerMatrix *eulerData)
ZwMatrixTransform	zwapi_matrix.h	48		ezwErrors ZwMatrixTransform(szwMatrix transformationMatrix, szwMatrix *resultMatrix)
ZwMatrixTranslationGet	zwapi_matrix.h	90		ezwErrors ZwMatrixTranslationGet(szwMatrix inputMatrix, szwVector *translationVector)
ZwMatrixTranslationSet	zwapi_matrix.h	102		ezwErrors ZwMatrixTranslationSet(szwVector translationVector, szwMatrix *setMatrix)
ZwMatrixTranspose	zwapi_matrix.h	81		ezwErrors ZwMatrixTranspose(szwMatrix inputMatrix, szwMatrix *transposeMat)
ZwMemoryAlloc	zwapi_memory.h	23		ezwErrors ZwMemoryAlloc(int numBytes, void **memoryPointer)
ZwMemoryFree	zwapi_memory.h	50		ezwErrors ZwMemoryFree(void **memoryPointer)
ZwMemoryResize	zwapi_memory.h	29		ezwErrors ZwMemoryResize(int numBytes, void **memoryPointer)
ZwMemoryZero	zwapi_memory.h	38		ezwErrors ZwMemoryZero(int numBytes, void *memoryPointer)
ZwMessageDisplay	zwapi_message.h	115		void ZwMessageDisplay(const char *text, ezwMessageLevel level, ezwMessageMode mode)
ZwModelFaceCreate	zwapi_face.h	87		ezwErrors ZwModelFaceCreate(szwSurface surface, int numCurves, szwCurve *trimCurves, int code, int sew, double tolerance, szwEntityHandle *faceHandle)
ZwModelFaceSet	zwapi_face.h	76		ezwErrors ZwModelFaceSet(szwEntityHandle faceHandle, szwSurface surface, int numCurves, szwCurve *trimCurves, int sew, double tolerance)
ZwMotActiveSolutionGet	zwapi_mot_solution.h	76		ezwErrors ZwMotActiveSolutionGet(int *idSolution)
ZwMotBodyGet	zwapi_mot_body.h	33		ezwErrors ZwMotBodyGet(int idEntity, szwMotBody *zEntity)
ZwMotBodyMatrixGet	zwapi_mot_body.h	44		ezwErrors ZwMotBodyMatrixGet(int idEntity, svxMatrix *zMatrix)
ZwMotBodyMatrixSet	zwapi_mot_body.h	47		ezwErrors ZwMotBodyMatrixSet(int idEntity, svxMatrix zMatrix)
ZwMotBodySet	zwapi_mot_body.h	41		ezwErrors ZwMotBodySet(int idEntity, szwMotBody zEntity)
ZwMotDriverCreate	zwapi_mot_driver.h	95		ezwErrors ZwMotDriverCreate(szwMotDriver zEntity, int *idEntity)
ZwMotDriverGet	zwapi_mot_driver.h	81		ezwErrors ZwMotDriverGet(int idEntity, szwMotDriver *zEntity)
ZwMotDriverSet	zwapi_mot_driver.h	89		ezwErrors ZwMotDriverSet(int idEntity, szwMotDriver zEntity)
ZwMotDriverValidJointCheck	zwapi_mot_driver.h	92		ezwErrors ZwMotDriverValidJointCheck(int idJoint, const ezwMotDriverType *eDriverType)
ZwMotEntityActiveGet	zwapi_mot_general.h	35		ezwErrors ZwMotEntityActiveGet(int idEntity, int *iActive)
ZwMotEntityActiveSet	zwapi_mot_general.h	38		ezwErrors ZwMotEntityActiveSet(int idEntity, int iActivate)
ZwMotEntityDelete	zwapi_mot_general.h	47		ezwErrors ZwMotEntityDelete(int idEntity)
ZwMotEntityListGet	zwapi_mot_general.h	27		ezwErrors ZwMotEntityListGet(ezwMotType eType, int *countEntity, int **entityList)
ZwMotEntityNameGet	zwapi_mot_general.h	41		ezwErrors ZwMotEntityNameGet(int idEntity, int nBytes, char *name)
ZwMotEntityNameSet	zwapi_mot_general.h	44		ezwErrors ZwMotEntityNameSet(int idEntity, const char *name)
ZwMotJointFree	zwapi_mot_joint.h	110		ezwErrors ZwMotJointFree(szwMotJoint *zEntity)
ZwMotJointGet	zwapi_mot_joint.h	107		ezwErrors ZwMotJointGet(int idEntity, szwMotJoint *zEntity)
ZwMotJointTypeGetBySubClass	zwapi_mot_joint.h	99		ezwErrors ZwMotJointTypeGetBySubClass(ezwMotJointSubClass eSubClass, ezwMotJointType *eType)
ZwMotSolutionActiveEntityListGet	zwapi_mot_solution.h	93		ezwErrors ZwMotSolutionActiveEntityListGet(int idSolution, ezwMotType eType, int *countEntity, int **entityList)
ZwMotSolutionCalculate	zwapi_mot_solution.h	104		ezwErrors ZwMotSolutionCalculate(ezwMotSolutionSolveStatus *eStatus)
ZwMotSolutionDegreeOfFreedomGet	zwapi_mot_solution.h	84		ezwErrors ZwMotSolutionDegreeOfFreedomGet(int idEntity, int *iDegreeOfFreedom)
ZwMotSolutionDriverTimeListGet	zwapi_mot_solution.h	97		ezwErrors ZwMotSolutionDriverTimeListGet(int idSolution, int *countEntity, szwMotDriverTime **entityList)
ZwMotSolutionDriverTimeListSet	zwapi_mot_solution.h	100		ezwErrors ZwMotSolutionDriverTimeListSet(int idSolution, int countEntity, const szwMotDriverTime *entityList)
ZwMotSolutionGet	zwapi_mot_solution.h	87		ezwErrors ZwMotSolutionGet(int idEntity, szwMotSolution *zEntity)
ZwMotSolutionSet	zwapi_mot_solution.h	90		ezwErrors ZwMotSolutionSet(int idEntity, szwMotSolution zEntity)
ZwMotSolutionSolveResultFree	zwapi_mot_solution.h	111		ezwErrors ZwMotSolutionSolveResultFree(int count, szwMotFrameResult **resultList)
ZwMotSolutionSolveResultGet	zwapi_mot_solution.h	108		ezwErrors ZwMotSolutionSolveResultGet(int idSolution, int *countFrame, szwMotFrameResult **resultList)
ZwNoteGet	zwapi_global_apply.h	41		ezwErrors ZwNoteGet(char **note)
ZwNoteSet	zwapi_global_apply.h	44		ezwErrors ZwNoteSet(const char *note)
ZwNumberGet	zwapi_userinput.h	183		ezwErrors ZwNumberGet(const char *prompt, double *number)
ZwPMIAligmentPlaneGet	zwapi_pmi.h	176		ezwErrors ZwPMIAligmentPlaneGet(szwEntityHandle pmiHandle, szwMatrix *matrix)
ZwPMIAttachOneViewOnlyOptionGet	zwapi_pmi.h	338		ezwErrors ZwPMIAttachOneViewOnlyOptionGet(int *isOneViewOnly)
ZwPMIAttachOneViewOnlyOptionSet	zwapi_pmi.h	341		ezwErrors ZwPMIAttachOneViewOnlyOptionSet(int isOneViewOnly)
ZwPMIAttachedToViewList	zwapi_pmi.h	329		ezwErrors ZwPMIAttachedToViewList(szwEntityHandle pmiHandle, ezwPMIAttachedToViewsType type, int countView, const szwEntityHandle *viewHandleList)
ZwPMIAttachedViewListGet	zwapi_pmi.h	182		ezwErrors ZwPMIAttachedViewListGet(szwEntityHandle handlePMI, int *count, szwEntityHandle **viewHandleList)
ZwPMIDatumTargetDataGet	zwapi_pmi.h	344		ezwErrors ZwPMIDatumTargetDataGet(szwEntityHandle datumTargetHandle, szwDatumTargetDataSet *datumTargetData, szwDimensionAttribute **attribute)
ZwPMIDatumTargetDataSet	zwapi_pmi.h	347		ezwErrors ZwPMIDatumTargetDataSet(szwEntityHandle datumTargetHandle, const szwDatumTargetDataSet *datumTargetData, const szwDimensionAttribute *attribute)
ZwPMIDimensionAngularCreate	zwapi_pmi.h	32		ezwErrors ZwPMIDimensionAngularCreate(szwPMIDimensionAngular data, const szwDimensionAttribute *attribute, szwEntityHandle *dimension)
ZwPMIDimensionAngularInit	zwapi_pmi.h	29		ezwErrors ZwPMIDimensionAngularInit(szwPMIDimensionAngular *data)
ZwPMIDimensionArcLengthCreate	zwapi_pmi.h	50		ezwErrors ZwPMIDimensionArcLengthCreate(szwPMIDimensionArcLength data, const szwDimensionAttribute *attribute, szwEntityHandle *dimension)
ZwPMIDimensionArcLengthInit	zwapi_pmi.h	47		ezwErrors ZwPMIDimensionArcLengthInit(szwPMIDimensionArcLength *data)
ZwPMIDimensionBalloonCreate	zwapi_pmi.h	353		ezwErrors ZwPMIDimensionBalloonCreate(szwPMIDimensionBalloonData data, const szwDimensionAttribute *attribute, szwEntityHandle *dimension)
ZwPMIDimensionBalloonDataInit	zwapi_pmi.h	350		ezwErrors ZwPMIDimensionBalloonDataInit(szwPMIDimensionBalloonData *data)
ZwPMIDimensionCenterLineCreate	zwapi_pmi.h	290		ezwErrors ZwPMIDimensionCenterLineCreate(szwPMIDimensionCenterLine data, const szwDimensionAttribute *attribute, int *count, szwEntityHandle **centerLines)
ZwPMIDimensionCenterLineDataFree	zwapi_pmi.h	299		ezwErrors ZwPMIDimensionCenterLineDataFree(szwPMIDimensionCenterLine *data)
ZwPMIDimensionCenterLineDataGet	zwapi_pmi.h	293		ezwErrors ZwPMIDimensionCenterLineDataGet(szwEntityHandle centerLine, szwPMIDimensionCenterLine *data, szwDimensionAttribute **attribute)
ZwPMIDimensionCenterLineDataSet	zwapi_pmi.h	296		ezwErrors ZwPMIDimensionCenterLineDataSet(szwEntityHandle centerLine, const szwPMIDimensionCenterLine *data, const szwDimensionAttribute *attribute)
ZwPMIDimensionCenterLineInit	zwapi_pmi.h	287		ezwErrors ZwPMIDimensionCenterLineInit(szwPMIDimensionCenterLine *data)
ZwPMIDimensionCenterMarkCircleCreate	zwapi_pmi.h	314		ezwErrors ZwPMIDimensionCenterMarkCircleCreate(szwPMIDimensionCenterMarkCircle data, const szwDimensionAttribute *attribute, szwEntityHandle *centerMarkCircle)
ZwPMIDimensionCenterMarkCircleDataFree	zwapi_pmi.h	323		ezwErrors ZwPMIDimensionCenterMarkCircleDataFree(szwPMIDimensionCenterMarkCircle *data)
ZwPMIDimensionCenterMarkCircleDataGet	zwapi_pmi.h	317		ezwErrors ZwPMIDimensionCenterMarkCircleDataGet(szwEntityHandle centerMarkCircle, szwPMIDimensionCenterMarkCircle *data, szwDimensionAttribute **attribute)
ZwPMIDimensionCenterMarkCircleDataSet	zwapi_pmi.h	320		ezwErrors ZwPMIDimensionCenterMarkCircleDataSet(szwEntityHandle centerMarkCircle, const szwPMIDimensionCenterMarkCircle *data, const szwDimensionAttribute *attribute)
ZwPMIDimensionCenterMarkCircleInit	zwapi_pmi.h	311		ezwErrors ZwPMIDimensionCenterMarkCircleInit(ezwPMICenterMarkCircleType type, szwPMIDimensionCenterMarkCircle *data)
ZwPMIDimensionCenterMarkCreate	zwapi_pmi.h	302		ezwErrors ZwPMIDimensionCenterMarkCreate(int count, const szwPointOnEntity *points, const szwDimensionAttribute *attribute, int *nCcenterMarks, szwEntityHandle **centerMarks)
ZwPMIDimensionCenterMarkDataGet	zwapi_pmi.h	305		ezwErrors ZwPMIDimensionCenterMarkDataGet(szwEntityHandle centerMark, szwPointOnEntity *point, szwDimensionAttribute **attribute)
ZwPMIDimensionCenterMarkDataSet	zwapi_pmi.h	308		ezwErrors ZwPMIDimensionCenterMarkDataSet(szwEntityHandle centerMark, const szwPointOnEntity *point, const szwDimensionAttribute *attribute)
ZwPMIDimensionChamferCreate	zwapi_pmi.h	44		ezwErrors ZwPMIDimensionChamferCreate(szwPMIDimensionChamfer data, const szwDimensionAttribute *attribute, szwEntityHandle *dimension)
ZwPMIDimensionChamferInit	zwapi_pmi.h	41		ezwErrors ZwPMIDimensionChamferInit(szwPMIDimensionChamfer *data)
ZwPMIDimensionCoordinateCreate	zwapi_pmi.h	56		ezwErrors ZwPMIDimensionCoordinateCreate(szwPMIDimensionCoordinate data, szwEntityHandle *dimension)
ZwPMIDimensionCoordinateInit	zwapi_pmi.h	53		ezwErrors ZwPMIDimensionCoordinateInit(szwPMIDimensionCoordinate *data)
ZwPMIDimensionDatumFeatureCreate	zwapi_pmi.h	275		ezwErrors ZwPMIDimensionDatumFeatureCreate(szwPMIDimensionDatumFeature data, const szwDimensionAttribute *attribute, szwEntityHandle *datumFeature)
ZwPMIDimensionDatumFeatureDataFree	zwapi_pmi.h	284		ezwErrors ZwPMIDimensionDatumFeatureDataFree(szwPMIDimensionDatumFeature *data)
ZwPMIDimensionDatumFeatureDataGet	zwapi_pmi.h	278		ezwErrors ZwPMIDimensionDatumFeatureDataGet(szwEntityHandle datumFeature, szwPMIDimensionDatumFeature *data, szwDimensionAttribute **attribute)
ZwPMIDimensionDatumFeatureDataSet	zwapi_pmi.h	281		ezwErrors ZwPMIDimensionDatumFeatureDataSet(szwEntityHandle datumFeature, const szwPMIDimensionDatumFeature *data, const szwDimensionAttribute *attribute)
ZwPMIDimensionDatumFeatureInit	zwapi_pmi.h	272		ezwErrors ZwPMIDimensionDatumFeatureInit(szwPMIDimensionDatumFeature *data)
ZwPMIDimensionDatumTargetCreate	zwapi_pmi.h	68		ezwErrors ZwPMIDimensionDatumTargetCreate(szwPMIDimensionDatumTarget data, const szwDimensionAttribute *attribute, szwEntityHandle *dimension)
ZwPMIDimensionDatumTargetInit	zwapi_pmi.h	65		ezwErrors ZwPMIDimensionDatumTargetInit(ezwPMIDatumTargetType type, szwPMIDimensionDatumTarget *data)
ZwPMIDimensionDiscreteDataFree	zwapi_pmi.h	149		ezwErrors ZwPMIDimensionDiscreteDataFree(szwPMIDimensionDiscreteData *data)
ZwPMIDimensionDiscreteDataGet	zwapi_pmi.h	140		ezwErrors ZwPMIDimensionDiscreteDataGet(szwEntityHandle dimensionHandle, szwPMIDimensionDiscreteData *data)
ZwPMIDimensionFeatureControlCreateByText	zwapi_pmi.h	71		ezwErrors ZwPMIDimensionFeatureControlCreateByText(const char *text, szwPointOnEntity *leaderPoint, szwPointOnEntity location, szwEntityHandle *plane, szwEntityHandle *FCS)
ZwPMIDimensionFeatureControlCreateByTextWithAttribute	zwapi_pmi.h	74		ezwErrors ZwPMIDimensionFeatureControlCreateByTextWithAttribute(const char *text, szwPointOnEntity *leaderPoint, szwPointOnEntity location, szwEntityHandle *plane, const szwDimensionAttribute *attribute, szwEntityHandle *FCS)
ZwPMIDimensionFeatureControlDataGet	zwapi_pmi.h	77		ezwErrors ZwPMIDimensionFeatureControlDataGet(szwEntityHandle fcsHandle, szwPointOnEntity *leaderPoint, szwPointOnEntity *location, szwEntityHandle *plane, int nbytes, char *text, szwDimensionAttribute **attribute)
ZwPMIDimensionFeatureControlDataSet	zwapi_pmi.h	80		ezwErrors ZwPMIDimensionFeatureControlDataSet(szwEntityHandle fcsHandle, szwPointOnEntity leaderPoint, szwPointOnEntity location, const szwEntityHandle *plane, const char *text, const szwDimensionAttribute *attribute)
ZwPMIDimensionHoleCalloutCreate	zwapi_pmi.h	203		ezwErrors ZwPMIDimensionHoleCalloutCreate(szwPMIDimensionHoleCallout data, const szwDimensionAttribute *attribute, szwEntityHandle *pmi)
ZwPMIDimensionHoleCalloutInit	zwapi_pmi.h	200		ezwErrors ZwPMIDimensionHoleCalloutInit(szwPMIDimensionHoleCallout *data)
ZwPMIDimensionIntersectionSymbolCreate	zwapi_pmi.h	209		ezwErrors ZwPMIDimensionIntersectionSymbolCreate(szwPMIDimensionIntersectionSymbol data, const szwDimensionAttribute *attribute, szwEntityHandle *pmi)
ZwPMIDimensionIntersectionSymbolInit	zwapi_pmi.h	206		ezwErrors ZwPMIDimensionIntersectionSymbolInit(szwPMIDimensionIntersectionSymbol *data)
ZwPMIDimensionLabelCreate	zwapi_pmi.h	59		ezwErrors ZwPMIDimensionLabelCreate(szwPMIDimensionLabel data, szwEntityHandle *pmi)
ZwPMIDimensionLabelCreateWithAttribute	zwapi_pmi.h	62		ezwErrors ZwPMIDimensionLabelCreateWithAttribute(szwPMIDimensionLabel data, const szwDimensionAttribute *attribute, szwEntityHandle *pmi)
ZwPMIDimensionLinearCreate	zwapi_pmi.h	20		ezwErrors ZwPMIDimensionLinearCreate(szwPMIDimensionLinear data, const szwDimensionAttribute *attribute, szwEntityHandle *dimension)
ZwPMIDimensionLinearInit	zwapi_pmi.h	14		ezwErrors ZwPMIDimensionLinearInit(szwPMIDimensionLinear *data)
ZwPMIDimensionPointsModify	zwapi_pmi.h	224		ezwErrors ZwPMIDimensionPointsModify(szwEntityHandle handle, szwPMIDimensionModifyPointsData data)
ZwPMIDimensionRadialDiametricCreate	zwapi_pmi.h	38		ezwErrors ZwPMIDimensionRadialDiametricCreate(szwPMIDimensionRadialDiametric data, const szwDimensionAttribute *attribute, szwEntityHandle *dimension)
ZwPMIDimensionRadialDiametricInit	zwapi_pmi.h	35		ezwErrors ZwPMIDimensionRadialDiametricInit(szwPMIDimensionRadialDiametric *data)
ZwPMIDimensionSymmetryCreate	zwapi_pmi.h	26		ezwErrors ZwPMIDimensionSymmetryCreate(szwPMIDimensionSymmetry data, const szwDimensionAttribute *attribute, szwEntityHandle *dimension)
ZwPMIDimensionSymmetryInit	zwapi_pmi.h	23		ezwErrors ZwPMIDimensionSymmetryInit(szwPMIDimensionSymmetry *data)
ZwPMIDimensionTextBoundingBoxGet	zwapi_pmi.h	146		ezwErrors ZwPMIDimensionTextBoundingBoxGet(szwEntityHandle dimensionHandle, int *countBox, szwPMIDimensionBoundingBoxData **boxDataList)
ZwPMIFeatureTextBalloonCreate	zwapi_pmi.h	230		ezwErrors ZwPMIFeatureTextBalloonCreate(szwPMITextBalloonData data, szwEntityHandle *handle)
ZwPMIFeatureTextBalloonDataFree	zwapi_pmi.h	239		ezwErrors ZwPMIFeatureTextBalloonDataFree(szwPMITextBalloonData *data)
ZwPMIFeatureTextBalloonDataGet	zwapi_pmi.h	236		ezwErrors ZwPMIFeatureTextBalloonDataGet(szwEntityHandle handle, szwPMITextBalloonData *data)
ZwPMIFeatureTextBalloonDataInit	zwapi_pmi.h	227		ezwErrors ZwPMIFeatureTextBalloonDataInit(ezwPMITextBalloonType type, szwPMITextBalloonData *data)
ZwPMIFeatureTextBalloonDataSet	zwapi_pmi.h	233		ezwErrors ZwPMIFeatureTextBalloonDataSet(szwEntityHandle handle, szwPMITextBalloonData data, szwEntityHandle *balloon)
ZwPMINodeNameGetByUI	zwapi_pmi.h	326		ezwErrors ZwPMINodeNameGetByUI(szwEntityHandle handle, int nameSize, char *nodeName)
ZwPMIOnlyDisplayInActiveViewOptionGet	zwapi_pmi.h	332		ezwErrors ZwPMIOnlyDisplayInActiveViewOptionGet(int *option)
ZwPMIOnlyDisplayInActiveViewOptionSet	zwapi_pmi.h	335		ezwErrors ZwPMIOnlyDisplayInActiveViewOptionSet(int option)
ZwPMIStackBalloonDirectionGet	zwapi_pmi.h	185		ezwErrors ZwPMIStackBalloonDirectionGet(szwEntityHandle stackBalloon, ezwStackBalloonDirection *direction)
ZwPMIStackBalloonDirectionSet	zwapi_pmi.h	191		ezwErrors ZwPMIStackBalloonDirectionSet(szwEntityHandle stackBalloon, ezwStackBalloonDirection direction)
ZwPMIStackBalloonSortingGet	zwapi_pmi.h	194		ezwErrors ZwPMIStackBalloonSortingGet(szwEntityHandle stackBalloon, int *countBalloon, szwStackBalloonData **balloonList)
ZwPMIStackBalloonSortingSet	zwapi_pmi.h	197		ezwErrors ZwPMIStackBalloonSortingSet(szwEntityHandle stackBalloon, const int countBalloon, const szwEntityHandle *balloonList)
ZwPMIStackBalloonsCreate	zwapi_pmi.h	83		ezwErrors ZwPMIStackBalloonsCreate(szwEntityHandle mainBalloonHandle, int countStackedBalloon, const szwEntityHandle *stackedBalloonList, ezwStackBalloonDirection method, int isAutoSort)
ZwPMISymbolDiscreteDataFree	zwapi_pmi.h	155		ezwErrors ZwPMISymbolDiscreteDataFree(szwPMISymbolDiscreteData *data)
ZwPMISymbolDiscreteDataGet	zwapi_pmi.h	152		ezwErrors ZwPMISymbolDiscreteDataGet(szwEntityHandle symbolHandle, szwPMISymbolDiscreteData *data)
ZwPMISymbolInsertBlockCreate	zwapi_pmi.h	242		ezwErrors ZwPMISymbolInsertBlockCreate(szwPMISymbolInsertBlockData data, szwEntityHandle *handle)
ZwPMISymbolListGet	zwapi_pmi.h	221		ezwErrors ZwPMISymbolListGet(ezwSymbolType type, int *count, szwEntityHandle **symbolList)
ZwPMISymbolSurfaceFinishCreate	zwapi_pmi.h	260		ezwErrors ZwPMISymbolSurfaceFinishCreate(szwPMISymbolSurfaceFinish data, const szwSymbolAttribute *attribute, szwEntityHandle *surfaceFinishSymbol)
ZwPMISymbolSurfaceFinishDataFree	zwapi_pmi.h	269		ezwErrors ZwPMISymbolSurfaceFinishDataFree(szwPMISymbolSurfaceFinish *data)
ZwPMISymbolSurfaceFinishDataGet	zwapi_pmi.h	263		ezwErrors ZwPMISymbolSurfaceFinishDataGet(szwEntityHandle surfaceFinishSymbol, szwPMISymbolSurfaceFinish *data, szwSymbolAttribute **attribute)
ZwPMISymbolSurfaceFinishDataSet	zwapi_pmi.h	266		ezwErrors ZwPMISymbolSurfaceFinishDataSet(szwEntityHandle surfaceFinishSymbol, const szwPMISymbolSurfaceFinish *data, const szwSymbolAttribute *attribute)
ZwPMISymbolSurfaceFinishInit	zwapi_pmi.h	257		ezwErrors ZwPMISymbolSurfaceFinishInit(szwPMISymbolSurfaceFinish *data)
ZwPMISymbolSurfaceFinishRoughTextPositionGet	zwapi_pmi.h	356		ezwErrors ZwPMISymbolSurfaceFinishRoughTextPositionGet(szwEntityHandle symbol, ezwSurfaceFinishRoughTextType textType, szwPoint *point)
ZwPMISymbolWeldCreate	zwapi_pmi.h	218		ezwErrors ZwPMISymbolWeldCreate(szwPMIWeldSymbol data, const szwSymbolAttribute *attribute, szwEntityHandle *pmi)
ZwPMISymbolWeldDataGet	zwapi_pmi.h	86		ezwErrors ZwPMISymbolWeldDataGet(szwEntityHandle weld, szwPMIWeldSymbol *data, szwSymbolAttribute **attribute)
ZwPMISymbolWeldDataSet	zwapi_pmi.h	92		ezwErrors ZwPMISymbolWeldDataSet(szwEntityHandle weld, const szwPMIWeldSymbol *data, const szwSymbolAttribute *attribute)
ZwPMISymbolWeldFree	zwapi_pmi.h	95		ezwErrors ZwPMISymbolWeldFree(szwPMIWeldSymbol *weldData)
ZwPMISymbolWeldInit	zwapi_pmi.h	212		ezwErrors ZwPMISymbolWeldInit(szwPMIWeldSymbol *data)
ZwPMITableBOMCreate	zwapi_pmi.h	104		ezwErrors ZwPMITableBOMCreate(szwPMIBOMData data, szwEntityHandle *BOMHandle)
ZwPMITableBOMInit	zwapi_pmi.h	98		ezwErrors ZwPMITableBOMInit(szwPMIBOMData *data)
ZwPMITableDiscreteDataFree	zwapi_pmi.h	161		ezwErrors ZwPMITableDiscreteDataFree(szwPMITableDiscreteData *data)
ZwPMITableDiscreteDataGet	zwapi_pmi.h	158		ezwErrors ZwPMITableDiscreteDataGet(szwEntityHandle tableHandle, szwPMITableDiscreteData *data)
ZwParameterDataFree	zwapi_template_command.h	42		ezwErrors ZwParameterDataFree(int idData)
ZwParameterDataGet	zwapi_template_command.h	36		ezwErrors ZwParameterDataGet(int idData, int idField, szwData *data)
ZwParameterDataName	zwapi_template_command.h	39		ezwErrors ZwParameterDataName(int idData, char *name)
ZwPathFindByFileName	zwapi_file_path.h	141		ezwErrors ZwPathFindByFileName(const char *fileName, int sizeFullPath, char *fullPath, ezwPathSearchResult *result)
ZwPathSeparatorCheck	zwapi_file_path.h	135		ezwErrors ZwPathSeparatorCheck(const char *sourcePath, int nBytes, char *path)
ZwPhysicalAttributeCalculate	zwapi_attribute.h	24		ezwErrors ZwPhysicalAttributeCalculate()
ZwPhysicalAttributeGet	zwapi_attribute.h	14		ezwErrors ZwPhysicalAttributeGet(szwPhysicalAttribute *attribute)
ZwPhysicalAttributeSet	zwapi_attribute.h	21		ezwErrors ZwPhysicalAttributeSet(szwPhysicalAttribute attribute)
ZwPhysicalAttributeSettingsGet	zwapi_attribute.h	36		ezwErrors ZwPhysicalAttributeSettingsGet(szwPhysicalAttributeSettings *data)
ZwPhysicalAttributeSettingsSet	zwapi_attribute.h	33		ezwErrors ZwPhysicalAttributeSettingsSet(szwPhysicalAttributeSettings data)
ZwPickReactorSet	zwapi_userinput.h	186		ezwErrors ZwPickReactorSet(szwPickReactorData data)
ZwPicksetCreate	zwapi_pickset.h	23		ezwErrors ZwPicksetCreate(const zwString32 pickSetName, int entityCount, const szwEntityHandle *entityList, szwEntityHandle *picksetHandle)
ZwPicksetDelete	zwapi_pickset.h	20		ezwErrors ZwPicksetDelete(szwEntityHandle picksetHandle)
ZwPicksetEntityAdd	zwapi_pickset.h	29		ezwErrors ZwPicksetEntityAdd(szwEntityHandle picksetHandle, int entityCount, const szwEntityHandle *entityList)
ZwPicksetEntityDelete	zwapi_pickset.h	32		ezwErrors ZwPicksetEntityDelete(szwEntityHandle picksetHandle, int entityCount, const szwEntityHandle *entityList)
ZwPicksetInformationGet	zwapi_pickset.h	13		ezwErrors ZwPicksetInformationGet(szwEntityHandle picksetHandle, int namelength, char *pickSetName, int *pickSetCount, szwEntityHandle **entityList)
ZwPicksetListGet	zwapi_pickset.h	17		ezwErrors ZwPicksetListGet(int *pickSetCount, szwEntityHandle **picksetHandles)
ZwPicksetRename	zwapi_pickset.h	26		ezwErrors ZwPicksetRename(const zwString32 pickSetName, szwEntityHandle picksetHandle)
ZwPlaneProjectPointGetByDirection	zwapi_point.h	59		ezwErrors ZwPlaneProjectPointGetByDirection(szwPoint planePoint, szwVector planeNormal, szwPoint point, const szwVector *projectDirection, szwPoint *projectPoint, int *isParallelOrOnPlane)
ZwPluginDataInit	zwapi_global_apply.h	176		ezwErrors ZwPluginDataInit(const char *libraryPath, szwPluginData *pluginData)
ZwPluginListGet	zwapi_global_apply.h	188		ezwErrors ZwPluginListGet(int *count, szwPluginData **pluginList)
ZwPluginLoad	zwapi_global_apply.h	182		ezwErrors ZwPluginLoad(szwPluginData pluginData)
ZwPluginUnload	zwapi_global_apply.h	185		ezwErrors ZwPluginUnload(const char *libraryName)
ZwPointDistanceGet	zwapi_point.h	38		ezwErrors ZwPointDistanceGet(szwPoint point1, szwPoint point2, double *distance)
ZwPointGetByPick	zwapi_point.h	23		ezwErrors ZwPointGetByPick(const char *prompt, ezwPointInputOption option, int emptyOk, szwPoint *point, szwEntityHandle *handle)
ZwPointListGet	zwapi_point.h	16		ezwErrors ZwPointListGet(int *count, szwEntityHandle **pointList)
ZwPointListTransform	zwapi_matrix.h	66		ezwErrors ZwPointListTransform(szwMatrix inputMatrix, int count, szwPoint *points)
ZwPointOnEntityCheck	zwapi_point.h	65		ezwErrors ZwPointOnEntityCheck(szwEntityHandle entityHandle, szwPoint point, ezwPointLocation *pointLocation)
ZwPointPolygonTriangulation	zwapi_point.h	35		ezwErrors ZwPointPolygonTriangulation(int pointCount, const szwPoint *pointList, int *vertexCount, int **vertexList)
ZwPointScreenPointGet	zwapi_point.h	80		ezwErrors ZwPointScreenPointGet(szwPoint point, szwPixel *screenPoint)
ZwPointTransform	zwapi_matrix.h	63		ezwErrors ZwPointTransform(szwMatrix inputMatrix, szwPoint *point)
ZwPointTranslateByDistance	zwapi_point.h	29		ezwErrors ZwPointTranslateByDistance(szwPoint *point, szwVector vector, double distance)
ZwPreEdgeDataFree	zwapi_preedge.h	21		ezwErrors ZwPreEdgeDataFree(szwPreEdgeData *data)
ZwPreEdgeDataGet	zwapi_preedge.h	15		ezwErrors ZwPreEdgeDataGet(szwEntityHandle preedge, szwPreEdgeData *data)
ZwPreEdgeDifferentiate	zwapi_preedge.h	30		ezwErrors ZwPreEdgeDifferentiate(szwEntityHandle preedgeHandle, double t, int level, szwCurveDerivative *evaluation)
ZwPreEdgePointDistanceGet	zwapi_preedge.h	27		ezwErrors ZwPreEdgePointDistanceGet(szwEntityHandle preEdgeHandle, szwPoint point, double *T, szwPoint *targetPoint, double *distance)
ZwPreEdgeStartPointGet	zwapi_preedge.h	24		ezwErrors ZwPreEdgeStartPointGet(szwEntityHandle preedge, szwEntityHandle *face, szwPoint2 *startPnt)
ZwPreferenceComponentLightSourcesModeGet	zwapi_global_apply.h	261		ezwErrors ZwPreferenceComponentLightSourcesModeGet(int *isUseLightSource)
ZwPreferenceComponentLightSourcesModeSet	zwapi_global_apply.h	264		ezwErrors ZwPreferenceComponentLightSourcesModeSet(int isUseLightSource)
ZwPreferenceCustomUnitCreate	zwapi_global_apply.h	279		ezwErrors ZwPreferenceCustomUnitCreate(const zwString32 unitName, szwUnitDefinition data)
ZwPreferenceCustomUnitDelete	zwapi_global_apply.h	282		ezwErrors ZwPreferenceCustomUnitDelete(const zwString32 unitName)
ZwPreferenceCustomUnitGet	zwapi_global_apply.h	285		ezwErrors ZwPreferenceCustomUnitGet(const zwString32 unitName, szwUnitDefinition *data)
ZwPreferenceCustomUnitSet	zwapi_global_apply.h	288		ezwErrors ZwPreferenceCustomUnitSet(const zwString32 unitName, szwUnitDefinition data)
ZwPreferenceDefaultUnitGet	zwapi_global_apply.h	291		ezwErrors ZwPreferenceDefaultUnitGet(ezwNumberClass unitType, int maxSize, char *unitName)
ZwPreferenceFreeEdgeDisplayModeGet	zwapi_global_apply.h	255		ezwErrors ZwPreferenceFreeEdgeDisplayModeGet(int *isShowFreeEdge)
ZwPreferenceFreeEdgeDisplayModeSet	zwapi_global_apply.h	258		ezwErrors ZwPreferenceFreeEdgeDisplayModeSet(int isShowFreeEdge)
ZwPreferenceToleranceGet	zwapi_global_apply.h	246		ezwErrors ZwPreferenceToleranceGet(double *value, int size, char *unitName)
ZwPreferenceToleranceSet	zwapi_global_apply.h	252		ezwErrors ZwPreferenceToleranceSet(double value, const char *unitName)
ZwPreferenceUnitsListGetByType	zwapi_global_apply.h	276		ezwErrors ZwPreferenceUnitsListGetByType(ezwNumberClass unitType, int *countUnits, zwString32 **unitNameList)
ZwPreferenceUnitsSystemCustomUnitsApply	zwapi_global_apply.h	273		ezwErrors ZwPreferenceUnitsSystemCustomUnitsApply(int countUnits, const zwString32 *unitNameList)
ZwPreferenceUnitsSystemGet	zwapi_global_apply.h	267	@deprecated	ezwErrors ZwPreferenceUnitsSystemGet(ezwUnitSystem *unitSystem, int *countUnits, szwUnitInformation **unitList)
ZwPreferenceUnitsSystemSet	zwapi_global_apply.h	270	@deprecated	ezwErrors ZwPreferenceUnitsSystemSet(ezwUnitSystem unitSystem)
ZwProfileModuleNameRegister	zwapi_global_apply.h	209		ezwErrors ZwProfileModuleNameRegister(const char *moduleName)
ZwProgressCancelButtonVisibleSet	zwapi_ui_guiset.h	60		ezwErrors ZwProgressCancelButtonVisibleSet(int visibility)
ZwRayComponentIntersectWithRadius	zwapi_intersection.h	19		ezwErrors ZwRayComponentIntersectWithRadius(const szwEntityHandle *component, ezwFaceTrim faceTrim, int onlyVisible, szwAxis ray, int infinite, double radius, double length, int *count, szwIntersectionPoint **intersectionPoints)
ZwRayFaceIntersect	zwapi_intersection.h	25		ezwErrors ZwRayFaceIntersect(szwEntityHandle faceHandle, ezwFaceTrim faceTrim, szwAxis ray, szwPoint *point, double *u, double *v)
ZwRayShapeIntersect	zwapi_intersection.h	13		ezwErrors ZwRayShapeIntersect(int nShapes, const szwEntityHandle *shapes, ezwFaceTrim faceTrim, szwAxis ray, int infinite, double length, int *count, szwIntersectionPoint **intersectionPoints)
ZwReadyTextDataFree	zwapi_sketch_wireframe.h	43		ezwErrors ZwReadyTextDataFree(szwReadyText *readyText)
ZwReferenceCreate	zwapi_dataexchange.h	27		ezwErrors ZwReferenceCreate(szwEntityHandle geometry, ezwReferenceCopyOption associativeCopy, szwEntityHandle *handle)
ZwReferenceCreateByData	zwapi_dataexchange.h	33		ezwErrors ZwReferenceCreateByData(szwReferenceCreateData data, int *count, szwEntityHandle **referenceList)
ZwReferenceCreateByDataInit	zwapi_dataexchange.h	30		ezwErrors ZwReferenceCreateByDataInit(szwReferenceCreateData *data)
ZwReferenceDataFree	zwapi_dataexchange.h	39		ezwErrors ZwReferenceDataFree(szwReferenceData *data)
ZwReferenceDataGet	zwapi_dataexchange.h	36		ezwErrors ZwReferenceDataGet(szwEntityHandle referenceHandle, szwReferenceData *data)
ZwResourceFileRegister	zwapi_global_apply.h	191		ezwErrors ZwResourceFileRegister(const char *file)
ZwResourceFileUnregister	zwapi_global_apply.h	197		ezwErrors ZwResourceFileUnregister(const char *file)
ZwResourcePathAdd	zwapi_global_apply.h	200		ezwErrors ZwResourcePathAdd(const zwString512 path)
ZwResourcePathDelete	zwapi_global_apply.h	203		ezwErrors ZwResourcePathDelete(const zwString512 path)
ZwResourcePathListGet	zwapi_global_apply.h	206		ezwErrors ZwResourcePathListGet(int *count, zwString512 **pathList)
ZwReuseLibraryDataFree	zwapi_reuse_library.h	24		ezwErrors ZwReuseLibraryDataFree(szwReuseLibraryData *data)
ZwReuseLibraryDataGetByComponent	zwapi_reuse_library.h	21		ezwErrors ZwReuseLibraryDataGetByComponent(szwEntityHandle component, szwReuseLibraryData *data)
ZwReuseLibraryDataGetByFeature	zwapi_reuse_library.h	18		ezwErrors ZwReuseLibraryDataGetByFeature(szwEntityHandle feature, szwReuseLibraryData *data)
ZwReuseLibraryFileStandardCheck	zwapi_reuse_library.h	13		ezwErrors ZwReuseLibraryFileStandardCheck(const zwPath partFilePath, int *isStandard)
ZwReuseLibraryPathAdd	zwapi_reuse_library.h	27		ezwErrors ZwReuseLibraryPathAdd(const zwPath path)
ZwRootIdGet	zwapi_root.h	207		ezwErrors ZwRootIdGet(zwRootName name, szwEntityHandle *rootHandle, ezwRootType *type)
ZwRotationalFaceAxisPointGet	zwapi_face.h	102		ezwErrors ZwRotationalFaceAxisPointGet(szwSurface surface, szwPoint *startPoint, szwPoint *endPoint)
ZwSearchPathAdd	zwapi_file_path.h	144		ezwErrors ZwSearchPathAdd(const zwString512 path)
ZwSearchPathDelete	zwapi_file_path.h	151		ezwErrors ZwSearchPathDelete(const zwString512 path)
ZwSearchPathListGet	zwapi_file_path.h	154		ezwErrors ZwSearchPathListGet(int *count, zwString512 **pathList)
ZwSectionViewCheck	zwapi_view.h	153		ezwErrors ZwSectionViewCheck(szwEntityHandle viewHandle, int *isSectionView)
ZwSectionViewComponentGet	zwapi_view.h	147		ezwErrors ZwSectionViewComponentGet(szwEntityHandle viewHandle, int *countOfComponent, szwEntityHandle **componentHandles, ezwSectionViewComponentIsIncluded *isIncluded)
ZwSectionViewComponentSet	zwapi_view.h	150		ezwErrors ZwSectionViewComponentSet(szwEntityHandle viewHandle, int countOfComponent, const szwEntityHandle *componentHandles, ezwSectionViewComponentIsIncluded isIncluded)
ZwSectionViewCreate	zwapi_view.h	132		ezwErrors ZwSectionViewCreate(szwSectionViewParameter sectionViewParameter, const zwString32 sectionViewName, szwEntityHandle *sectionViewHandle)
ZwSectionViewCurveAttributeGet	zwapi_view.h	168		ezwErrors ZwSectionViewCurveAttributeGet(szwCurveAttributes *data)
ZwSectionViewCurveAttributeSet	zwapi_view.h	171		ezwErrors ZwSectionViewCurveAttributeSet(szwCurveAttributes data)
ZwSectionViewDatumCurveListInsert	zwapi_view.h	177	@deprecated	ezwErrors ZwSectionViewDatumCurveListInsert(szwEntityHandle sectionViewHandle)
ZwSectionViewDatumPlaneInsert	zwapi_view.h	141		ezwErrors ZwSectionViewDatumPlaneInsert(szwEntityHandle sectionViewHandle)
ZwSectionViewDirectionReverse	zwapi_view.h	123		ezwErrors ZwSectionViewDirectionReverse(szwEntityHandle sectionViewHandle)
ZwSectionViewGlobalDisplayControlGet	zwapi_view.h	165		ezwErrors ZwSectionViewGlobalDisplayControlGet(szwControlGlobalAttributes *data)
ZwSectionViewGlobalDisplayControlSet	zwapi_view.h	159		ezwErrors ZwSectionViewGlobalDisplayControlSet(szwControlGlobalAttributes data)
ZwSectionViewListGet	zwapi_view.h	120		ezwErrors ZwSectionViewListGet(int *countOfSectionView, szwEntityHandle **sectionViews)
ZwSectionViewLocalDisplayControlGet	zwapi_view.h	162		ezwErrors ZwSectionViewLocalDisplayControlGet(szwEntityHandle sectionViewHandle, szwControlLocalAttributes *data)
ZwSectionViewLocalDisplayControlSet	zwapi_view.h	156		ezwErrors ZwSectionViewLocalDisplayControlSet(szwEntityHandle sectionViewHandle, szwControlLocalAttributes data)
ZwSectionViewNameGet	zwapi_view.h	117		ezwErrors ZwSectionViewNameGet(szwEntityHandle sectionViewHandle, int nameLength, char *sectionViewName)
ZwSectionViewNameSet	zwapi_view.h	111		ezwErrors ZwSectionViewNameSet(szwEntityHandle sectionViewHandle, const zwString32 newName)
ZwSectionViewOnStateGet	zwapi_view.h	135		ezwErrors ZwSectionViewOnStateGet(ezwSectionViewIsOn *isSectionOn)
ZwSectionViewOnStateSet	zwapi_view.h	138		ezwErrors ZwSectionViewOnStateSet(ezwSectionViewIsOn isSectionOn)
ZwSectionViewParameterGet	zwapi_view.h	126		ezwErrors ZwSectionViewParameterGet(szwEntityHandle sectionViewHandle, szwSectionViewParameter *sectionViewParameter)
ZwSectionViewParameterInit	zwapi_view.h	129		ezwErrors ZwSectionViewParameterInit(szwSectionViewParameter *sectionViewParameter)
ZwSectionViewParameterSet	zwapi_view.h	144		ezwErrors ZwSectionViewParameterSet(szwEntityHandle sectionViewHandle, szwSectionViewParameter sectionViewParameter)
ZwSectionViewUpdate	zwapi_view.h	174		ezwErrors ZwSectionViewUpdate()
ZwShapeEdgeListGet	zwapi_shape.h	36		ezwErrors ZwShapeEdgeListGet(szwEntityHandle shapeHandle, int *count, szwEntityHandle **edgeList)
ZwShapeEdgeSewAll	zwapi_shape.h	24		ezwErrors ZwShapeEdgeSewAll(double tolerance, int *openEdgesCount, double *maxGap)
ZwShapeFaceListGet	zwapi_shape.h	30		ezwErrors ZwShapeFaceListGet(szwEntityHandle shapeHandle, int *count, szwEntityHandle **faceList)
ZwShapeInnerCheck	zwapi_shape.h	45		ezwErrors ZwShapeInnerCheck(szwEntityHandle shapeHandle, int *isInnerShape)
ZwShapeInnerShapeListGet	zwapi_shape.h	21		ezwErrors ZwShapeInnerShapeListGet(szwEntityHandle shapeHandle, int *count, szwEntityHandle **innerShapes)
ZwShapeInterferenceCheck	zwapi_shape.h	57	@deprecated	ezwErrors ZwShapeInterferenceCheck(szwEntityHandle shapeA, szwEntityHandle shapeB, int saveGeometry, int *interferenceCount, szwEntityHandle **interferenceShapes, double *totalVolume)
ZwShapeInterferenceTypeGet	zwapi_shape.h	51	@deprecated	ezwErrors ZwShapeInterferenceTypeGet(szwEntityHandle shapeA, szwEntityHandle shapeB, ezwInterferenceType *type)
ZwShapeInternalAreaGet	zwapi_shape.h	48		ezwErrors ZwShapeInternalAreaGet(szwEntityHandle shapeHandle, double *area)
ZwShapeListGet	zwapi_shape.h	15		ezwErrors ZwShapeListGet(int *count, szwEntityHandle **shapes)
ZwShapeOpenCheck	zwapi_shape.h	42		ezwErrors ZwShapeOpenCheck(szwEntityHandle shape, int *isOpen)
ZwShapePhysicalAttributeGet	zwapi_attribute.h	27		ezwErrors ZwShapePhysicalAttributeGet(szwEntityHandle shape, szwPhysicalAttribute *attribute)
ZwShapePhysicalAttributeSet	zwapi_attribute.h	30		ezwErrors ZwShapePhysicalAttributeSet(szwEntityHandle shape, szwPhysicalAttribute attribute)
ZwShapeThicknessGet	zwapi_shape.h	39		ezwErrors ZwShapeThicknessGet(szwEntityHandle shape, int faceCount, const szwEntityHandle *faces, ezwPartThicknessMethods method, double *minimum, double *maximum)
ZwSheetMetalAttributeGet	zwapi_sheet_metal.h	12		ezwErrors ZwSheetMetalAttributeGet(szwSheetMetalAttribute *attribute)
ZwSheetMetalAttributeSet	zwapi_sheet_metal.h	18		ezwErrors ZwSheetMetalAttributeSet(szwSheetMetalAttribute attribute)
ZwSheetMetalBendFaceListGetByStationaryFace	zwapi_sheet_metal.h	49		ezwErrors ZwSheetMetalBendFaceListGetByStationaryFace(szwEntityHandle stationaryFace, int *count, szwEntityHandle **bendFaceList)
ZwSheetMetalFaceSideAndThickFind	zwapi_sheet_metal.h	31		ezwErrors ZwSheetMetalFaceSideAndThickFind(szwEntityHandle seedFace, szwSheetMetalFaceFindData *resultData)
ZwSheetMetalFaceSideAndThickFree	zwapi_sheet_metal.h	34		ezwErrors ZwSheetMetalFaceSideAndThickFree(szwSheetMetalFaceFindData *resultData)
ZwSheetMetalFlangeInterferenceCheck	zwapi_sheet_metal.h	37		ezwErrors ZwSheetMetalFlangeInterferenceCheck(int shapeCount, const szwEntityHandle *shapeList, int *faceCount, szwEntityHandle **faceList)
ZwSheetMetalFlangeProfileCorrection	zwapi_sheet_metal.h	28		ezwErrors ZwSheetMetalFlangeProfileCorrection(szwEntityHandle sketch, szwEntityHandle edge, double angle)
ZwSheetMetalFlatPatternCurveListGet	zwapi_sheet_metal.h	103		ezwErrors ZwSheetMetalFlatPatternCurveListGet(szwEntityHandle flatPatternHandle, int *count, szwEntityHandle **curveHandleList)
ZwSheetMetalFlatPatternDimensionListGet	zwapi_sheet_metal.h	109		ezwErrors ZwSheetMetalFlatPatternDimensionListGet(szwEntityHandle flatPattern, int *count, szwEntityHandle **dimensionList)
ZwSheetMetalFlatPatternGetByFlatSolid	zwapi_sheet_metal.h	97		ezwErrors ZwSheetMetalFlatPatternGetByFlatSolid(szwEntityHandle flatSolidHandle, szwEntityHandle *flatPatternHandle)
ZwSheetMetalFlatPatternGetByFlatten	zwapi_sheet_metal.h	85		ezwErrors ZwSheetMetalFlatPatternGetByFlatten(szwEntityHandle flattenHandle, szwEntityHandle *flatPatternHandle)
ZwSheetMetalFlatPatternOuterContourLinesGet	zwapi_sheet_metal.h	112		ezwErrors ZwSheetMetalFlatPatternOuterContourLinesGet(szwEntityHandle flatPatternHandle, int *count, szwEntityHandle **outerContourHandleList)
ZwSheetMetalFlatPatternPMIListGet	zwapi_sheet_metal.h	106		ezwErrors ZwSheetMetalFlatPatternPMIListGet(szwEntityHandle flatPatternHandle, int *count, szwEntityHandle **PMIHandleList)
ZwSheetMetalFlatPatternPMIRecreate	zwapi_sheet_metal.h	100		ezwErrors ZwSheetMetalFlatPatternPMIRecreate(szwEntityHandle flatPatternHandle)
ZwSheetMetalFlatPatternReferenceSketchGet	zwapi_sheet_metal.h	52		ezwErrors ZwSheetMetalFlatPatternReferenceSketchGet(szwEntityHandle flatPattern, szwEntityHandle *sketch)
ZwSheetMetalFlatSolidGetByFlatPattern	zwapi_sheet_metal.h	91		ezwErrors ZwSheetMetalFlatSolidGetByFlatPattern(szwEntityHandle flatPatternHandle, szwEntityHandle *flatSolidHandle)
ZwSheetMetalFlatSolidGetByFlatten	zwapi_sheet_metal.h	82		ezwErrors ZwSheetMetalFlatSolidGetByFlatten(szwEntityHandle flattenHandle, szwEntityHandle *flatSolidHandle)
ZwSheetMetalFlatSolidListGet	zwapi_sheet_metal.h	55		ezwErrors ZwSheetMetalFlatSolidListGet(int *countItem, szwEntityHandle **itemList)
ZwSheetMetalFlatSolidShapeListGetByFlatten	zwapi_sheet_metal.h	139		ezwErrors ZwSheetMetalFlatSolidShapeListGetByFlatten(szwEntityHandle flattenHandle, int *count, szwEntityHandle **shapeHandleList)
ZwSheetMetalFlattenDataFree	zwapi_sheet_metal.h	121		ezwErrors ZwSheetMetalFlattenDataFree(szwFlattenData *data)
ZwSheetMetalFlattenDataGet	zwapi_sheet_metal.h	118		ezwErrors ZwSheetMetalFlattenDataGet(szwEntityHandle flattenHandle, szwFlattenData *data)
ZwSheetMetalFlattenDataSet	zwapi_sheet_metal.h	124		ezwErrors ZwSheetMetalFlattenDataSet(szwEntityHandle flattenHandle, szwFlattenData data)
ZwSheetMetalFlattenGetByFlatPattern	zwapi_sheet_metal.h	88		ezwErrors ZwSheetMetalFlattenGetByFlatPattern(szwEntityHandle flatPatternHandle, szwEntityHandle *flattenHandle)
ZwSheetMetalFlattenGetByFlatSolid	zwapi_sheet_metal.h	94		ezwErrors ZwSheetMetalFlattenGetByFlatSolid(szwEntityHandle flatSolidHandle, szwEntityHandle *flattenHandle)
ZwSheetMetalFlattenListGet	zwapi_sheet_metal.h	115		ezwErrors ZwSheetMetalFlattenListGet(int *count, szwEntityHandle **flattenHandleList)
ZwSheetMetalFlattenListGetByShape	zwapi_sheet_metal.h	136		ezwErrors ZwSheetMetalFlattenListGetByShape(szwEntityHandle shapeHandle, int *count, szwEntityHandle **flattenHandleList)
ZwSheetMetalFlattenRegen	zwapi_sheet_metal.h	127		ezwErrors ZwSheetMetalFlattenRegen(const szwEntityHandle *flattenHandle)
ZwSheetMetalFlattenRegenModeGet	zwapi_sheet_metal.h	133		ezwErrors ZwSheetMetalFlattenRegenModeGet(int *autoRegen)
ZwSheetMetalFlattenRegenModeSet	zwapi_sheet_metal.h	130		ezwErrors ZwSheetMetalFlattenRegenModeSet(int autoRegen)
ZwSheetMetalFoldStateGet	zwapi_sheet_metal.h	40		ezwErrors ZwSheetMetalFoldStateGet(szwEntityHandle shapeHandle, ezwSheetMetalFoldStatus *status)
ZwSheetMetalPairFacesDataFree	zwapi_sheet_metal.h	46		ezwErrors ZwSheetMetalPairFacesDataFree(int count, szwSheetMetalPairFaceData **faceDataList)
ZwSheetMetalPairFacesDataListGet	zwapi_sheet_metal.h	43		ezwErrors ZwSheetMetalPairFacesDataListGet(int count, const szwEntityHandle *faceList, szwSheetMetalPairFaceData **faceDataList)
ZwSheetMetalRevolveFlangeCreate	zwapi_sheet_metal.h	61		ezwErrors ZwSheetMetalRevolveFlangeCreate(szwRevolveFlangeData data, szwEntityHandle *revolveFlangeHandle)
ZwSheetMetalRevolveFlangeDataGet	zwapi_sheet_metal.h	64		ezwErrors ZwSheetMetalRevolveFlangeDataGet(szwEntityHandle revolveFlangeHandle, szwRevolveFlangeData *data)
ZwSheetMetalRevolveFlangeDataInit	zwapi_sheet_metal.h	58		ezwErrors ZwSheetMetalRevolveFlangeDataInit(szwRevolveFlangeData *data)
ZwSheetMetalRevolveFlangeDataSet	zwapi_sheet_metal.h	67		ezwErrors ZwSheetMetalRevolveFlangeDataSet(szwEntityHandle revolveFlangeHandle, szwRevolveFlangeData data)
ZwSheetMetalTwistFlangeCreate	zwapi_sheet_metal.h	73		ezwErrors ZwSheetMetalTwistFlangeCreate(szwTwistFlangeData data, szwEntityHandle *twistFlangeHandle)
ZwSheetMetalTwistFlangeDataGet	zwapi_sheet_metal.h	76		ezwErrors ZwSheetMetalTwistFlangeDataGet(szwEntityHandle twistFlangeHandle, szwTwistFlangeData *data)
ZwSheetMetalTwistFlangeDataInit	zwapi_sheet_metal.h	70		ezwErrors ZwSheetMetalTwistFlangeDataInit(ezwTwistFlangeMethod method, szwEntityHandle edgeHandle, szwTwistFlangeData *data)
ZwSheetMetalTwistFlangeDataSet	zwapi_sheet_metal.h	79		ezwErrors ZwSheetMetalTwistFlangeDataSet(szwEntityHandle twistFlangeHandle, szwTwistFlangeData data)
ZwSimplifiedWrapCreate	zwapi_dataexchange.h	60		ezwErrors ZwSimplifiedWrapCreate(szwSimplifiedWrapData data, szwEntityHandle *feature)
ZwSimplifiedWrapDataInit	zwapi_dataexchange.h	57		ezwErrors ZwSimplifiedWrapDataInit(szwSimplifiedWrapData *data)
ZwSketch2DCurveListGet	zwapi_sketch_general.h	42		ezwErrors ZwSketch2DCurveListGet(const szwEntityHandle *sketchHandle, int *countGeometry, szwEntityHandle **geometryList)
ZwSketch3DCreate	zwapi_sketch_3d.h	14		ezwErrors ZwSketch3DCreate(szwEntityHandle *sketch3d)
ZwSketch3DCurveListGet	zwapi_sketch_3d.h	20		ezwErrors ZwSketch3DCurveListGet(szwEntityHandle sketch, int *count, szwEntityHandle **curves)
ZwSketch3DDimensionListGet	zwapi_sketch_3d.h	27		ezwErrors ZwSketch3DDimensionListGet(const szwEntityHandle *sketch3dHandle, int *count, szwEntityHandle **dimensionList)
ZwSketch3DDimensionValueEdit	zwapi_sketch_3d.h	30		ezwErrors ZwSketch3DDimensionValueEdit(szwEntityHandle handle, szwSketch3DDimensionEditValue data)
ZwSketch3DFilletCreate	zwapi_sketch_3d_wireframe.h	26		ezwErrors ZwSketch3DFilletCreate(szwCurveFilletData data, szwEntityHandle *handle)
ZwSketch3DFilletDataInit	zwapi_sketch_3d_wireframe.h	23		ezwErrors ZwSketch3DFilletDataInit(szwCurveFilletData *data)
ZwSketch3DLineCreate	zwapi_sketch_3d_wireframe.h	20		ezwErrors ZwSketch3DLineCreate(szwLineData data, szwEntityHandle *handle)
ZwSketch3DLineDataInit	zwapi_sketch_3d_wireframe.h	14		ezwErrors ZwSketch3DLineDataInit(szwLineData *data)
ZwSketchActivate	zwapi_sketch_general.h	33		ezwErrors ZwSketchActivate(const szwEntityHandle *sketchHandle, int updateGUI)
ZwSketchAngularDimensionCreate	zwapi_sketch_dimension.h	23		ezwErrors ZwSketchAngularDimensionCreate(ezwSketchAngularDimensionType angularType, int count, const szwSketchDimensionPoint *dimensionPoint, const szwPoint2 *textPoint, double dimensionValue, szwEntityHandle *dimensionHandle)
ZwSketchArcCreateByThreePoints	zwapi_sketch_wireframe.h	19		ezwErrors ZwSketchArcCreateByThreePoints(szwSketchArcCreateByThreePoints data, szwEntityHandle *entity)
ZwSketchArcCreateByThreePointsInit	zwapi_sketch_wireframe.h	13		ezwErrors ZwSketchArcCreateByThreePointsInit(szwSketchArcCreateByThreePoints *data)
ZwSketchArcLengthDimensionCreate	zwapi_sketch_dimension.h	29		ezwErrors ZwSketchArcLengthDimensionCreate(szwEntityHandle arcHandle, const szwPoint2 *textPoint, double dimensionValue, szwEntityHandle *dimensionHandle)
ZwSketchCancel	zwapi_sketch_general.h	39		ezwErrors ZwSketchCancel()
ZwSketchCircleCreateByRadius	zwapi_sketch_wireframe.h	25		ezwErrors ZwSketchCircleCreateByRadius(szwSketchCircleCreateByRadius data, szwEntityHandle *entity)
ZwSketchCircleCreateByRadiusInit	zwapi_sketch_wireframe.h	22		ezwErrors ZwSketchCircleCreateByRadiusInit(szwSketchCircleCreateByRadius *data)
ZwSketchConstraintSolve	zwapi_sketch_constraint.h	13		ezwErrors ZwSketchConstraintSolve()
ZwSketchConstraintStateGet	zwapi_sketch_constraint.h	32		ezwErrors ZwSketchConstraintStateGet(szwEntityHandle constraint, ezwSketchConstraintState *state)
ZwSketchConstraintStatusDataFree	zwapi_sketch_constraint.h	23		ezwErrors ZwSketchConstraintStatusDataFree(szwSketchGeometryConstraintData *geometryData)
ZwSketchConstraintStatusGet	zwapi_sketch_constraint.h	20		ezwErrors ZwSketchConstraintStatusGet(int solveConstraints, int *status, szwSketchGeometryConstraintData *geometryData)
ZwSketchCosmeticHatchAttributeGet	zwapi_sketch_cosmetic.h	19		ezwErrors ZwSketchCosmeticHatchAttributeGet(szwEntityHandle cosmeticSketch, szwSketchHatchAttribute *attribute)
ZwSketchCosmeticHatchAttributeSet	zwapi_sketch_cosmetic.h	22		ezwErrors ZwSketchCosmeticHatchAttributeSet(szwEntityHandle cosmeticSketch, szwSketchHatchAttribute attribute)
ZwSketchCosmeticHatchListGet	zwapi_sketch_cosmetic.h	13		ezwErrors ZwSketchCosmeticHatchListGet(szwEntityHandle cosmeticSketch, int *count, szwEntityHandle **hatchList)
ZwSketchCreateByData	zwapi_sketch_general.h	30		ezwErrors ZwSketchCreateByData(szwSketchData sketchData, szwEntityHandle *sketch)
ZwSketchCreateByDataInit	zwapi_sketch_general.h	27		ezwErrors ZwSketchCreateByDataInit(szwSketchData *sketchData)
ZwSketchCreateByMatrix	zwapi_sketch_general.h	21		ezwErrors ZwSketchCreateByMatrix(szwMatrix matrix, szwEntityHandle *sketchHandle)
ZwSketchCurveEquationAdd	zwapi_sketch_wireframe.h	80		ezwErrors ZwSketchCurveEquationAdd(const zwString64 newEquationName, szw2DCurveEquationData newData)
ZwSketchCurveEquationDataGetByName	zwapi_sketch_wireframe.h	71		ezwErrors ZwSketchCurveEquationDataGetByName(const char *equationName, szw2DCurveEquationData *data)
ZwSketchCurveEquationDelete	zwapi_sketch_wireframe.h	83		ezwErrors ZwSketchCurveEquationDelete(const zwString64 equationName)
ZwSketchCurveEquationNameListGet	zwapi_sketch_wireframe.h	68		ezwErrors ZwSketchCurveEquationNameListGet(int *count, zwString64 **equationList)
ZwSketchCurveEquationRename	zwapi_sketch_wireframe.h	77		ezwErrors ZwSketchCurveEquationRename(const zwString64 oldEquationName, const zwString64 newEquationName)
ZwSketchCurveEquationSet	zwapi_sketch_wireframe.h	74		ezwErrors ZwSketchCurveEquationSet(const zwString64 equationName, szw2DCurveEquationData newData)
ZwSketchDimensionGeometryListGet	zwapi_sketch_dimension.h	45		ezwErrors ZwSketchDimensionGeometryListGet(szwEntityHandle dimension, int *count, szwEntityHandle **geometryList)
ZwSketchDimensionListGet	zwapi_sketch_dimension.h	38		ezwErrors ZwSketchDimensionListGet(int *count, szwEntityHandle **dimensionList)
ZwSketchDimensionPointGet	zwapi_sketch_dimension.h	54		ezwErrors ZwSketchDimensionPointGet(szwEntityHandle dimensionHandle, int *count, szwSketchDimensionPoint **dimensionPoints)
ZwSketchDimensionReferenceStateGet	zwapi_sketch_dimension.h	60		ezwErrors ZwSketchDimensionReferenceStateGet(szwEntityHandle dimension, int *state)
ZwSketchDimensionReferenceStateSet	zwapi_sketch_dimension.h	66		ezwErrors ZwSketchDimensionReferenceStateSet(int count, const szwEntityHandle *dimensions, int state)
ZwSketchDimensionTypeGet	zwapi_sketch_dimension.h	51		ezwErrors ZwSketchDimensionTypeGet(szwEntityHandle dimensionHandle, ezwSketchDimensionType *type, int *subtype)
ZwSketchDimensionWeakCheck	zwapi_sketch_dimension.h	57		ezwErrors ZwSketchDimensionWeakCheck(szwEntityHandle dimensionHandle, int *isWeak)
ZwSketchEquationCurveCreate	zwapi_sketch_wireframe.h	55		ezwErrors ZwSketchEquationCurveCreate(szwEquation2DCurveData data, szwEntityHandle *equationCurve)
ZwSketchEquationCurveDataGet	zwapi_sketch_wireframe.h	62		ezwErrors ZwSketchEquationCurveDataGet(szwEntityHandle equationCurve, szwEquation2DCurveData *data)
ZwSketchEquationCurveDataSet	zwapi_sketch_wireframe.h	65		ezwErrors ZwSketchEquationCurveDataSet(szwEntityHandle equationCurve, szwEquation2DCurveData data)
ZwSketchGeneralTableListGet	zwapi_sketch_general.h	51		ezwErrors ZwSketchGeneralTableListGet(const szwEntityHandle *sketchHandle, int *count, szwEntityHandle **tableList)
ZwSketchGeometryConstraintListGet	zwapi_sketch_constraint.h	26		ezwErrors ZwSketchGeometryConstraintListGet(szwEntityHandle geometry, int *count, szwEntityHandle **constraintList)
ZwSketchGeometryDimensionListGet	zwapi_sketch_dimension.h	48		ezwErrors ZwSketchGeometryDimensionListGet(szwEntityHandle geometry, int *count, szwEntityHandle **dimensionList)
ZwSketchGlobalLineAttributeGet	zwapi_sketch_wireframe.h	104		ezwErrors ZwSketchGlobalLineAttributeGet(szwSketchLineAttribute *attribute)
ZwSketchGlobalLineAttributeSet	zwapi_sketch_wireframe.h	101		ezwErrors ZwSketchGlobalLineAttributeSet(szwSketchLineAttribute attribute)
ZwSketchGlobalPointAttributeGet	zwapi_sketch_wireframe.h	92		ezwErrors ZwSketchGlobalPointAttributeGet(szwSketchPointAttribute *attribute)
ZwSketchGlobalPointAttributeSet	zwapi_sketch_wireframe.h	86		ezwErrors ZwSketchGlobalPointAttributeSet(szwSketchPointAttribute attribute)
ZwSketchHatchBoundaryListGet	zwapi_sketch_cosmetic.h	31		ezwErrors ZwSketchHatchBoundaryListGet(szwEntityHandle hatch, int *count, szwEntityHandle **boundaryList)
ZwSketchHatchDiscreteDataFree	zwapi_sketch_cosmetic.h	28		ezwErrors ZwSketchHatchDiscreteDataFree(szwSketchHatchDiscreteData *data)
ZwSketchHatchDiscreteDataGet	zwapi_sketch_cosmetic.h	25		ezwErrors ZwSketchHatchDiscreteDataGet(szwEntityHandle hatch, szwSketchHatchDiscreteData *data)
ZwSketchInsertHomologousPlaneListGet	zwapi_sketch_general.h	69		ezwErrors ZwSketchInsertHomologousPlaneListGet(szwEntityHandle sketch, int *count, szwEntityHandle **planes)
ZwSketchInsertPlaneGet	zwapi_sketch_general.h	66		ezwErrors ZwSketchInsertPlaneGet(szwEntityHandle sketch, szwEntityHandle *plane)
ZwSketchLineAttributeGet	zwapi_sketch_wireframe.h	110		ezwErrors ZwSketchLineAttributeGet(szwEntityHandle line, szwSketchLineAttribute *attribute)
ZwSketchLineAttributeSet	zwapi_sketch_wireframe.h	107		ezwErrors ZwSketchLineAttributeSet(int count, const szwEntityHandle *lineList, szwSketchLineAttribute attribute)
ZwSketchLineCreateBy2DPoints	zwapi_sketch_wireframe.h	28		ezwErrors ZwSketchLineCreateBy2DPoints(szwPoint2 startPoint, szwPoint2 endPoint, szwEntityHandle *lineHandle)
ZwSketchLinearDimensionCreate	zwapi_sketch_dimension.h	14		ezwErrors ZwSketchLinearDimensionCreate(ezwSketchLinearDimensionType linearType, szwSketchDimensionPoint dimensionPoint1, szwSketchDimensionPoint dimensionPoint2, const szwPoint2 *textPoint, double dimensionValue, szwEntityHandle *dimensionHandle)
ZwSketchLinearOffsetDimensionCreate	zwapi_sketch_dimension.h	20		ezwErrors ZwSketchLinearOffsetDimensionCreate(ezwSketchLinearOffsetDimensionType linearOffsetType, szwSketchDimensionPoint dimensionPoint1, szwSketchDimensionPoint dimensionPoint2, const szwPoint2 *textPoint, double dimensionValue, szwEntityHandle *dimensionHandle)
ZwSketchListGet	zwapi_sketch_general.h	15		ezwErrors ZwSketchListGet(int *countSketch, szwEntityHandle **sketchList)
ZwSketchPatternConstraintDataGet	zwapi_sketch_constraint.h	29		ezwErrors ZwSketchPatternConstraintDataGet(szwEntityHandle constraint, szwSketchPatternData *patternData)
ZwSketchPerimeterDimensionCreate	zwapi_sketch_dimension.h	35		ezwErrors ZwSketchPerimeterDimensionCreate(szwPerimeterDimensionData data, szwEntityHandle *dimensionHandle)
ZwSketchPointAttributeGet	zwapi_sketch_wireframe.h	98		ezwErrors ZwSketchPointAttributeGet(szwEntityHandle point, szwSketchPointAttribute *attribute)
ZwSketchPointAttributeSet	zwapi_sketch_wireframe.h	95		ezwErrors ZwSketchPointAttributeSet(int count, const szwEntityHandle *pointList, szwSketchPointAttribute attribute)
ZwSketchRadialDimensionCreate	zwapi_sketch_dimension.h	26		ezwErrors ZwSketchRadialDimensionCreate(ezwSketchRadialDimensionType radialType, szwEntityHandle arcHandle, const szwPoint2 *textPoint, double dimensionValue, szwEntityHandle *dimensionHandle)
ZwSketchReadyTextCreate	zwapi_sketch_wireframe.h	34		ezwErrors ZwSketchReadyTextCreate(szwReadyTextCreate data, szwEntityHandle *entityHandle)
ZwSketchReadyTextCreateInit	zwapi_sketch_wireframe.h	31		ezwErrors ZwSketchReadyTextCreateInit(ezwReadyTextMethods method, szwReadyTextCreate *data)
ZwSketchReadyTextDataGet	zwapi_sketch_wireframe.h	49		ezwErrors ZwSketchReadyTextDataGet(szwEntityHandle readyTextHandle, szwReadyText *readyText)
ZwSketchReadyTextOutlineListGet	zwapi_sketch_wireframe.h	52		ezwErrors ZwSketchReadyTextOutlineListGet(szwEntityHandle readyTextHandle, int *count, szwEntityHandle **outlines)
ZwSketchRelocateDataFree	zwapi_sketch_general.h	60		ezwErrors ZwSketchRelocateDataFree(szwSketchRelocateData *relocateData)
ZwSketchRelocateDataGet	zwapi_sketch_general.h	57		ezwErrors ZwSketchRelocateDataGet(szwEntityHandle sketchHandle, szwSketchRelocateData *relocateData)
ZwSketchRelocateDataInit	zwapi_sketch_general.h	54		ezwErrors ZwSketchRelocateDataInit(szwSketchRelocateData *relocateData)
ZwSketchRelocateDataSet	zwapi_sketch_general.h	63		ezwErrors ZwSketchRelocateDataSet(szwEntityHandle sketchHandle, szwSketchRelocateData relocateData)
ZwSketchSlotCreate	zwapi_sketch_wireframe.h	40		ezwErrors ZwSketchSlotCreate(szwSlotCreate data, int *count, szwEntityHandle **entityHandleList)
ZwSketchSlotCreateInit	zwapi_sketch_wireframe.h	37		ezwErrors ZwSketchSlotCreateInit(ezwSlotMethod method, szwSlotCreate *data)
ZwSketchSymbolImageCreate	zwapi_sketch_dimension.h	69		ezwErrors ZwSketchSymbolImageCreate(szwSymbolImage data, int embed, szwEntityHandle *imageHandle)
ZwSketchSymbolImageInit	zwapi_sketch_dimension.h	77		ezwErrors ZwSketchSymbolImageInit(szwSymbolImage *data)
ZwSketchSymbolImageListGet	zwapi_sketch_dimension.h	74		ezwErrors ZwSketchSymbolImageListGet(int *count, szwEntityHandle **imageList)
ZwSketchSymmetryDimensionCreate	zwapi_sketch_dimension.h	32		ezwErrors ZwSketchSymmetryDimensionCreate(ezwSketchSymmetryDimensionType symmetryType, szwSketchDimensionPoint dimensionPoint, szwEntityHandle centerLineHandle, const szwPoint2 *textPoint, double dimensionValue, int autoSwitch, szwEntityHandle *dimensionHandle)
ZwSketchTextDiscreteDataFree	zwapi_sketch_general.h	75		ezwErrors ZwSketchTextDiscreteDataFree(szwSketchTextDiscreteData *data)
ZwSketchTextDiscreteDataGet	zwapi_sketch_general.h	72		ezwErrors ZwSketchTextDiscreteDataGet(szwEntityHandle textHandle, szwSketchTextDiscreteData *data)
ZwSketchTextListGet	zwapi_sketch_general.h	48		ezwErrors ZwSketchTextListGet(const szwEntityHandle *sketchHandle, int *textCount, szwEntityHandle **textHandles)
ZwStandardAttributeDateSet	zwapi_attribute.h	48		ezwErrors ZwStandardAttributeDateSet(ezwDateFormat dateFormat)
ZwStandardAttributeGet	zwapi_attribute.h	39		ezwErrors ZwStandardAttributeGet(ezwStandardAttributeItem attributeItem, int size, char *attribute)
ZwStandardAttributeSet	zwapi_attribute.h	45		ezwErrors ZwStandardAttributeSet(ezwStandardAttributeItem attributeItem, const char *attribute)
ZwStandardAttributeSheetObjectGet	zwapi_attribute.h	54		ezwErrors ZwStandardAttributeSheetObjectGet(int nPathBytes, char *filePath)
ZwStandardAttributeSheetObjectSet	zwapi_attribute.h	51		ezwErrors ZwStandardAttributeSheetObjectSet(zwPath filePath)
ZwSurfaceDataFree	zwapi_face.h	25		ezwErrors ZwSurfaceDataFree(szwSurface *data)
ZwSymbolAttributeArrowheadsExtenderLineGet	zwapi_symbol_attribute.h	35		ezwErrors ZwSymbolAttributeArrowheadsExtenderLineGet(const szwSymbolAttribute *symbolAttribute, int *isShowExtenderLine)
ZwSymbolAttributeArrowheadsExtenderLineSet	zwapi_symbol_attribute.h	42		ezwErrors ZwSymbolAttributeArrowheadsExtenderLineSet(szwSymbolAttribute *symbolAttribute, int isShowExtenderLine)
ZwSymbolAttributeArrowheadsExtenderLineSizeGet	zwapi_symbol_attribute.h	45		ezwErrors ZwSymbolAttributeArrowheadsExtenderLineSizeGet(const szwSymbolAttribute *symbolAttribute, double *extenderLineSize)
ZwSymbolAttributeArrowheadsExtenderLineSizeSet	zwapi_symbol_attribute.h	48		ezwErrors ZwSymbolAttributeArrowheadsExtenderLineSizeSet(szwSymbolAttribute *symbolAttribute, double extenderLineSize)
ZwSymbolAttributeArrowheadsSizeGet	zwapi_symbol_attribute.h	51		ezwErrors ZwSymbolAttributeArrowheadsSizeGet(const szwSymbolAttribute *symbolAttribute, double *arrowheadsSize)
ZwSymbolAttributeArrowheadsSizeSet	zwapi_symbol_attribute.h	54		ezwErrors ZwSymbolAttributeArrowheadsSizeSet(szwSymbolAttribute *symbolAttribute, double arrowheadsSize)
ZwSymbolAttributeArrowheadsTypeGet	zwapi_symbol_attribute.h	57		ezwErrors ZwSymbolAttributeArrowheadsTypeGet(const szwSymbolAttribute *symbolAttribute, ezwSymbolArrowheadsType *arrowheadsType)
ZwSymbolAttributeArrowheadsTypeSet	zwapi_symbol_attribute.h	60		ezwErrors ZwSymbolAttributeArrowheadsTypeSet(szwSymbolAttribute *symbolAttribute, ezwSymbolArrowheadsType arrowheadsType)
ZwSymbolAttributeFree	zwapi_symbol_attribute.h	20		ezwErrors ZwSymbolAttributeFree(szwSymbolAttribute **symbolAttribute)
ZwSymbolAttributeGet	zwapi_symbol_attribute.h	26		ezwErrors ZwSymbolAttributeGet(szwEntityHandle symbol, szwSymbolAttribute **symbolAttribute)
ZwSymbolAttributeInit	zwapi_symbol_attribute.h	14		ezwErrors ZwSymbolAttributeInit(ezwSymbolType symbolType, ezwAttributeEnvironment symbolEnvironment, szwSymbolAttribute **symbolAttribute)
ZwSymbolAttributeLeaderColorGet	zwapi_symbol_attribute.h	87		ezwErrors ZwSymbolAttributeLeaderColorGet(const szwSymbolAttribute *symbolAttribute, szwColor *leaderColor)
ZwSymbolAttributeLeaderColorSet	zwapi_symbol_attribute.h	90		ezwErrors ZwSymbolAttributeLeaderColorSet(szwSymbolAttribute *symbolAttribute, szwColor leaderColor)
ZwSymbolAttributeLeaderStyleGet	zwapi_symbol_attribute.h	93		ezwErrors ZwSymbolAttributeLeaderStyleGet(const szwSymbolAttribute *symbolAttribute, ezwLineType *leaderStyle)
ZwSymbolAttributeLeaderStyleSet	zwapi_symbol_attribute.h	96		ezwErrors ZwSymbolAttributeLeaderStyleSet(szwSymbolAttribute *symbolAttribute, ezwLineType leaderStyle)
ZwSymbolAttributeLeaderWidthGet	zwapi_symbol_attribute.h	99		ezwErrors ZwSymbolAttributeLeaderWidthGet(const szwSymbolAttribute *symbolAttribute, ezwLineWidth *leaderWidth)
ZwSymbolAttributeLeaderWidthSet	zwapi_symbol_attribute.h	102		ezwErrors ZwSymbolAttributeLeaderWidthSet(szwSymbolAttribute *symbolAttribute, ezwLineWidth leaderWidth)
ZwSymbolAttributeSet	zwapi_symbol_attribute.h	32		ezwErrors ZwSymbolAttributeSet(szwEntityHandle symbol, const szwSymbolAttribute *symbolAttribute)
ZwSymbolAttributeSymbolColorGet	zwapi_symbol_attribute.h	105		ezwErrors ZwSymbolAttributeSymbolColorGet(const szwSymbolAttribute *symbolAttribute, szwColor *symbolColor)
ZwSymbolAttributeSymbolColorSet	zwapi_symbol_attribute.h	109		ezwErrors ZwSymbolAttributeSymbolColorSet(szwSymbolAttribute *symbolAttribute, szwColor symbolColor)
ZwSymbolAttributeSymbolStyleGet	zwapi_symbol_attribute.h	112		ezwErrors ZwSymbolAttributeSymbolStyleGet(const szwSymbolAttribute *symbolAttribute, ezwLineType *symbolStyle)
ZwSymbolAttributeSymbolStyleSet	zwapi_symbol_attribute.h	115		ezwErrors ZwSymbolAttributeSymbolStyleSet(szwSymbolAttribute *symbolAttribute, ezwLineType symbolStyle)
ZwSymbolAttributeSymbolWidthGet	zwapi_symbol_attribute.h	118		ezwErrors ZwSymbolAttributeSymbolWidthGet(const szwSymbolAttribute *symbolAttribute, ezwLineWidth *symbolWidth)
ZwSymbolAttributeSymbolWidthSet	zwapi_symbol_attribute.h	121		ezwErrors ZwSymbolAttributeSymbolWidthSet(szwSymbolAttribute *symbolAttribute, ezwLineWidth symbolWidth)
ZwSymbolAttributeTextBigFontNameGet	zwapi_symbol_attribute.h	69		ezwErrors ZwSymbolAttributeTextBigFontNameGet(const szwSymbolAttribute *symbolAttribute, char *fontName2)
ZwSymbolAttributeTextBigFontNameSet	zwapi_symbol_attribute.h	72		ezwErrors ZwSymbolAttributeTextBigFontNameSet(szwSymbolAttribute *symbolAttribute, char *fontName2)
ZwSymbolAttributeTextColorGet	zwapi_symbol_attribute.h	81		ezwErrors ZwSymbolAttributeTextColorGet(const szwSymbolAttribute *symbolAttribute, szwColor *textColor)
ZwSymbolAttributeTextColorSet	zwapi_symbol_attribute.h	84		ezwErrors ZwSymbolAttributeTextColorSet(szwSymbolAttribute *symbolAttribute, szwColor textColor)
ZwSymbolAttributeTextFontNameGet	zwapi_symbol_attribute.h	63		ezwErrors ZwSymbolAttributeTextFontNameGet(const szwSymbolAttribute *symbolAttribute, char *fontName)
ZwSymbolAttributeTextFontNameSet	zwapi_symbol_attribute.h	66		ezwErrors ZwSymbolAttributeTextFontNameSet(szwSymbolAttribute *symbolAttribute, char *fontName)
ZwSymbolAttributeTextShapeGet	zwapi_symbol_attribute.h	75		ezwErrors ZwSymbolAttributeTextShapeGet(const szwSymbolAttribute *symbolAttribute, double *charHeight, double *aspectRatio)
ZwSymbolAttributeTextShapeSet	zwapi_symbol_attribute.h	78		ezwErrors ZwSymbolAttributeTextShapeSet(szwSymbolAttribute *symbolAttribute, double charHeight, double aspectRatio)
ZwTableAttributeGet	zwapi_table.h	86		ezwErrors ZwTableAttributeGet(szwEntityHandle table, szwTableAttribute *tableAttribute, szwTableTextAttribute *textAttribute)
ZwTableAttributeSet	zwapi_table.h	89		ezwErrors ZwTableAttributeSet(szwEntityHandle table, const szwTableAttribute *tableAttribute, const szwTableTextAttribute *textAttribute, int updateAllCell)
ZwTableCellAttributeGet	zwapi_table.h	80		ezwErrors ZwTableCellAttributeGet(szwEntityHandle table, int row, int column, szwTableCellAttribute *cellAttribute, szwTableTextAttribute *textAttribute)
ZwTableCellAttributeSet	zwapi_table.h	83		ezwErrors ZwTableCellAttributeSet(szwEntityHandle table, int row, int column, const szwTableCellAttribute *cellAttribute, const szwTableTextAttribute *textAttribute)
ZwTableCellDataTypeGet	zwapi_table.h	53		ezwErrors ZwTableCellDataTypeGet(szwEntityHandle table, int row, int column, ezwTableCellDataType *dataType)
ZwTableCellDataTypeSet	zwapi_table.h	56		ezwErrors ZwTableCellDataTypeSet(szwEntityHandle table, int row, int column, ezwTableCellDataType dataType)
ZwTableCellDisplayTextGet	zwapi_table.h	92		ezwErrors ZwTableCellDisplayTextGet(szwEntityHandle table, int row, int column, int nBytes, char *text)
ZwTableCellMerge	zwapi_table.h	71		ezwErrors ZwTableCellMerge(szwEntityHandle table, int startRow, int endRow, int startColumn, int endColumn)
ZwTableCellMergedCheck	zwapi_table.h	77		ezwErrors ZwTableCellMergedCheck(szwEntityHandle table, int row, int column, int *merged, szwRectangle *mergeRange)
ZwTableCellTextGet	zwapi_table.h	47		ezwErrors ZwTableCellTextGet(szwEntityHandle table, int row, int column, char *text, int size)
ZwTableCellTextSet	zwapi_table.h	50		ezwErrors ZwTableCellTextSet(szwEntityHandle table, int row, int column, const char *text)
ZwTableCellUnMerge	zwapi_table.h	74		ezwErrors ZwTableCellUnMerge(szwEntityHandle table, int startRow, int endRow, int startColumn, int endColumn)
ZwTableColumnCountGet	zwapi_table.h	32		ezwErrors ZwTableColumnCountGet(szwEntityHandle table, int *count)
ZwTableColumnDelete	zwapi_table.h	44		ezwErrors ZwTableColumnDelete(szwEntityHandle table, int column)
ZwTableColumnInsert	zwapi_table.h	38		ezwErrors ZwTableColumnInsert(szwEntityHandle table, int column)
ZwTableColumnWidthGet	zwapi_table.h	65		ezwErrors ZwTableColumnWidthGet(szwEntityHandle table, int column, double *width)
ZwTableColumnWidthSet	zwapi_table.h	68		ezwErrors ZwTableColumnWidthSet(szwEntityHandle table, int column, double width)
ZwTableInsert	zwapi_table.h	23		ezwErrors ZwTableInsert(szwEntityHandle table, szwTableInsertData data)
ZwTableRowCountGet	zwapi_table.h	26		ezwErrors ZwTableRowCountGet(szwEntityHandle table, int *count)
ZwTableRowDelete	zwapi_table.h	41		ezwErrors ZwTableRowDelete(szwEntityHandle table, int row)
ZwTableRowHeightGet	zwapi_table.h	59		ezwErrors ZwTableRowHeightGet(szwEntityHandle table, int row, double *height)
ZwTableRowHeightSet	zwapi_table.h	62		ezwErrors ZwTableRowHeightSet(szwEntityHandle table, int row, double height)
ZwTableRowInsert	zwapi_table.h	35		ezwErrors ZwTableRowInsert(szwEntityHandle table, int row)
ZwTemplateCommandListModeGet	zwapi_template_command.h	30		ezwErrors ZwTemplateCommandListModeGet(const char *templateName, int idField, int *isList)
ZwTemplateCommandListModeSet	zwapi_template_command.h	33		ezwErrors ZwTemplateCommandListModeSet(const char *templateName, int idField, int isList)
ZwTemplateCommandOptionsGet	zwapi_template_command.h	21		ezwErrors ZwTemplateCommandOptionsGet(const char *templateName, int idField, int nBytes, char *optionsData)
ZwTemplateCommandOptionsSet	zwapi_template_command.h	27		ezwErrors ZwTemplateCommandOptionsSet(const char *templateName, int idField, const char *optionsData)
ZwTextAttributeColorGet	zwapi_text_attribute.h	43		ezwErrors ZwTextAttributeColorGet(szwTextAttribute *textAttribute, szwColor *color)
ZwTextAttributeColorSet	zwapi_text_attribute.h	46		ezwErrors ZwTextAttributeColorSet(szwTextAttribute *textAttribute, szwColor color)
ZwTextAttributeFontGet	zwapi_text_attribute.h	34		ezwErrors ZwTextAttributeFontGet(szwTextAttribute *textAttribute, int nbytes, char *fontName)
ZwTextAttributeFontSet	zwapi_text_attribute.h	40		ezwErrors ZwTextAttributeFontSet(szwTextAttribute *textAttribute, const char *fontName)
ZwTextAttributeFree	zwapi_text_attribute.h	19		ezwErrors ZwTextAttributeFree(szwTextAttribute **textAttribute)
ZwTextAttributeGet	zwapi_text_attribute.h	25		ezwErrors ZwTextAttributeGet(szwEntityHandle text, szwTextAttribute **textAttribute)
ZwTextAttributeHeightGet	zwapi_text_attribute.h	49		ezwErrors ZwTextAttributeHeightGet(szwTextAttribute *textAttribute, double *height)
ZwTextAttributeHeightSet	zwapi_text_attribute.h	52		ezwErrors ZwTextAttributeHeightSet(szwTextAttribute *textAttribute, double height)
ZwTextAttributeInit	zwapi_text_attribute.h	13		ezwErrors ZwTextAttributeInit(ezwAttributeEnvironment textEnvironment, szwTextAttribute **textAttribute)
ZwTextAttributeSet	zwapi_text_attribute.h	31		ezwErrors ZwTextAttributeSet(szwEntityHandle text, const szwTextAttribute *textAttribute)
ZwTextColorBarCreate	zwapi_display.h	255		ezwErrors ZwTextColorBarCreate(int count, const szwColorBarData *data)
ZwTextColorBarOff	zwapi_display.h	257		ezwErrors ZwTextColorBarOff()
ZwTriadDisplayStateGet	zwapi_display.h	237		ezwErrors ZwTriadDisplayStateGet(int *showFrameTriad, int *showCompassTriad, int *showHidden)
ZwTriadDisplayStateSet	zwapi_display.h	234		ezwErrors ZwTriadDisplayStateSet(const int *showFrameTriad, const int *showCompassTriad, const int *showHidden)
ZwUiColorButtonColorGet	zwapi_ui_colorbutton.h	13		ezwErrors ZwUiColorButtonColorGet(const char *form, int idField, ezwColor *colorIndex, szwColor *trueColor)
ZwUiColorButtonColorSet	zwapi_ui_colorbutton.h	19		ezwErrors ZwUiColorButtonColorSet(const char *form, int idField, szwColor color)
ZwUiColorPanelColorGet	zwapi_ui_colorpanel.h	13		ezwErrors ZwUiColorPanelColorGet(const char *form, int idField, ezwColor *colorIndex, szwColor *trueColor)
ZwUiColorPanelColorSet	zwapi_ui_colorpanel.h	19		ezwErrors ZwUiColorPanelColorSet(const char *form, int idField, szwColor color)
ZwUiCommandIconGet	zwapi_ui_command.h	22		ezwErrors ZwUiCommandIconGet(const char *command, char *icon, int size)
ZwUiCommandIconSet	zwapi_ui_command.h	25		ezwErrors ZwUiCommandIconSet(const char *command, const char *icon)
ZwUiCommandStateGet	zwapi_ui_command.h	28		ezwErrors ZwUiCommandStateGet(const char *command, ezwCommandStateType *state)
ZwUiCommandStateSet	zwapi_ui_command.h	31		ezwErrors ZwUiCommandStateSet(const char *command, ezwCommandStateType state)
ZwUiCommandTextGet	zwapi_ui_command.h	13		ezwErrors ZwUiCommandTextGet(const char *command, ezwCommandTextType type, char *text, int size)
ZwUiCommandTextSet	zwapi_ui_command.h	19		ezwErrors ZwUiCommandTextSet(const char *command, const char *text)
ZwUiDrawbackBoxGroupFold	zwapi_ui_drawbackboxgroup.h	13		ezwErrors ZwUiDrawbackBoxGroupFold(const char *form, int fieldIndex, int boxIndex, int fold)
ZwUiFileDialogHide	zwapi_ui_filedialog.h	13		ezwErrors ZwUiFileDialogHide()
ZwUiFileDialogUnHide	zwapi_ui_filedialog.h	20		ezwErrors ZwUiFileDialogUnHide()
ZwUiFormFocusGet	zwapi_ui_form.h	218		ezwErrors ZwUiFormFocusGet(const char *form, int *field)
ZwUiFormFocusSet	zwapi_ui_form.h	221		ezwErrors ZwUiFormFocusSet(const char *form, int field)
ZwUiFormHwndGet	zwapi_ui_form.h	228		ezwErrors ZwUiFormHwndGet(const char *form, void **hwnd)
ZwUiFormImageSet	zwapi_ui_form.h	215		ezwErrors ZwUiFormImageSet(const char *form, int idField, const char *image, ezwFieldImageSettingOption option)
ZwUiFormItemGet	zwapi_ui_form.h	206		ezwErrors ZwUiFormItemGet(const char *form, int idField, int idItem, int nbytes, char *text)
ZwUiFormItemSet	zwapi_ui_form.h	212		ezwErrors ZwUiFormItemSet(const char *form, int idField, int idItem, const char *text)
ZwUiFormListSelectionModeSet	zwapi_ui_form.h	244		ezwErrors ZwUiFormListSelectionModeSet(const char *form, int field, int selectionMode)
ZwUiFormPositionSet	zwapi_ui_form.h	224		ezwErrors ZwUiFormPositionSet(const char *form, const char *relativeForm, szwPixel location, ezwFormMoveType type)
ZwUiListWidgetIconSet	zwapi_ui_listwidget.h	29		ezwErrors ZwUiListWidgetIconSet(const char *form, int field, int row, szwIconInformation data)
ZwUiMatrixCheckBoxesCheckStateGet	zwapi_ui_matrixcheckboxes.h	31		ezwErrors ZwUiMatrixCheckBoxesCheckStateGet(const char *form, int idField, int row, int column, int *checked)
ZwUiMatrixCheckBoxesCheckStateSet	zwapi_ui_matrixcheckboxes.h	34		ezwErrors ZwUiMatrixCheckBoxesCheckStateSet(const char *form, int idField, int row, int column, int check)
ZwUiMatrixCheckBoxesClear	zwapi_ui_matrixcheckboxes.h	22		ezwErrors ZwUiMatrixCheckBoxesClear(const char *form, int idField)
ZwUiMatrixCheckBoxesRowAndColumnGet	zwapi_ui_matrixcheckboxes.h	13		ezwErrors ZwUiMatrixCheckBoxesRowAndColumnGet(const char *form, int idField, int *rows, int *columns)
ZwUiMatrixCheckBoxesRowAndColumnSet	zwapi_ui_matrixcheckboxes.h	19		ezwErrors ZwUiMatrixCheckBoxesRowAndColumnSet(const char *form, int idField, int rows, int columns)
ZwUiMatrixCheckBoxesTextGet	zwapi_ui_matrixcheckboxes.h	25		ezwErrors ZwUiMatrixCheckBoxesTextGet(const char *form, int idField, int row, int column, int nBytes, char *text)
ZwUiMatrixCheckBoxesTextSet	zwapi_ui_matrixcheckboxes.h	28		ezwErrors ZwUiMatrixCheckBoxesTextSet(const char *form, int idField, int row, int column, const char *text)
ZwUiMatrixPopButtonsActiveItemGet	zwapi_ui_matrixpopbuttons.h	31		ezwErrors ZwUiMatrixPopButtonsActiveItemGet(const char *form, int idField, int *row, int *column)
ZwUiMatrixPopButtonsActiveItemSet	zwapi_ui_matrixpopbuttons.h	34		ezwErrors ZwUiMatrixPopButtonsActiveItemSet(const char *form, int idField, int row, int column)
ZwUiMatrixPopButtonsClear	zwapi_ui_matrixpopbuttons.h	22		ezwErrors ZwUiMatrixPopButtonsClear(const char *form, int idField)
ZwUiMatrixPopButtonsRowAndColumnGet	zwapi_ui_matrixpopbuttons.h	13		ezwErrors ZwUiMatrixPopButtonsRowAndColumnGet(const char *form, int idField, int *rows, int *columns)
ZwUiMatrixPopButtonsRowAndColumnSet	zwapi_ui_matrixpopbuttons.h	19		ezwErrors ZwUiMatrixPopButtonsRowAndColumnSet(const char *form, int idField, int rows, int columns)
ZwUiMatrixPopButtonsTextGet	zwapi_ui_matrixpopbuttons.h	25		ezwErrors ZwUiMatrixPopButtonsTextGet(const char *form, int idField, int row, int column, int nBytes, char *text)
ZwUiMatrixPopButtonsTextSet	zwapi_ui_matrixpopbuttons.h	28		ezwErrors ZwUiMatrixPopButtonsTextSet(const char *form, int idField, int row, int column, const char *text)
ZwUiMatrixPushButtonsClear	zwapi_ui_matrixpushbuttons.h	22		ezwErrors ZwUiMatrixPushButtonsClear(const char *form, int idField)
ZwUiMatrixPushButtonsClick	zwapi_ui_matrixpushbuttons.h	31		ezwErrors ZwUiMatrixPushButtonsClick(const char *form, int idField, int row, int column)
ZwUiMatrixPushButtonsRowAndColumnGet	zwapi_ui_matrixpushbuttons.h	13		ezwErrors ZwUiMatrixPushButtonsRowAndColumnGet(const char *form, int idField, int *rows, int *columns)
ZwUiMatrixPushButtonsRowAndColumnSet	zwapi_ui_matrixpushbuttons.h	19		ezwErrors ZwUiMatrixPushButtonsRowAndColumnSet(const char *form, int idField, int rows, int columns)
ZwUiMatrixPushButtonsTextGet	zwapi_ui_matrixpushbuttons.h	25		ezwErrors ZwUiMatrixPushButtonsTextGet(const char *form, int idField, int row, int column, int nBytes, char *text)
ZwUiMatrixPushButtonsTextSet	zwapi_ui_matrixpushbuttons.h	28		ezwErrors ZwUiMatrixPushButtonsTextSet(const char *form, int idField, int row, int column, const char *text)
ZwUiMatrixRadioButtonsCheckStateGet	zwapi_ui_matrixradiobuttons.h	31		ezwErrors ZwUiMatrixRadioButtonsCheckStateGet(const char *form, int idField, int row, int column, int *checked)
ZwUiMatrixRadioButtonsCheckStateSet	zwapi_ui_matrixradiobuttons.h	34		ezwErrors ZwUiMatrixRadioButtonsCheckStateSet(const char *form, int idField, int row, int column, int check)
ZwUiMatrixRadioButtonsClear	zwapi_ui_matrixradiobuttons.h	22		ezwErrors ZwUiMatrixRadioButtonsClear(const char *form, int idField)
ZwUiMatrixRadioButtonsRowAndColumnGet	zwapi_ui_matrixradiobuttons.h	13		ezwErrors ZwUiMatrixRadioButtonsRowAndColumnGet(const char *form, int idField, int *rows, int *columns)
ZwUiMatrixRadioButtonsRowAndColumnSet	zwapi_ui_matrixradiobuttons.h	19		ezwErrors ZwUiMatrixRadioButtonsRowAndColumnSet(const char *form, int idField, int rows, int columns)
ZwUiMatrixRadioButtonsTextGet	zwapi_ui_matrixradiobuttons.h	25		ezwErrors ZwUiMatrixRadioButtonsTextGet(const char *form, int idField, int row, int column, int nBytes, char *text)
ZwUiMatrixRadioButtonsTextSet	zwapi_ui_matrixradiobuttons.h	28		ezwErrors ZwUiMatrixRadioButtonsTextSet(const char *form, int idField, int row, int column, const char *text)
ZwUiOrignalDockWidgetVisibleGet	zwapi_ui_dockwidget.h	20		ezwErrors ZwUiOrignalDockWidgetVisibleGet(ezwUIOriginalDockWidget widget, int *visible)
ZwUiOrignalDockWidgetVisibleSet	zwapi_ui_dockwidget.h	14		ezwErrors ZwUiOrignalDockWidgetVisibleSet(ezwUIOriginalDockWidget widget, int visible)
ZwUiPopupItemInsert	zwapi_ui_popupform.h	89		ezwErrors ZwUiPopupItemInsert(const char *menu, int index, const char *label, const char *action, const char *icon)
ZwUiPopupSubMenuItemInsert	zwapi_ui_popupform.h	83		ezwErrors ZwUiPopupSubMenuItemInsert(const char *menu, const char *submenu, int index, const char *label, const char *action, const char *icon)
ZwUiQuickAccessMenuActionVisibleGet	zwapi_ui_quickaccessmenu.h	14		ezwErrors ZwUiQuickAccessMenuActionVisibleGet(int count, const zwString256 *menuList, const zwString256 actionName, int *visibility)
ZwUiQuickAccessMenuActionVisibleSet	zwapi_ui_quickaccessmenu.h	20		ezwErrors ZwUiQuickAccessMenuActionVisibleSet(int count, const zwString256 *menuList, const zwString256 actionName, int visibility)
ZwUiRibbonActionListVisibleDataInit	zwapi_ui_ribbon.h	41		ezwErrors ZwUiRibbonActionListVisibleDataInit(szwRibbonActionListVisibleData *data)
ZwUiRibbonActionListVisibleGet	zwapi_ui_ribbon.h	47		ezwErrors ZwUiRibbonActionListVisibleGet(int count, szwRibbonActionListVisibleData *data)
ZwUiRibbonActionListVisibleSet	zwapi_ui_ribbon.h	44		ezwErrors ZwUiRibbonActionListVisibleSet(int count, const szwRibbonActionListVisibleData *data)
ZwUiRibbonActionVisibleGet	zwapi_ui_ribbon.h	38		ezwErrors ZwUiRibbonActionVisibleGet(const char *ribbonPageName, const char *groupName, const char *actionName, int *visibility)
ZwUiRibbonActionVisibleSet	zwapi_ui_ribbon.h	35		ezwErrors ZwUiRibbonActionVisibleSet(const char *ribbonPageName, const char *groupName, const char *actionName, int visibility)
ZwUiRibbonDynamicOrderGet	zwapi_ui_ribbon.h	53		ezwErrors ZwUiRibbonDynamicOrderGet(int *dynamicOrder)
ZwUiRibbonDynamicOrderSet	zwapi_ui_ribbon.h	50		ezwErrors ZwUiRibbonDynamicOrderSet(int dynamicOrder)
ZwUiRibbonPageVisibleGet	zwapi_ui_ribbon.h	32		ezwErrors ZwUiRibbonPageVisibleGet(const char *ribbonPageName, int *visibility)
ZwUiRibbonPageVisibleSet	zwapi_ui_ribbon.h	25		ezwErrors ZwUiRibbonPageVisibleSet(const char *ribbonPageName, int visibility)
ZwUiTabWidgetCurrentIndexGet	zwapi_ui_tabwidget.h	23		ezwErrors ZwUiTabWidgetCurrentIndexGet(const char *form, int field, int *index)
ZwUiTabWidgetCurrentIndexSet	zwapi_ui_tabwidget.h	20		ezwErrors ZwUiTabWidgetCurrentIndexSet(const char *form, int field, int index)
ZwUiTableCellAttributeGet	zwapi_ui_tablewidget.h	187		evxErrors ZwUiTableCellAttributeGet(const char *form, int idTable, szwTableAt *attribute)
ZwUiTableCellColorClear	zwapi_ui_form.h	241		ezwErrors ZwUiTableCellColorClear(const char *form, int field, int row, int col)
ZwUiTableCellColorSet	zwapi_ui_form.h	238		ezwErrors ZwUiTableCellColorSet(const char *form, int field, int role, int row, int col, szwColor color)
ZwUiTableComboBoxCompleterSet	zwapi_ui_tablewidget.h	95		ezwErrors ZwUiTableComboBoxCompleterSet(const char *form, int field, int row, int col, int state)
ZwUiTableWidgetCellMerge	zwapi_ui_tablewidget.h	181		ezwErrors ZwUiTableWidgetCellMerge(const char *form, int idTable, int rowBegin, int rowEnd, int columnBegin, int columnEnd)
ZwUiTreeSelectItemByColumn	zwapi_ui_treeview.h	158		ezwErrors ZwUiTreeSelectItemByColumn(const char *form, int field, int id, int column)
ZwUiWidgetColorClear	zwapi_ui_form.h	234		ezwErrors ZwUiWidgetColorClear(const char *form, int field)
ZwUiWidgetColorSet	zwapi_ui_form.h	231		ezwErrors ZwUiWidgetColorSet(const char *form, int field, int role, szwColor color)
ZwUserActionStatusForSaveAsGet	zwapi_message.h	134		ezwErrors ZwUserActionStatusForSaveAsGet(ezwSaveAsStatus *status)
ZwUserActionStatusForSaveAsSet	zwapi_message.h	131		ezwErrors ZwUserActionStatusForSaveAsSet(ezwSaveAsStatus status)
ZwUserActionStatusGet	zwapi_message.h	128		ezwErrors ZwUserActionStatusGet(ezwUserActionStatus *status)
ZwUserActionStatusSet	zwapi_message.h	121		ezwErrors ZwUserActionStatusSet(ezwUserActionStatus status)
ZwUserAttributeDataFree	zwapi_attribute.h	118		ezwErrors ZwUserAttributeDataFree(int userCount, szwUserAttribute **attributeList)
ZwUserAttributeDelete	zwapi_attribute.h	73		ezwErrors ZwUserAttributeDelete(int strictFlag, int count, const zwString64 *nameList)
ZwUserAttributeExport	zwapi_attribute.h	64		ezwErrors ZwUserAttributeExport(const char *filePath)
ZwUserAttributeGet	zwapi_attribute.h	67		ezwErrors ZwUserAttributeGet(const zwString64 attributeName, int *count, szwUserAttribute **attributeList)
ZwUserAttributeImport	zwapi_attribute.h	57		ezwErrors ZwUserAttributeImport(const char *filePath)
ZwUserAttributeLockSet	zwapi_attribute.h	76		ezwErrors ZwUserAttributeLockSet(const zwString64 attributeName, ezwAttributeItemLockStatus lockStatus)
ZwUserAttributeSet	zwapi_attribute.h	70		ezwErrors ZwUserAttributeSet(int count, const szwUserAttribute *attributeList)
ZwUserTableCreateByRowAndColumn	zwapi_table.h	14		ezwErrors ZwUserTableCreateByRowAndColumn(const zwString32 name, int rows, int columns, szwEntityHandle *table)
ZwUserTableCreateByTemplate	zwapi_table.h	20		ezwErrors ZwUserTableCreateByTemplate(const zwString32 name, const zwPath templatePath, szwEntityHandle *table)
ZwVariableCreate	zwapi_variable.h	22		ezwErrors ZwVariableCreate(szwVariableData variable)
ZwVariableDelete	zwapi_variable.h	28		ezwErrors ZwVariableDelete(zwString32 variableName)
ZwVariableFilterDataGet	zwapi_variable.h	40		ezwErrors ZwVariableFilterDataGet(szwEntityHandle handle, szwVariableFilterData *filterData)
ZwVariableIsExternalVariable	zwapi_variable.h	34		ezwErrors ZwVariableIsExternalVariable(zwString32 variableName, int *isExternal)
ZwVariableListGet	zwapi_variable.h	13		ezwErrors ZwVariableListGet(const zwString32 name, int *count, szwVariableData **variableList)
ZwVariableListGetByFilter	zwapi_variable.h	43		ezwErrors ZwVariableListGetByFilter(szwVariableFilterData filterData, int *count, szwEntityHandle **variableList)
ZwVariableListSet	zwapi_variable.h	19		ezwErrors ZwVariableListSet(int count, const szwVariableData *variableList, int working)
ZwVariableStandardAttributeItemGet	zwapi_variable.h	49		ezwErrors ZwVariableStandardAttributeItemGet(ezwVariableStandardAttributeItem itemId, int size, char *value)
ZwVariableStatusGetByName	zwapi_variable.h	46		ezwErrors ZwVariableStatusGetByName(const zwString32 variableName, szwVariableStatusData *data)
ZwVariableStatusSetByNameList	zwapi_variable.h	31		ezwErrors ZwVariableStatusSetByNameList(int countVariable, const zwString32 *variableList, szwVariableStatusData data)
ZwVariableTextRefresh	zwapi_variable.h	56		ezwErrors ZwVariableTextRefresh()
ZwVector2AffineCombine	zwapi_vector.h	84		ezwErrors ZwVector2AffineCombine(szwVector2 vector1, szwVector2 vector2, double scaleFactor, szwVector2 *combinedVector)
ZwVector2Dot	zwapi_vector.h	48		ezwErrors ZwVector2Dot(szwVector2 vector1, szwVector2 vector2, double *dotPorduct)
ZwVector2IsEqual	zwapi_vector.h	60		ezwErrors ZwVector2IsEqual(szwVector2 vector1, szwVector2 vector2, double tolerance, int *isEqual)
ZwVector2IsPerpendicular	zwapi_vector.h	15		ezwErrors ZwVector2IsPerpendicular(szwVector2 vector1, szwVector2 vector2, double cosineTolerance, int *isPerpendicular)
ZwVector2IsZero	zwapi_vector.h	69		ezwErrors ZwVector2IsZero(szwVector2 vector, double tolerance, int *isZero)
ZwVector2LinearCombine	zwapi_vector.h	90		ezwErrors ZwVector2LinearCombine(szwVector2 vector1, szwVector2 vector2, double scaleFactor1, double scaleFactor2, szwVector2 *combinedVector)
ZwVector2LinearComponents	zwapi_vector.h	114		ezwErrors ZwVector2LinearComponents(szwVector2 vector1, szwVector2 vector2, szwVector2 combineVector, double tolerance, int *isExist, double *scale1, double *scale2)
ZwVector2Magnitude	zwapi_vector.h	42		ezwErrors ZwVector2Magnitude(szwVector2 vector, double *vectorMagnitude)
ZwVector2Negated	zwapi_vector.h	54		ezwErrors ZwVector2Negated(szwVector2 vector, szwVector2 *negativeV)
ZwVector2Scaling	zwapi_vector.h	27		ezwErrors ZwVector2Scaling(double scaleFactor, szwVector2 inputVector, szwVector2 *scaleVector)
ZwVector2Subtraction	zwapi_vector.h	36		ezwErrors ZwVector2Subtraction(szwVector2 vector1, szwVector2 vector2, szwVector2 *subtractionVector)
ZwVector2Sum	zwapi_vector.h	78		ezwErrors ZwVector2Sum(szwVector2 vector1, szwVector2 vector2, szwVector2 *sumVector)
ZwVector2ToVector3	zwapi_vector.h	96		ezwErrors ZwVector2ToVector3(szwVector2 vector1, szwVector *vector2)
ZwVector3ToVector2	zwapi_vector.h	99		ezwErrors ZwVector3ToVector2(szwVector vector1, szwVector2 *vector2)
ZwVector3ToVector4	zwapi_vector.h	102		ezwErrors ZwVector3ToVector4(szwVector vector1, szwVector4 *vector2)
ZwVector3ToVector4WithWeight	zwapi_vector.h	105		ezwErrors ZwVector3ToVector4WithWeight(szwVector vector1, double vectorWeight, szwVector4 *vector2)
ZwVector4IsEqual	zwapi_vector.h	66		ezwErrors ZwVector4IsEqual(szwVector4 vector1, szwVector4 vector2, double tolerance, int *isEqual)
ZwVector4IsZero	zwapi_vector.h	75		ezwErrors ZwVector4IsZero(szwVector4 vector, double tolerance, int *isZero)
ZwVector4Scaling	zwapi_vector.h	33		ezwErrors ZwVector4Scaling(double scaleFactor, szwVector4 inputVector, szwVector4 *scaleVector)
ZwVector4ToVector3	zwapi_vector.h	108		ezwErrors ZwVector4ToVector3(szwVector4 vector1, szwVector *vector2)
ZwVector4ToVector3WithWeight	zwapi_vector.h	111		ezwErrors ZwVector4ToVector3WithWeight(szwVector4 vector1, szwVector *vector2)
ZwVectorAffineCombine	zwapi_vector.h	87		ezwErrors ZwVectorAffineCombine(szwVector vector1, szwVector vector2, double scaleFactor, szwVector *combinedVector)
ZwVectorAngleGet	zwapi_vector.h	126		ezwErrors ZwVectorAngleGet(szwVector vector1, szwVector vector2, double *angle)
ZwVectorCrossProduct	zwapi_vector.h	129		ezwErrors ZwVectorCrossProduct(szwVector vector1, szwVector vector2, szwVector *cross)
ZwVectorDot	zwapi_vector.h	51		ezwErrors ZwVectorDot(szwVector vector1, szwVector vector2, double *dotPorduct)
ZwVectorInit	zwapi_vector.h	123		ezwErrors ZwVectorInit(szwPoint point1, szwPoint point2, szwVector *vector)
ZwVectorIsEqual	zwapi_vector.h	63		ezwErrors ZwVectorIsEqual(szwVector vector1, szwVector vector2, double tolerance, int *isEqual)
ZwVectorIsPerpendicular	zwapi_vector.h	21		ezwErrors ZwVectorIsPerpendicular(szwVector vector1, szwVector vector2, double cosineTolerance, int *isPerpendicular)
ZwVectorIsZero	zwapi_vector.h	72		ezwErrors ZwVectorIsZero(szwVector vectorData, double tolerance, int *isZero)
ZwVectorLinearCombine	zwapi_vector.h	93		ezwErrors ZwVectorLinearCombine(szwVector vector1, szwVector vector2, double scaleFactor1, double scaleFactor2, szwVector *combinedVector)
ZwVectorLinearComponents	zwapi_vector.h	117		ezwErrors ZwVectorLinearComponents(szwVector vector1, szwVector vector2, szwVector combineVector, double tolerance, int *isExist, double *scale1, double *scale2)
ZwVectorMagnitude	zwapi_vector.h	45		ezwErrors ZwVectorMagnitude(szwVector vectorData, double *vectorMagnitude)
ZwVectorNegated	zwapi_vector.h	57		ezwErrors ZwVectorNegated(szwVector vectorData, szwVector *negativeV)
ZwVectorNormalize	zwapi_vector.h	120		ezwErrors ZwVectorNormalize(szwVector *vector)
ZwVectorParallelCheck	zwapi_vector.h	139		ezwErrors ZwVectorParallelCheck(int orient, szwVector vector1, szwVector vector2, double cosineTolerance, int *ifParallel)
ZwVectorPerpendicularGet	zwapi_vector.h	132		ezwErrors ZwVectorPerpendicularGet(szwVector vector, szwVector *perpendicular)
ZwVectorReverse	zwapi_vector.h	135		ezwErrors ZwVectorReverse(szwVector *vector)
ZwVectorScaling	zwapi_vector.h	30		ezwErrors ZwVectorScaling(double scaleFactor, szwVector inputVector, szwVector *scaleVector)
ZwVectorSubtraction	zwapi_vector.h	39		ezwErrors ZwVectorSubtraction(szwVector vector1, szwVector vector2, szwVector *subtractionVector)
ZwVectorSum	zwapi_vector.h	81		ezwErrors ZwVectorSum(szwVector vector1, szwVector vector2, szwVector *sumVector)
ZwVectorTransform	zwapi_vector.h	142		ezwErrors ZwVectorTransform(szwMatrix inputMatrix, szwVector *vector)
ZwVectorTripleScaleProduct	zwapi_vector.h	24		ezwErrors ZwVectorTripleScaleProduct(szwVector vector1, szwVector vector2, szwVector vector3, double *tripleScaleProduct)
ZwViewActivate	zwapi_view.h	195		ezwErrors ZwViewActivate(szwEntityHandle viewHandle)
ZwViewActiveGet	zwapi_view.h	87		ezwErrors ZwViewActiveGet(szwEntityHandle *viewHandle)
ZwViewAttachedPMIListGet	zwapi_view.h	93		ezwErrors ZwViewAttachedPMIListGet(szwEntityHandle viewHandle, int *count, szwEntityHandle **PMIs)
ZwViewMatrixGet	zwapi_view.h	84	@deprecated	ezwErrors ZwViewMatrixGet(const szwEntityHandle *viewHandle, szwMatrix *viewMatrix)
ZwViewParameterGet	zwapi_view.h	75		ezwErrors ZwViewParameterGet(szwMatrix *frame, double *extent)
ZwViewParameterSet	zwapi_view.h	81	@deprecated	ezwErrors ZwViewParameterSet(szwMatrix frame, double extent)
ZwViewStandardCheck	zwapi_view.h	192		ezwErrors ZwViewStandardCheck(szwEntityHandle viewHandle, int *isStandard)
ZwViewStandardSwitch	zwapi_view.h	186		ezwErrors ZwViewStandardSwitch(ezwViewStandard type, double nullExtent)
ZwViewStandardTypeGet	zwapi_view.h	189		ezwErrors ZwViewStandardTypeGet(szwEntityHandle viewHandle, ezwViewStandard *type)
ZwViewTransformMatrixGet	zwapi_view.h	90		ezwErrors ZwViewTransformMatrixGet(szwEntityHandle sourceView, szwEntityHandle destinationView, int isReverse, szwMatrix *transformMatrix)
ZwViewTypeGet	zwapi_view.h	96		ezwErrors ZwViewTypeGet(szwEntityHandle viewHandle, ezwViewType *type)
ZwVisibilityManageGet	zwapi_display.h	243		ezwErrors ZwVisibilityManageGet(szwVisibilityManagerData *data)
ZwVisibilityManageSet	zwapi_display.h	240		ezwErrors ZwVisibilityManageSet(szwVisibilityManagerData data)
ZwWeldmentsWeldMiddleCurveDataGet	zwapi_weldments.h	14		ezwErrors ZwWeldmentsWeldMiddleCurveDataGet(ezwWeldGrooveType type, int count1, const szwEntityHandle *entities1, int count2, const szwEntityHandle *entities2, int *nMiddleCurves, szwCurve **middleCurves, double *totalLength)
cvxActiveLayerNumGet	zwapi_layer.h	75		evxErrors cvxActiveLayerNumGet(int *number)
cvxActiveLayerNumSet	zwapi_layer.h	78		evxErrors cvxActiveLayerNumSet(int number)
cvxAppAction	zwapi_global_apply.h	170		evxErrors cvxAppAction(evxAppAction type, svxAppActionParam *param)
cvxAsmAddToFavorites	zwapi_asm_opts.h	23		evxErrors cvxAsmAddToFavorites(svxEntPath *path)
cvxAsmAutoRegenStateGetByPath	zwapi_asm_opts.h	107		evxErrors cvxAsmAutoRegenStateGetByPath(const svxEntPath *compPath, int *autoRegen)
cvxAsmAutoRegenStateSetByPath	zwapi_asm_opts.h	104		evxErrors cvxAsmAutoRegenStateSetByPath(const svxEntPath *compPath, int autoRegen)
cvxAsmChamfer	zwapi_cmd_assembly.h	164		evxErrors cvxAsmChamfer(const svxAsmChmf *data, int *idChmf)
cvxAsmChamferInit	zwapi_cmd_assembly.h	161		evxErrors cvxAsmChamferInit(evxAsmChmfType type, svxAsmChmf *data)
cvxAsmCut	zwapi_cmd_assembly.h	152		evxErrors cvxAsmCut(const svxAsmCut *data, int *idCut)
cvxAsmCutInit	zwapi_cmd_assembly.h	149		evxErrors cvxAsmCutInit(svxAsmCut *data)
cvxAsmDissolve	zwapi_asm_opts.h	14		evxErrors cvxAsmDissolve(const svxEntPath *path)
cvxAsmFavoritesEnable	zwapi_asm_opts.h	29		int cvxAsmFavoritesEnable(svxEntPath *path)
cvxAsmFillet	zwapi_cmd_assembly.h	158		evxErrors cvxAsmFillet(const svxAsmFllt *data, int *idFllt)
cvxAsmFilletInit	zwapi_cmd_assembly.h	155		evxErrors cvxAsmFilletInit(evxChamFlltType type, svxAsmFllt *data)
cvxAsmFlexibleAsmSet	zwapi_asm_opts.h	92		evxErrors cvxAsmFlexibleAsmSet(const svxEntPath *compPath)
cvxAsmFlexiblePartDataFree	zwapi_asm_opts.h	116		evxErrors cvxAsmFlexiblePartDataFree(svxAsmFlexDesignData *flexDesignData)
cvxAsmFlexiblePartGet	zwapi_asm_opts.h	113		evxErrors cvxAsmFlexiblePartGet(const svxEntPath *compPath, svxAsmFlexDesignData *flexDesignData)
cvxAsmFlexiblePartSet	zwapi_asm_opts.h	95		evxErrors cvxAsmFlexiblePartSet(const svxEntPath *compPath, svxAsmFlexDesignData flexDesignData)
cvxAsmGrpComp	zwapi_asm_opts.h	20		evxErrors cvxAsmGrpComp(svxAsmGrpCompData *data)
cvxAsmRemoveFromFavorites	zwapi_asm_opts.h	26		evxErrors cvxAsmRemoveFromFavorites(svxEntPath *path)
cvxAsmReorder	zwapi_asm_comp.h	166		evxErrors cvxAsmReorder(const vxLongPath fileName, const vxRootName rootName, int idEnt, evxReorderLoc reorderLoc, int idPreEnt)
cvxAsmTreeEcadRefDesGet	zwapi_asm_opts.h	98		evxErrors cvxAsmTreeEcadRefDesGet(const svxEntPath *compPath, char *text, int nbytes)
cvxAsmTreeEcadRefDesSet	zwapi_asm_opts.h	89		evxErrors cvxAsmTreeEcadRefDesSet(const svxEntPath *compPath, const char *text)
cvxAsmTreeRegen	zwapi_asm_opts.h	110		evxErrors cvxAsmTreeRegen()
cvxAsmUpdateCompRef	zwapi_asm_opts.h	32		evxErrors cvxAsmUpdateCompRef(const char *OldRootName, const char *NewRootName)
cvxAssemCompVisAll	zwapi_asm_comp.h	83		evxErrors cvxAssemCompVisAll(int *nSize, int **ppath_mode)
cvxAssembleContextGet	zwapi_asm_opts.h	101		evxErrors cvxAssembleContextGet(svxAssemblyContext **ctxList, int *num)
cvxAutoRegenGet	zwapi_global_apply.h	29		void cvxAutoRegenGet(int *Status)
cvxAutoRegenSet	zwapi_global_apply.h	32		void cvxAutoRegenSet(int Status)
cvxAuxFrameSetAxisVec	zwapi_cmd_paramdefine_param.h	176		void cvxAuxFrameSetAxisVec(evxAxisType AxisType, const svxVector *AxisDir)
cvxAuxFrameSetDirXYZOrgBuddy	zwapi_cmd_paramdefine_param.h	179		void cvxAuxFrameSetDirXYZOrgBuddy(int idData, int idXFld, int idYFld, int idZFld, int idOrgFld)
cvxAuxFrameSetOrigin	zwapi_cmd_paramdefine_param.h	173		void cvxAuxFrameSetOrigin(const svxPoint *Origin)
cvxAuxFrameShow	zwapi_cmd_paramdefine_param.h	167		void cvxAuxFrameShow(int idData, int entField, int matField)
cvxAxisCrvDistance	zwapi_math.h	32		evxErrors cvxAxisCrvDistance(const svxAxis *Axis, const svxCurve *Crv, svxPoint *PntOnAxis, svxPoint *PntOnCrv, double *Distance)
cvxAxisDispModeGet	zwapi_display.h	222		evxErrors cvxAxisDispModeGet(int idAxis, evxAxisDispMode *DspMode)
cvxAxisDispModeSet	zwapi_display.h	225		evxErrors cvxAxisDispModeSet(int idAxis, evxAxisDispMode DspMode)
cvxAxisDistance	zwapi_math.h	26		evxErrors cvxAxisDistance(const svxAxis *Axis1, const svxAxis *Axis2, svxPoint *PntOnAxis1, svxPoint *PntOnAxis2, int *Flag)
cvxAxisGetData	zwapi_part_datum_query.h	25		evxErrors cvxAxisGetData(int idAxis, svxAxisData *Axis)
cvxAxisInqDir	zwapi_part_datum_query.h	22		evxErrors cvxAxisInqDir(int idAxis, svxPoint *pPnt, svxPoint *pDir)
cvxAxisTransform	zwapi_math_matrix.h	60		void cvxAxisTransform(svxMatrix *Mat, svxAxis *Axis)
cvxBalloonAtGet	zwapi_dim.h	130		evxErrors cvxBalloonAtGet(int idBalloon, svxBalloonAttr *attr)
cvxBalloonAtSet	zwapi_dim.h	133		evxErrors cvxBalloonAtSet(int idBalloon, const svxBalloonAttr *attr)
cvxBndBoxAdd	zwapi_math_bndbox.h	32		void cvxBndBoxAdd(svxBndBox *Box, svxPoint *Pnt)
cvxBndBoxCenter	zwapi_math_bndbox.h	26		evxErrors cvxBndBoxCenter(const svxBndBox *Box, svxPoint *CenterPnt)
cvxBndBoxContain	zwapi_math_bndbox.h	44		int cvxBndBoxContain(const svxBndBox *BaseBox, const svxBndBox *OtherBox)
cvxBndBoxDist	zwapi_math_bndbox.h	56		evxErrors cvxBndBoxDist(const svxBndBox *Box1, const svxBndBox *Box2, double *DistMin, double *DistMax)
cvxBndBoxInit	zwapi_math_bndbox.h	14		void cvxBndBoxInit(svxBndBox *Box)
cvxBndBoxInit2	zwapi_math_bndbox.h	20		void cvxBndBoxInit2(svxBndBox *Box)
cvxBndBoxMerge	zwapi_math_bndbox.h	35		void cvxBndBoxMerge(const svxBndBox *Box1, svxBndBox *Box2)
cvxBndBoxPntDist	zwapi_math_bndbox.h	47		evxErrors cvxBndBoxPntDist(const svxBndBox *Box, const svxPoint *Point, double *DistMin, double *DistMax)
cvxBndBoxPntLoc	zwapi_math_bndbox.h	29		evxErrors cvxBndBoxPntLoc(const svxBndBox *Box, const svxPoint *Point, evxPntLocation *PntLoc)
cvxBndBoxPnts	zwapi_math_bndbox.h	23		void cvxBndBoxPnts(svxBndBox *Box, svxPoint *Pnts)
cvxBndBoxSize	zwapi_math_bndbox.h	38		double cvxBndBoxSize(svxBndBox *Box)
cvxBndBoxTransform	zwapi_math_matrix.h	72	@deprecated	void cvxBndBoxTransform(svxMatrix *Mat, svxBndBox *Box)
cvxBndBoxVolume	zwapi_math_bndbox.h	41		double cvxBndBoxVolume(const svxBndBox *Box)
cvxBomDataFree	zwapi_asm_comp.h	134	@deprecated	void cvxBomDataFree(svx3DBomData *data)
cvxCSYSGetData	zwapi_part_datum_query.h	50		evxErrors cvxCSYSGetData(int idCSYS, svxCSYSData *CSYS)
cvxCSYSSetData	zwapi_part_datum_query.h	53		evxErrors cvxCSYSSetData(int idCSYS, const svxCSYSData *CSYS)
cvxCfgTblInfosSet	zwapi_part_config.h	33		evxErrors cvxCfgTblInfosSet(int idCfg, svxPartCfgInfo *info)
cvxChamFlltSetDataInit	zwapi_cmd_shape.h	115		evxErrors cvxChamFlltSetDataInit(svxChamFlltSetData *data)
cvxCmClashDetect	zwapi_cm_query.h	93		evxErrors cvxCmClashDetect(int partIdx, int stockIdx, int cnt, int *idx_op)
cvxCmCompDelete	zwapi_cm_comp.h	77		evxErrors cvxCmCompDelete(int idx_CmComp)
cvxCmCompGetAttr	zwapi_cm_comp.h	80		evxErrors cvxCmCompGetAttr(int idx_CmComp, int cnt, evxCmCompAtrr *attr, svxCmAttrValue **pValue)
cvxCmCompGetIdxFromName	zwapi_cm_query.h	109		evxErrors cvxCmCompGetIdxFromName(const char *comp_name, int *comp_index)
cvxCmCompInqInfo	zwapi_cm_comp.h	86		evxErrors cvxCmCompInqInfo(int *compCnt, vxPath **compNames, vxPath **compPaths)
cvxCmCompInqInfoByLongPath	zwapi_cm_comp.h	89		evxErrors cvxCmCompInqInfoByLongPath(int *compCnt, vxLongPath **compNames, vxLongPath **compPaths)
cvxCmCompInsert	zwapi_cm_comp.h	71		evxErrors cvxCmCompInsert(char *fileName, char *shapeName, int *idx_CmComp)
cvxCmCompSetAttr	zwapi_cm_comp.h	83		evxErrors cvxCmCompSetAttr(int idx_CmComp, int cnt, evxCmCompAtrr *attr, svxCmAttrValue *value)
cvxCmConfigFileGetString	zwapi_cm_query.h	99		evxErrors cvxCmConfigFileGetString(const char *form, int field, int casesensitive, char *dbstring, char *guistring, int *found)
cvxCmFldRename	zwapi_cm_folder.h	42		evxErrors cvxCmFldRename(int idx_fld, vxLongName fld_newName)
cvxCmFolderGetAttr	zwapi_cm_folder.h	24		evxErrors cvxCmFolderGetAttr(int idx_folder, int cnt, int *attr, svxCmAttrValue *value)
cvxCmFolderInqOps	zwapi_cm_folder.h	30		evxErrors cvxCmFolderInqOps(const vxLongPath folder_name, int *op_cnt, int **op_list)
cvxCmFrameDelete	zwapi_cm_frame.h	47		evxErrors cvxCmFrameDelete(int idx_frame)
cvxCmFrameGetActive	zwapi_cm_frame.h	62		evxErrors cvxCmFrameGetActive(int *idx_actFrame)
cvxCmFrameGetAttr	zwapi_cm_frame.h	50		evxErrors cvxCmFrameGetAttr(int idx_frame, evxCmFrameAttr attr, svxCmAttrValue *value)
cvxCmFrameGetMatrix	zwapi_cm_frame.h	59		evxErrors cvxCmFrameGetMatrix(int idxFrame, svxMatrix *frameMat)
cvxCmFrameInsert	zwapi_cm_frame.h	41		evxErrors cvxCmFrameInsert(vxName frame_name, svxPoint origin_point, svxPoint x_point, svxPoint y_point, int *idx_frame)
cvxCmFrameInsert2	zwapi_cm_frame.h	53		evxErrors cvxCmFrameInsert2(const vxName frame_name, svxMatrix frame_mat, int *idx_frame)
cvxCmFtrDelete	zwapi_cm_ftr.h	217		evxErrors cvxCmFtrDelete(int idx_ftrgrp)
cvxCmFtrGetComp	zwapi_cm_ftr.h	200		evxErrors cvxCmFtrGetComp(int *comp_cnt, int **idxComp)
cvxCmFtrInqType	zwapi_cm_ftr.h	226		evxErrors cvxCmFtrInqType(int idx_Ftr, evxCmFtrType *ftrType)
cvxCmFtrInsert	zwapi_cm_ftr.h	185		evxErrors cvxCmFtrInsert(evxCmFtrType ftrType, int idx_CmComp, int cnt, int *geom, int *idx_FtrGrp)
cvxCmFtrInsertHole	zwapi_cm_ftr.h	206		evxErrors cvxCmFtrInsertHole(const vxName ftrName, int cnt, int *geom, double *depths, int *idxFtrGrp)
cvxCmFtrInsertNew	zwapi_cm_ftr.h	191		evxErrors cvxCmFtrInsertNew(evxCmFtrType ftrType, int cnt, int *geom, double *depths, int *idx_FtrGrp)
cvxCmFtrInsertSK	zwapi_cm_ftr.h	197		evxErrors cvxCmFtrInsertSK(evxCmFtrType ftrType, const vxName ftrName, int idxSk, int cnt, int *geom, int *idxFtrGrp)
cvxCmFtrInsertWithoutHoles	zwapi_cm_ftr.h	194		evxErrors cvxCmFtrInsertWithoutHoles(evxCmFtrType ftrType, const vxName ftrName, int cnt, int *geom, int *idxFtrGrp)
cvxCmFtrRename	zwapi_cm_ftr.h	220		evxErrors cvxCmFtrRename(int idx_ftr, vxLongName newFtrName)
cvxCmGeomUpdata	zwapi_cm_comp.h	95		evxErrors cvxCmGeomUpdata()
cvxCmGetClearance	zwapi_cm_forms.h	82		evxErrors cvxCmGetClearance(double *dClearZ, double *dAppZ, double *dRtZ, double *dAutoClear, int *iMiniClr)
cvxCmGetCrvId	zwapi_cm_ftr.h	203		evxErrors cvxCmGetCrvId(int *numLine, int **lstLines)
cvxCmGetOutputNCSet	zwapi_cm_forms.h	97		evxErrors cvxCmGetOutputNCSet(int idx_nc, svxNcSetting *ncSet)
cvxCmGougeDetect	zwapi_cm_query.h	96		evxErrors cvxCmGougeDetect(int partIdx, int stockIdx, int cnt, int *idx_op)
cvxCmHolderInsertAsTemplate	zwapi_cm_tool.h	92		evxErrors cvxCmHolderInsertAsTemplate(const vxLongPath template_path, const vxName file_name, const vxName library_name, const vxName holder_name, int *idx_holder)
cvxCmInqAl	zwapi_cm_query.h	84		evxErrors cvxCmInqAl(evxCmObjType type, int *cnt, int **idx_obj)
cvxCmInqIndexFromName	zwapi_cm_query.h	106		evxErrors cvxCmInqIndexFromName(evxCmObjType objClass, vxLongName sName, int *index)
cvxCmInqOpName	zwapi_cm_query.h	103		evxErrors cvxCmInqOpName(int idx_op, vxLongName opName)
cvxCmMachineActive	zwapi_cm_machine.h	73		evxErrors cvxCmMachineActive(int idx_machine)
cvxCmMachineDelete	zwapi_cm_machine.h	76		evxErrors cvxCmMachineDelete(int idx_machine)
cvxCmMachineGetAttr	zwapi_cm_machine.h	79		evxErrors cvxCmMachineGetAttr(int idx_machine, evxCmMachAttr attr, svxCmAttrValue *value)
cvxCmMachineInsert	zwapi_cm_machine.h	67		evxErrors cvxCmMachineInsert(evxCmMachClass machine_class, evxCmMachType machine_type, evxCmMachSubType sub_type, int *idx_machine)
cvxCmMachineSetAttr	zwapi_cm_machine.h	82		evxErrors cvxCmMachineSetAttr(int idx_machine, evxCmMachAttr attr, svxCmAttrValue *value)
cvxCmMsgClear	zwapi_cm_forms.h	115		evxErrors cvxCmMsgClear()
cvxCmObjGetTreeId	zwapi_cm_folder.h	36		evxErrors cvxCmObjGetTreeId(int idx_in, int *tree_id, evxCmTreeType treeType)
cvxCmObjGetUiPos	zwapi_cm_folder.h	39		evxErrors cvxCmObjGetUiPos(int idx_in, int *ui_pos, evxCmTreeType treeType)
cvxCmOpAddComp	zwapi_cm_op.h	154		evxErrors cvxCmOpAddComp(int idx_Op, int idx_CmComp)
cvxCmOpAddFrame	zwapi_cm_frame.h	56		evxErrors cvxCmOpAddFrame(int idxOp, int idxFrame)
cvxCmOpAddFtr	zwapi_cm_op.h	160		evxErrors cvxCmOpAddFtr(int idx_Op, int idx_FtrGrp)
cvxCmOpAddTool	zwapi_cm_op.h	169		evxErrors cvxCmOpAddTool(int idx_Op, int idx_Tool)
cvxCmOpCalTPath	zwapi_cm_op.h	166		evxErrors cvxCmOpCalTPath(int idx_Op)
cvxCmOpDelete	zwapi_cm_op.h	148		evxErrors cvxCmOpDelete(int idx_Op)
cvxCmOpDrag	zwapi_cm_op.h	202		evxErrors cvxCmOpDrag(int drag_idx, evxCmTreeType drag_type, int drop_idx, evxCmTreeType drop_type, int iPos)
cvxCmOpDuplicate	zwapi_cm_op.h	151		evxErrors cvxCmOpDuplicate(int idx_Op, int *cpyOp)
cvxCmOpGetAttr2	zwapi_cm_op.h	181		evxErrors cvxCmOpGetAttr2(int idx_op, int field, int item, int *is_on, char *value)
cvxCmOpGetFeedRate	zwapi_cm_op.h	228		evxErrors cvxCmOpGetFeedRate(int idx_op, svxFeedRate *pzFeedRate)
cvxCmOpGetIdxFromName	zwapi_cm_op.h	184		evxErrors cvxCmOpGetIdxFromName(vxLongName op_name, int *op_index)
cvxCmOpGetSpindleSpd	zwapi_cm_op.h	225		evxErrors cvxCmOpGetSpindleSpd(int idx_op, double *spdValue, char *spdUnit, int spdUnitSize)
cvxCmOpInqClass	zwapi_cm_op.h	210		evxErrors cvxCmOpInqClass(int idx_Op, evxCmOpClass *opClass)
cvxCmOpInqTypeS	zwapi_cm_op.h	216		evxErrors cvxCmOpInqTypeS(int idx_Op, char *opType, int nByte)
cvxCmOpInsFolder	zwapi_cm_folder.h	33		evxErrors cvxCmOpInsFolder(int *idx_out)
cvxCmOpInsert	zwapi_cm_op.h	142		evxErrors cvxCmOpInsert(evxCmOpType opType, int *idx_Op)
cvxCmOpRemoveComp	zwapi_cm_op.h	157		evxErrors cvxCmOpRemoveComp(int idx_Op, int idx_CmComp)
cvxCmOpRemoveFtr	zwapi_cm_op.h	163		evxErrors cvxCmOpRemoveFtr(int idx_Op, int idx_ftrgrp)
cvxCmOpRemoveTool	zwapi_cm_op.h	172		evxErrors cvxCmOpRemoveTool(int idx_Op)
cvxCmOpRename	zwapi_cm_op.h	199		evxErrors cvxCmOpRename(int idx_op, vxLongName op_newName)
cvxCmOpSetAttr2	zwapi_cm_op.h	178		evxErrors cvxCmOpSetAttr2(int idx_op, int field, int item, const char *value)
cvxCmOpSetBasicAttr	zwapi_cm_op.h	205		evxErrors cvxCmOpSetBasicAttr(int idx_op, int field, int item, const char *value)
cvxCmOpSetClass	zwapi_cm_op.h	213		evxErrors cvxCmOpSetClass(int idx_Op, evxCmOpClass opClass)
cvxCmOpSetFeedRate	zwapi_cm_op.h	222		evxErrors cvxCmOpSetFeedRate(int idx_op, const svxFeedRate *pzFeedRate)
cvxCmOpSetSpeed	zwapi_cm_op.h	175		evxErrors cvxCmOpSetSpeed(int idx_op, vxName spdfdName)
cvxCmOpSetSpindleSpd	zwapi_cm_op.h	219		evxErrors cvxCmOpSetSpindleSpd(int idx_op, double spdValue)
cvxCmOpsOutputNc	zwapi_cm_forms.h	112		evxErrors cvxCmOpsOutputNc(int op_cnt, int *idx_opList, int *idx_nc)
cvxCmOutputDelNC	zwapi_cm_forms.h	94		evxErrors cvxCmOutputDelNC(int idx_in, evxCmOutFldType fldType)
cvxCmOutputDelOps	zwapi_cm_forms.h	106		evxErrors cvxCmOutputDelOps(int idx_nc, int cnt, int *idx_op)
cvxCmOutputInsNC	zwapi_cm_forms.h	91		evxErrors cvxCmOutputInsNC(int idx_fld, int *idx_out, evxCmOutFldType fldType)
cvxCmOutputInsOps	zwapi_cm_forms.h	103		evxErrors cvxCmOutputInsOps(int idx_nc, int cnt, int *idx_op)
cvxCmOutputManhours	zwapi_cm_forms.h	88		evxErrors cvxCmOutputManhours(int *idx_opdef, int cnt, double *manhours)
cvxCmOutputNC	zwapi_cm_forms.h	109		evxErrors cvxCmOutputNC(int idx_nc, evxCmOutType outType)
cvxCmPlanDispResetMode	zwapi_cm_ftr.h	214		evxErrors cvxCmPlanDispResetMode()
cvxCmPlanDispSetMode	zwapi_cm_ftr.h	211		evxErrors cvxCmPlanDispSetMode(evxCmPlanDispMode iMode)
cvxCmPlanSkNew	zwapi_cm_comp.h	92		evxErrors cvxCmPlanSkNew(svxMatrix *Plane, int *idSketch)
cvxCmProfSetAttr	zwapi_cm_ftr.h	223		evxErrors cvxCmProfSetAttr(int prof_idx, int curve_idx, double newOffset, double newDraft, int tolloc)
cvxCmSetClearance	zwapi_cm_forms.h	76		evxErrors cvxCmSetClearance(double dClearZ, double dAppZ, double dRtZ, double dAutoClear, int iMiniClr)
cvxCmSetOpPoint	zwapi_cm_op.h	187		evxErrors cvxCmSetOpPoint(int idx_op, svxPoint p0, int field)
cvxCmSetOpPoints	zwapi_cm_op.h	196		evxErrors cvxCmSetOpPoints(int idx_op, int num, svxPoint *pts, int field)
cvxCmSetOutputNCSet	zwapi_cm_forms.h	100		evxErrors cvxCmSetOutputNCSet(int idx_nc, svxNcSetting *ncSet)
cvxCmSetSAndF	zwapi_cm_forms.h	85		evxErrors cvxCmSetSAndF(double FeedRough, double FeedFinish, double SpeedRough, double SpeedFinish, char *pName)
cvxCmSolidVerify	zwapi_cm_query.h	90		evxErrors cvxCmSolidVerify(int *gouge)
cvxCmSpeedInsertAsTemplate	zwapi_cm_tool.h	96		evxErrors cvxCmSpeedInsertAsTemplate(const vxLongPath template_path, const vxName file_name, const vxName library_name, const vxName spdfd_name, int *idx_speed)
cvxCmToolAddHolderLayer	zwapi_cm_tool.h	116	@deprecated	evxErrors cvxCmToolAddHolderLayer(int tool_idx, const svxCmToolHolderLayer *holderLayer)
cvxCmToolChangerDelete	zwapi_cm_machine.h	88		evxErrors cvxCmToolChangerDelete(int idx_toolchanger)
cvxCmToolChangerInsert	zwapi_cm_machine.h	85		evxErrors cvxCmToolChangerInsert(int idx_toolchanger, int Location, int Diameter, int Height)
cvxCmToolDelHolderLayer	zwapi_cm_tool.h	119	@deprecated	evxErrors cvxCmToolDelHolderLayer(int tool_idx, int layerIndex)
cvxCmToolDelete	zwapi_cm_tool.h	89		evxErrors cvxCmToolDelete(int idx_tool)
cvxCmToolGetCoolant	zwapi_cm_tool.h	113		evxErrors cvxCmToolGetCoolant(int idx_tool, evxCmToolCoolant *coolant)
cvxCmToolGetData	zwapi_cm_tool.h	100		evxErrors cvxCmToolGetData(int tool_idx, evxCmToolAttr attr, char *value)
cvxCmToolGetFeedRate	zwapi_cm_tool.h	138		evxErrors cvxCmToolGetFeedRate(int tool_idx, int rowIdx, svxFeedRate *pzFeedRate)
cvxCmToolGetHolderLayers	zwapi_cm_tool.h	122	@deprecated	evxErrors cvxCmToolGetHolderLayers(int tool_idx, int *layerCnt, svxCmToolHolderLayer **holderLayers)
cvxCmToolGetHolderName	zwapi_cm_tool.h	148	@deprecated	evxErrors cvxCmToolGetHolderName(int idx_tool, char *holderName, int sizeHolderName)
cvxCmToolGetRegister	zwapi_cm_tool.h	103		evxErrors cvxCmToolGetRegister(int idx_tool, char *toolId, int sizeToolId, char *Dreg, int sizeDreg, char *Hreg, int sizeHreg)
cvxCmToolGetSpdFdRowCnt	zwapi_cm_tool.h	141		evxErrors cvxCmToolGetSpdFdRowCnt(int tool_idx, int *rowCnt)
cvxCmToolGetSpindleSpd	zwapi_cm_tool.h	132		evxErrors cvxCmToolGetSpindleSpd(int tool_idx, int rowIdx, double *spdValue, char *spdUnit, int spdUnitSize)
cvxCmToolInsert	zwapi_cm_tool.h	80		evxErrors cvxCmToolInsert(evxCmToolType tltype, evxCmToolSubType subtype, int *idx_tool)
cvxCmToolInsertAsTemplate	zwapi_cm_tool.h	86		evxErrors cvxCmToolInsertAsTemplate(const vxLongPath template_path, const vxName file_name, const vxName library_name, const vxName tool_name, int *idx_tool)
cvxCmToolOpenMillForm	zwapi_cm_tool.h	151		evxErrors cvxCmToolOpenMillForm(void)
cvxCmToolRenameHolder	zwapi_cm_tool.h	144	@deprecated	evxErrors cvxCmToolRenameHolder(int idx_tool, const char *holderName)
cvxCmToolSetCoolant	zwapi_cm_tool.h	109		evxErrors cvxCmToolSetCoolant(int idx_tool, evxCmToolCoolant coolant)
cvxCmToolSetFeedRate	zwapi_cm_tool.h	135		evxErrors cvxCmToolSetFeedRate(int tool_idx, int rowIdx, const svxFeedRate *pzFeedRate)
cvxCmToolSetHolderLayer	zwapi_cm_tool.h	125		evxErrors cvxCmToolSetHolderLayer(int tool_idx, int layerIndex, const svxCmToolHolderLayer *holderLayer)
cvxCmToolSetRegister	zwapi_cm_tool.h	106		evxErrors cvxCmToolSetRegister(int idx_tool, const char *toolId, const char *Dreg, const char *Hreg)
cvxCmToolSetSpindleSpd	zwapi_cm_tool.h	129		evxErrors cvxCmToolSetSpindleSpd(int tool_idx, int rowIdx, double spdValue)
cvxCmdAction	zwapi_cmd.h	33		evxErrors cvxCmdAction(evxCmdAction type, svxCmdActionParam *param)
cvxCmdBuffer	zwapi_cmd.h	21		void cvxCmdBuffer(const char *String, int Priority)
cvxCmdCallback	zwapi_cmd.h	42		void cvxCmdCallback(const vxName Name, void *Function)
cvxCmdChkLic	zwapi_cmd.h	27		evxErrors cvxCmdChkLic(const vxName Name)
cvxCmdEval	zwapi_cmd_paramdefine_tpl.h	14		int cvxCmdEval(vxName Name, int idData)
cvxCmdExec	zwapi_cmd_paramdefine_tpl.h	20		int cvxCmdExec(int idData)
cvxCmdExec2	zwapi_cmd_paramdefine_tpl.h	23		evxErrors cvxCmdExec2(int idData)
cvxCmdExecWithOut	zwapi_cmd_paramdefine_tpl.h	26		evxErrors cvxCmdExecWithOut(int idData, int *idOut)
cvxCmdFunc	zwapi_cmd.h	36		evxErrors cvxCmdFunc(const vxName Name, void *Function, double Code)
cvxCmdFuncUnload	zwapi_cmd.h	45		evxErrors cvxCmdFuncUnload(const vxName Name)
cvxCmdInput	zwapi_cmd_paramdefine_tpl.h	29		evxErrors cvxCmdInput(const vxName Name, int idDataIn, int *idDataOut)
cvxCmdInqActive	zwapi_cmd_paramdefine_tpl.h	38		void cvxCmdInqActive(vxName Name)
cvxCmdInteract	zwapi_cmd_paramdefine_tpl.h	35		evxErrors cvxCmdInteract(const vxName Name)
cvxCmdMacro	zwapi_cmd.h	60	@deprecated	evxErrors cvxCmdMacro(char *Input, char **Output)
cvxCmdMacro2	zwapi_cmd.h	66		evxErrors cvxCmdMacro2(char *path)
cvxCmdMarker	zwapi_cmd_paramdefine_tpl.h	41		void cvxCmdMarker(const vxName Okay, const vxName Cancel)
cvxCmdRegisterRcc	zwapi_cmd.h	54	@deprecated	evxErrors cvxCmdRegisterRcc(vxName File)
cvxCmdSend	zwapi_cmd.h	24		void cvxCmdSend(const char *CommandString)
cvxCmdStateGet	zwapi_cmd_paramdefine_tpl.h	44		evxErrors cvxCmdStateGet(vxName CmdName, evxCmdState *State)
cvxCmdStateSet	zwapi_cmd_paramdefine_tpl.h	47		evxErrors cvxCmdStateSet(vxName CmdName, evxCmdState State)
cvxCmdTemplate	zwapi_cmd_paramdefine_tpl.h	50		evxErrors cvxCmdTemplate(const vxLongPath File)
cvxCmdTemplateUnload	zwapi_cmd_paramdefine_tpl.h	57		evxErrors cvxCmdTemplateUnload(const vxLongPath File)
cvxCmdUnRegisterRcc	zwapi_cmd.h	57	@deprecated	evxErrors cvxCmdUnRegisterRcc(vxName File)
cvxCmdVariable	zwapi_cmd.h	48		void cvxCmdVariable(const vxName Name, void *Variable)
cvxCmdVariableUnload	zwapi_cmd.h	51		evxErrors cvxCmdVariableUnload(const vxName Name)
cvxColorFilter	zwapi_global_apply.h	128		void cvxColorFilter(int colorIdx)
cvxColorNear	zwapi_global_apply.h	92	@deprecated	evxColor cvxColorNear(const svxColor *rgb)
cvxColorRGB	zwapi_global_apply.h	89	@deprecated	evxErrors cvxColorRGB(evxColor color, svxColor *rgb)
cvxColorToColorf	zwapi_global_apply.h	86	@deprecated	void cvxColorToColorf(const svxColor *rgb, svxColorf *rgbf)
cvxColorfToColor	zwapi_global_apply.h	80		void cvxColorfToColor(const svxColorf *rgbf, svxColor *rgb)
cvxComboCurrentItem	zwapi_ui_combobox.h	14		evxErrors cvxComboCurrentItem(const char *sForm, int fldId, int *curIdx)
cvxComboCurrentText	zwapi_ui_combobox.h	23		evxErrors cvxComboCurrentText(const char *sForm, int idField, char *text, int sizeText)
cvxComboCurrentTextSet	zwapi_ui_combobox.h	26		evxErrors cvxComboCurrentTextSet(const char *sForm, int idField, const char *text)
cvxComboItemCount	zwapi_ui_combobox.h	29		evxErrors cvxComboItemCount(const char *sForm, int idField, int *count)
cvxComboSetCurrentItem	zwapi_ui_combobox.h	20		evxErrors cvxComboSetCurrentItem(const char *sForm, int field, int item)
cvxCompAddAngularCons	zwapi_cmd_assembly.h	69		evxErrors cvxCompAddAngularCons(svxEntPath *Ent1, svxEntPath *Ent2, svxConsData *consData, int *idCons)
cvxCompAddCamCons	zwapi_cmd_assembly.h	112		evxErrors cvxCompAddCamCons(const svxEntPath *Ent, int nCamFaces, const svxEntPath *CamFaces, int *idCons)
cvxCompAddCoincidentCons	zwapi_cmd_assembly.h	49		evxErrors cvxCompAddCoincidentCons(svxEntPath *Ent1, svxPoint *Pnt1, svxEntPath *Ent2, svxPoint *Pnt2, svxConsData *consData, int *idCons)
cvxCompAddConcentricCons	zwapi_cmd_assembly.h	59	@deprecated	evxErrors cvxCompAddConcentricCons(svxEntPath *Ent1, svxPoint *Pnt1, svxEntPath *Ent2, svxPoint *Pnt2, svxConsData *consData, int *idCons)
cvxCompAddDistanceCons	zwapi_cmd_assembly.h	75		evxErrors cvxCompAddDistanceCons(svxEntPath *Ent1, svxPoint *Pnt1, svxEntPath *Ent2, svxPoint *Pnt2, svxConsData *consData, int *idCons)
cvxCompAddFrameCons	zwapi_cmd_assembly.h	86		evxErrors cvxCompAddFrameCons(svxEntPath *Datum1, svxEntPath *Datum2, svxConsData *consData, int *idCons)
cvxCompAddGearCons	zwapi_cmd_assembly.h	89		evxErrors cvxCompAddGearCons(const svxEntPath *Gear1, const svxEntPath *Gear2, const svxGearConsData *ConsData, int *idCons)
cvxCompAddLinearCoupleCons	zwapi_cmd_assembly.h	99		evxErrors cvxCompAddLinearCoupleCons(const svxEntPath *Comp1, const svxEntPath *Dir1, const svxEntPath *Comp2, const svxEntPath *Dir2, const svxLinearCpData *ConsData, int *idCons)
cvxCompAddLockCons	zwapi_cmd_assembly.h	72		evxErrors cvxCompAddLockCons(svxEntPath *Comp1, svxEntPath *Comp2, svxConsData *consData, int *idCons)
cvxCompAddMiddleCons	zwapi_cmd_assembly.h	79		evxErrors cvxCompAddMiddleCons(svxEntPath *BaseEnt1, svxEntPath *BaseEnt2, int nCenter, svxEntPath *CenterEnts, svxConsData *consData, int *idCons)
cvxCompAddParallelCons	zwapi_cmd_assembly.h	63		evxErrors cvxCompAddParallelCons(svxEntPath *Ent1, svxEntPath *Ent2, svxConsData *consData, int *idCons)
cvxCompAddPathCons	zwapi_cmd_assembly.h	96		evxErrors cvxCompAddPathCons(const svxPntOnEntPath *Pnt, int nPaths, const svxEntPath *Paths, const svxPathConsData *ConsData, int *idCons)
cvxCompAddPerpendicularCons	zwapi_cmd_assembly.h	66		evxErrors cvxCompAddPerpendicularCons(svxEntPath *Ent1, svxEntPath *Ent2, svxConsData *consData, int *idCons)
cvxCompAddRackPinionCons	zwapi_cmd_assembly.h	103		evxErrors cvxCompAddRackPinionCons(const svxEntPath *Rack, const svxEntPath *Pinion, const svxRackPinionData *ConsData, int *idCons)
cvxCompAddScrewCons	zwapi_cmd_assembly.h	106		evxErrors cvxCompAddScrewCons(const svxEntPath *ScrewEnt, const svxEntPath *LinearEnt, const svxScrewConsData *ConsData, int *idCons)
cvxCompAddSlotCons	zwapi_cmd_assembly.h	109		evxErrors cvxCompAddSlotCons(const svxEntPath *Ent, int nSlots, const svxEntPath *Slots, const svxSlotConsData *ConsData, int *idCons)
cvxCompAddSymmetryCons	zwapi_cmd_assembly.h	83		evxErrors cvxCompAddSymmetryCons(svxEntPath *Plane, svxEntPath *SymEnt1, svxEntPath *SymEnt2, svxConsData *consData, int *idCons)
cvxCompAddTangentCons	zwapi_cmd_assembly.h	56	@deprecated	evxErrors cvxCompAddTangentCons(svxEntPath *Ent1, svxEntPath *Ent2, svxConsData *consData, int *idCons)
cvxCompAddUniJointCons	zwapi_cmd_assembly.h	115		evxErrors cvxCompAddUniJointCons(const svxEntPath *Shaft1, const svxPntOnEntPath *HingePnt1, const svxEntPath *Shaft2, const svxPntOnEntPath *HingePnt2, const svxUniJointData *ConsData, int *idCons)
cvxCompAutoHoleMatchIns	zwapi_cmd_assembly.h	22		evxErrors cvxCompAutoHoleMatchIns(const svxCompInsHoleMatchData *Comp, int *idComp)
cvxCompAutoHoleMatchInsInit	zwapi_cmd_assembly.h	193		evxErrors cvxCompAutoHoleMatchInsInit(svxCompInsHoleMatchData *Comp)
cvxCompBomExcludedGet	zwapi_asm_comp.h	131		evxErrors cvxCompBomExcludedGet(svxEntPath EntPath, int *exclude)
cvxCompBomPathByPart	zwapi_asm_comp.h	137	@deprecated	evxErrors cvxCompBomPathByPart(const vxLongName part, int *cnt, svxEntPath **paths)
cvxCompClearCheck	zwapi_cmd_assembly.h	183		evxErrors cvxCompClearCheck(int Count, svxEntPath *Comps, double Clear, int ChkCompShp, int IgnoreHidden, int ChkSubAsm, int *ClrCnt, svxClrChkData **ClrDatas)
cvxCompEditPart	zwapi_asm_opts.h	35		evxErrors cvxCompEditPart(int idComp)
cvxCompEditPartByPath	zwapi_asm_opts.h	41		evxErrors cvxCompEditPartByPath(const svxEntPath *compPath)
cvxCompExpandStateGet	zwapi_asm_comp.h	119		evxErrors cvxCompExpandStateGet(const svxEntPath *path, int *isExpand)
cvxCompExpandStateSet	zwapi_asm_comp.h	122		evxErrors cvxCompExpandStateSet(const svxEntPath *path, int expand)
cvxCompExtract	zwapi_cmd_assembly.h	37		evxErrors cvxCompExtract(int idShape, svxMatrix *Frame, vxLongName Name, int NewFile, evxResponse Overwrite, int *idComp)
cvxCompFaceAtGet	zwapi_asm_comp_attribute.h	14		evxErrors cvxCompFaceAtGet(const svxEntPath *CompPath, svxFaceAt *At)
cvxCompFaceAtSet	zwapi_asm_comp_attribute.h	20		evxErrors cvxCompFaceAtSet(int Count, svxEntPath *CompPath, svxFaceAt *At)
cvxCompFileSaveAs	zwapi_file.h	73		evxErrors cvxCompFileSaveAs(svxEntPath *CompPath, int UpdateFlag, const vxLongPath File)
cvxCompFind	zwapi_math_insect.h	61		evxErrors cvxCompFind(evxFaceTrim Trim, svxAxis *Ray, double Dist, int SkipBlank, int *Count, int **Comps)
cvxCompFolderIns	zwapi_asm_comp.h	158	@deprecated	evxErrors cvxCompFolderIns(int cnt, const int *idCom, const vxLongName folderName, int *idFolder)
cvxCompFromAsmFtr	zwapi_asm_comp.h	161	@deprecated	evxErrors cvxCompFromAsmFtr(svxEntPath *path, int *isFromAsmFtr)
cvxCompGetRefPart	zwapi_asm_comp.h	61		evxErrors cvxCompGetRefPart(int *Count, vxPath **FileName, vxRootName **RootName)
cvxCompGetRefPartByLongPath	zwapi_asm_comp.h	64		evxErrors cvxCompGetRefPartByLongPath(int *Count, vxLongPath **FileName, vxRootName **RootName)
cvxCompHighlight	zwapi_asm_comp.h	89		void cvxCompHighlight(svxEntPath *CompPath, svxColor *color)
cvxCompIferCheck	zwapi_cmd_assembly.h	176		evxErrors cvxCompIferCheck(svxEntPath *BaseComp, svxEntPath *ChkComp, int SubAsmAsWhole, int IgnoreHidden, int *IferCnt, svxIferChkResData **IferResults)
cvxCompIfterDataFree	zwapi_cmd_assembly.h	180		evxErrors cvxCompIfterDataFree(int count, svxIferChkResData **resData)
cvxCompInclude	zwapi_cmd_assembly.h	28		evxErrors cvxCompInclude(const svxCompIncludeData *Comp, int *idComp)
cvxCompInqConsState	zwapi_asm_constraint.h	28		evxErrors cvxCompInqConsState(int idComp, evxConsState *consState)
cvxCompInqConstraints	zwapi_asm_constraint.h	31		evxErrors cvxCompInqConstraints(svxEntPath *CompPath, int *count, int **cons)
cvxCompInqOpenShapes	zwapi_asm_comp.h	152		evxErrors cvxCompInqOpenShapes(svxEntPath *Comp, int IgnoreHide, int *numOpenShps, svxEntPath **ShpPaths)
cvxCompInqPart	zwapi_asm_comp.h	49		evxErrors cvxCompInqPart(int idComp, char *File, int nFileBytes, char *Part, int nPartBytes)
cvxCompInqPartByPath	zwapi_asm_comp.h	55		evxErrors cvxCompInqPartByPath(const svxEntPath *CompPath, vxPath fileName, vxRootName partName)
cvxCompInqPartByPathByLongPath	zwapi_asm_comp.h	58		evxErrors cvxCompInqPartByPathByLongPath(const svxEntPath *CompPath, char *fileName, int sizeFile, vxRootName partName)
cvxCompInqPaths	zwapi_asm_comp.h	46		evxErrors cvxCompInqPaths(svxEntPath *CompPath, int Depth, int IgnoreHidden, int *PathCnt, svxEntPath **lstPath)
cvxCompInqRenderMode	zwapi_asm_comp.h	105	@deprecated	evxErrors cvxCompInqRenderMode(svxEntPath *CompPath, evxRenderMode *RenderMode)
cvxCompIns	zwapi_cmd_assembly.h	16		evxErrors cvxCompIns(const svxCompData *Comp, int *idComp)
cvxCompInsInit	zwapi_cmd_assembly.h	187		evxErrors cvxCompInsInit(svxCompData *Comp)
cvxCompIsEnvelope	zwapi_asm_comp.h	102	@deprecated	evxErrors cvxCompIsEnvelope(const svxEntPath *compPath, int *isEnvelope)
cvxCompIsFileLost	zwapi_asm_comp.h	116		evxErrors cvxCompIsFileLost(const svxEntPath *path, int *isFileLost)
cvxCompIsLightweightByPath	zwapi_asm_opts.h	50		evxErrors cvxCompIsLightweightByPath(const svxEntPath *compPath, int *isLightweight)
cvxCompIsUnplaced	zwapi_asm_comp.h	108	@deprecated	evxErrors cvxCompIsUnplaced(int idx_Comp, int *isUnplaced)
cvxCompIsUnplacedByPath	zwapi_asm_comp.h	113		evxErrors cvxCompIsUnplacedByPath(const svxEntPath *path, int *isUnplaced)
cvxCompIsVirtual	zwapi_asm_comp.h	99		evxErrors cvxCompIsVirtual(svxEntPath *CompPath, int *isVirtual)
cvxCompIsectShpChk	zwapi_cmd_assembly.h	167		evxErrors cvxCompIsectShpChk(svxEntPath *BaseShpPath, svxEntPath *OpShpPath, int *fInterfer)
cvxCompIsectShpChk2	zwapi_cmd_assembly.h	173		evxErrors cvxCompIsectShpChk2(svxEntPath *BaseShpPath, svxEntPath *OpShpPath, int fClosedChk, int *fInterfer)
cvxCompIsectShpShp	zwapi_math_insect.h	76		int cvxCompIsectShpShp(const svxEntPath *basePath, const svxEntPath *opPath, evxFaceTrim trim, int *count, svxCurve **curves)
cvxCompLightweightSetByPath	zwapi_asm_opts.h	53		evxErrors cvxCompLightweightSetByPath(const svxEntPath *compPaths, int compCount, int load, int isRecursive)
cvxCompMakeVirtual	zwapi_asm_comp.h	96		evxErrors cvxCompMakeVirtual(svxEntPath *CompPath)
cvxCompMerge	zwapi_cmd_assembly.h	31		evxErrors cvxCompMerge(evxBoolType Combine, int idComp, int *idShape)
cvxCompMerge2	zwapi_cmd_assembly.h	34		evxErrors cvxCompMerge2(evxBoolType Combine, int idComp, int MergeDim, int MergeWire, int *idShape)
cvxCompMirror	zwapi_cmd_assembly.h	146		evxErrors cvxCompMirror(const svxAsmMirror *data, int *idMirror)
cvxCompMirrorInit	zwapi_cmd_assembly.h	143		evxErrors cvxCompMirrorInit(evxAsmMirrorType type, svxAsmMirror *data)
cvxCompMove	zwapi_cmd_assembly.h	140		evxErrors cvxCompMove(const svxAsmMove *data)
cvxCompMoveInit	zwapi_cmd_assembly.h	137		evxErrors cvxCompMoveInit(evxAsmMoveType type, svxAsmMove *data)
cvxCompNameWithOrderNumberGet	zwapi_asm_comp.h	178		evxErrors cvxCompNameWithOrderNumberGet(const svxEntPath *compPath, char *compName, const int nbytes)
cvxCompPtn	zwapi_cmd_assembly.h	134		evxErrors cvxCompPtn(const svxAsmPtnData *data, int *idPattern)
cvxCompPtnInit	zwapi_cmd_assembly.h	127		evxErrors cvxCompPtnInit(evxAsmPatternType type, svxAsmPtnData *data)
cvxCompRegen	zwapi_asm_opts.h	44		evxErrors cvxCompRegen(svxEntPath *Path, int flag)
cvxCompRegenSet	zwapi_asm_comp.h	140	@deprecated	evxErrors cvxCompRegenSet(int idComp, int Regen)
cvxCompSelectedStateGet	zwapi_asm_comp.h	125		evxErrors cvxCompSelectedStateGet(const svxEntPath *path, int *isSelected)
cvxCompSelectedStateSet	zwapi_asm_comp.h	128		evxErrors cvxCompSelectedStateSet(const svxEntPath *path, int selected)
cvxCompSetPart	zwapi_asm_opts.h	47		evxErrors cvxCompSetPart(int idComp, const vxLongPath File, const vxRootName Part)
cvxCompSetRenderMode	zwapi_asm_opts.h	56		evxErrors cvxCompSetRenderMode(svxEntPath *CompPath, evxRenderMode RenderMode)
cvxCompShapeInqOpenEdges	zwapi_asm_comp.h	155		evxErrors cvxCompShapeInqOpenEdges(svxEntPath *ShpPath, int *numEdg, svxEntPath **edgPaths)
cvxCompShift	zwapi_asm_opts.h	59		evxErrors cvxCompShift(int idComp)
cvxCompSuppress	zwapi_asm_opts.h	62		evxErrors cvxCompSuppress(int idComp, int suppress)
cvxCompSuppressByPath	zwapi_asm_opts.h	65		evxErrors cvxCompSuppressByPath(int Count, svxEntPath *CompPaths, int suppress)
cvxCompSuppressGet	zwapi_asm_comp.h	77		evxErrors cvxCompSuppressGet(int idComp, int *suppress)
cvxCompSuppressGetByPath	zwapi_asm_comp.h	80		evxErrors cvxCompSuppressGetByPath(svxEntPath *path, int *suppress)
cvxCompUnHighlight	zwapi_asm_comp.h	93		void cvxCompUnHighlight(svxEntPath *CompPath)
cvxCompVisGet	zwapi_asm_comp.h	86		evxErrors cvxCompVisGet(svxEntPath *CompPath, int *Vis)
cvxCompVisSet	zwapi_asm_opts.h	68		evxErrors cvxCompVisSet(svxEntPath *CompPath, int Vis)
cvxCompWithLayoutIns	zwapi_cmd_assembly.h	25		evxErrors cvxCompWithLayoutIns(const svxCompInsWithLayoutData *Comp, int *idComp)
cvxCompWithLayoutInsInit	zwapi_cmd_assembly.h	190		evxErrors cvxCompWithLayoutInsInit(evxLayoutType LayoutType, evxPositionType PositionType, svxCompInsWithLayoutData *Comp)
cvxConfigGetColor	zwapi_config.h	15		void cvxConfigGetColor(const char *Name, evxColor *Color)
cvxConfigGetInteger	zwapi_config.h	21		evxErrors cvxConfigGetInteger(const char *Name, int *Value)
cvxConfigGetNumber	zwapi_config.h	24		evxErrors cvxConfigGetNumber(const char *Name, double *Value)
cvxConfigGetOption	zwapi_config.h	27		int cvxConfigGetOption(const char *Name, const char *Options)
cvxConfigGetRgb	zwapi_config.h	30		evxErrors cvxConfigGetRgb(const char *Name, svxColor *Rgb)
cvxConfigGetString	zwapi_config.h	33		evxErrors cvxConfigGetString(const char *Name, char *Str, int nBytes)
cvxConfigGetYesNo	zwapi_config.h	36		evxErrors cvxConfigGetYesNo(const char *Name, int *YesNo)
cvxConfigPathGet	zwapi_config.h	39		evxErrors cvxConfigPathGet(char *path, int sizepath)
cvxConfigSetColor	zwapi_config.h	42		evxErrors cvxConfigSetColor(const char *Name, evxColor Color)
cvxConfigSetInteger	zwapi_config.h	49		evxErrors cvxConfigSetInteger(const char *Name, int Value)
cvxConfigSetNumber	zwapi_config.h	52		evxErrors cvxConfigSetNumber(const char *Name, double Value)
cvxConfigSetOption	zwapi_config.h	55		evxErrors cvxConfigSetOption(const char *Name, const char *Option)
cvxConfigSetRgb	zwapi_config.h	58		evxErrors cvxConfigSetRgb(const char *Name, svxColor *Rgb)
cvxConfigSetString	zwapi_config.h	61		evxErrors cvxConfigSetString(const char *Name, char *Str)
cvxConfigSetYesNo	zwapi_config.h	64		evxErrors cvxConfigSetYesNo(const char *Name, int YesNo)
cvxConsDel	zwapi_asm_opts.h	80		evxErrors cvxConsDel(int count, int *idCons)
cvxConsEnable	zwapi_asm_opts.h	77		evxErrors cvxConsEnable(int count, int *idCons, int enable)
cvxConsInqConsData	zwapi_asm_constraint.h	25		evxErrors cvxConsInqConsData(int idCons, svxConsData *ConsData)
cvxConsInqRefEnts	zwapi_asm_constraint.h	22		evxErrors cvxConsInqRefEnts(int idCons, int *count, svxEntPath **entPaths)
cvxConsInqType	zwapi_asm_constraint.h	16		evxErrors cvxConsInqType(int idCons, evxConsType *consType)
cvxConsRedefine	zwapi_asm_opts.h	71		evxErrors cvxConsRedefine(int idCons)
cvxCrashPromptDisable	zwapi_message.h	59		void cvxCrashPromptDisable()
cvxCrashPromptEnable	zwapi_message.h	62		void cvxCrashPromptEnable()
cvxCrvEval	zwapi_math_nurbscurve.h	14		evxErrors cvxCrvEval(int idCurve, double T, svxPoint *Point, svxVector *Normal)
cvxCrvEval2	zwapi_math_nurbscurve.h	20		evxErrors cvxCrvEval2(const int idCurve, const double t, const int level, svxEvalCurv *eval)
cvxCrvEvalCrvtr	zwapi_math_nurbscurve.h	23		evxErrors cvxCrvEvalCrvtr(const int idCurve, const double t, svxPoint *point, svxPoint *normal, double *curvature)
cvxCrvExtremum	zwapi_math_nurbscurve.h	61		evxErrors cvxCrvExtremum(int idCurve, int *Count, svxPoint **Pnts, svxBndBox *BndBox)
cvxCrvGetCusps	zwapi_math_nurbscurve.h	64		evxErrors cvxCrvGetCusps(int idCurve, int *Count, double **T, svxPoint **Cusps)
cvxCrvGetInflections	zwapi_math_nurbscurve.h	58		evxErrors cvxCrvGetInflections(int idCurve, int *Count, double **T, svxPoint **InfPnts)
cvxCrvGetPntAtDist	zwapi_math_nurbscurve.h	55		evxErrors cvxCrvGetPntAtDist(int idCurve, double StartT, double Length, double *T, svxPoint *Point)
cvxCrvGetPntAtLenFraction	zwapi_math_nurbscurve.h	45		evxErrors cvxCrvGetPntAtLenFraction(int idCurve, double Fraction, svxPoint *Point)
cvxCrvInqContinuity	zwapi_math_nurbscurve.h	39		evxErrors cvxCrvInqContinuity(int Count, int *Curves, int *Continuity)
cvxCrvIsLine	zwapi_math_nurbscurve.h	26		int cvxCrvIsLine(int idCurve)
cvxCrvLen	zwapi_math_nurbscurve.h	67		evxErrors cvxCrvLen(int idCurve, double *Len)
cvxCrvLen2	zwapi_math_nurbscurve.h	73		evxErrors cvxCrvLen2(int idCurve, double T1, double T2, double *Length)
cvxCrvMinMaxRad	zwapi_math_nurbscurve.h	36	@deprecated	evxErrors cvxCrvMinMaxRad(int idCurve, double *minRad, double *maxRad, int *isFlat)
cvxCrvParam	zwapi_math_nurbscurve.h	33	@deprecated	evxErrors cvxCrvParam(int idCurve, svxLimit *T)
cvxCrvPlaneParallelChk	zwapi_math.h	20		evxErrors cvxCrvPlaneParallelChk(const svxPoint *plnPnt, const svxVector *plnNormal, const svxCurve *Crv, double tol, int *isParallel, double *Distance)
cvxCrvPntProj	zwapi_math_nurbscurve.h	52		evxErrors cvxCrvPntProj(int idCurve, svxPoint *Pnt, double *T, svxPoint *ProjPnt)
cvxCrvTransform	zwapi_math_matrix.h	66		void cvxCrvTransform(svxMatrix *Mat, svxCurve *Crv)
cvxCursorRestore	zwapi_ui_guiset.h	54		void cvxCursorRestore(void)
cvxCursorSet	zwapi_ui_guiset.h	47		void cvxCursorSet(evxCursorType Type)
cvxCurveFree	zwapi_part_objs.h	31		void cvxCurveFree(svxCurve *Crv)
cvxCustomViewActivate	zwapi_view.h	62	@deprecated	evxErrors cvxCustomViewActivate(int idView)
cvxCustomViewAdd	zwapi_view.h	56	@deprecated	evxErrors cvxCustomViewAdd(char *Name, int LyrVis, int ObjVis, int *idView)
cvxCustomViewDel	zwapi_view.h	65		evxErrors cvxCustomViewDel(int idView)
cvxCustomViewId	zwapi_view.h	68		evxErrors cvxCustomViewId(vxName Name, int *idView)
cvxCustomViewListGet	zwapi_view.h	71		evxErrors cvxCustomViewListGet(int *count, int **customViewList)
cvxDataClear	zwapi_cmd_paramdefine_param.h	132		evxErrors cvxDataClear(int idData, int idField)
cvxDataDel	zwapi_cmd_paramdefine_param.h	139		evxErrors cvxDataDel(int idData, int idField)
cvxDataDelItem	zwapi_cmd_paramdefine_param.h	142		evxErrors cvxDataDelItem(int idData, int idField, int iEnt)
cvxDataDelUnHi	zwapi_cmd_paramdefine_param.h	145		evxErrors cvxDataDelUnHi(int idData, int idField)
cvxDataFree	zwapi_cmd_paramdefine_param.h	148		evxErrors cvxDataFree(int idData)
cvxDataGet	zwapi_cmd_paramdefine_param.h	68		evxErrors cvxDataGet(int idData, int idField, svxData *Data)
cvxDataGetAll	zwapi_cmd_paramdefine_param.h	126		evxErrors cvxDataGetAll(int idData, int *numFld, svxFldData **fldData)
cvxDataGetColor	zwapi_cmd_paramdefine_param.h	75		evxErrors cvxDataGetColor(int idData, int idField, svxColor *Color)
cvxDataGetEnt	zwapi_cmd_paramdefine_param.h	78		evxErrors cvxDataGetEnt(int idData, int idField, int *idEntity, int *idParent)
cvxDataGetEnts	zwapi_cmd_paramdefine_param.h	81		evxErrors cvxDataGetEnts(int idData, int idField, int *Count, int **idEnts)
cvxDataGetItemData	zwapi_cmd_paramdefine_param.h	123		evxErrors cvxDataGetItemData(int Item, svxData *Data)
cvxDataGetItemList	zwapi_cmd_paramdefine_param.h	120		evxErrors cvxDataGetItemList(int idData, int idField, int *Count, int **idItems)
cvxDataGetList	zwapi_cmd_paramdefine_param.h	84		evxErrors cvxDataGetList(int idData, int idField, int *Count, svxData **Data)
cvxDataGetMatrix	zwapi_cmd_paramdefine_param.h	117		evxErrors cvxDataGetMatrix(int idData, int idField, svxMatrix *Matrix)
cvxDataGetNum	zwapi_cmd_paramdefine_param.h	87		evxErrors cvxDataGetNum(int idData, int idField, double *Number)
cvxDataGetOpt	zwapi_cmd_paramdefine_param.h	90		int cvxDataGetOpt(int idData, int idField)
cvxDataGetPath	zwapi_cmd_paramdefine_param.h	93		int cvxDataGetPath(int idData, int idField, int *FirstEnt, svxEntPath *Ent)
cvxDataGetPaths	zwapi_cmd_paramdefine_param.h	96		evxErrors cvxDataGetPaths(int idData, int idField, int *count, svxEntPath **paths)
cvxDataGetPnt	zwapi_cmd_paramdefine_param.h	99		evxErrors cvxDataGetPnt(int idData, int idField, svxPoint *Pnt)
cvxDataGetPntOnEnt	zwapi_cmd_paramdefine_param.h	105		evxErrors cvxDataGetPntOnEnt(int idData, int idField, svxPoint *pnt, svxEntPath *path)
cvxDataGetPnts	zwapi_cmd_paramdefine_param.h	102		evxErrors cvxDataGetPnts(int idData, int idField, int *Count, svxPoint **Pnts)
cvxDataGetPntsOnEnts	zwapi_cmd_paramdefine_param.h	108		evxErrors cvxDataGetPntsOnEnts(int idData, int idField, int *count, svxPoint **pnts, svxEntPath **paths)
cvxDataGetPromote	zwapi_cmd_paramdefine_param.h	111		evxErrors cvxDataGetPromote(int idData, int idField, int *Promote)
cvxDataGetText	zwapi_cmd_paramdefine_param.h	114		evxErrors cvxDataGetText(int idData, int idField, int NumBytes, char *Text)
cvxDataGrpRem	zwapi_cmd_paramdefine_param.h	151		evxErrors cvxDataGrpRem(int idData, int idField, int idItem)
cvxDataInit	zwapi_cmd_paramdefine_param.h	15		evxErrors cvxDataInit(const vxName Template, int *idData)
cvxDataInqActive	zwapi_cmd_paramdefine_param.h	154		evxErrors cvxDataInqActive(int *idData)
cvxDataInqParent	zwapi_cmd_paramdefine_param.h	161		evxErrors cvxDataInqParent(int *idData)
cvxDataSet	zwapi_cmd_paramdefine_param.h	26		evxErrors cvxDataSet(int idData, int idField, svxData *Data)
cvxDataSetColor	zwapi_cmd_paramdefine_param.h	29		evxErrors cvxDataSetColor(int idData, int idField, svxColor *Color)
cvxDataSetDirOnEntPath	zwapi_cmd_paramdefine_param.h	59		evxErrors cvxDataSetDirOnEntPath(int idData, int idField, const svxDirOnEntPath *dirData)
cvxDataSetMatrix	zwapi_cmd_paramdefine_param.h	62		evxErrors cvxDataSetMatrix(int idData, int idField, const svxMatrix *mat)
cvxDataSetPath	zwapi_cmd_paramdefine_param.h	32		evxErrors cvxDataSetPath(int idData, int idField, svxEntPath *Ent)
cvxDataSetPntByPath	zwapi_cmd_paramdefine_param.h	47		evxErrors cvxDataSetPntByPath(int idData, int idField, svxEntPath *entPath, svxPoint *pnt)
cvxDataSetPntOnCrv	zwapi_cmd_paramdefine_param.h	38		evxErrors cvxDataSetPntOnCrv(int idData, int idField, int idCrv, svxPoint *Pnt)
cvxDataSetPntOnCrvPath	zwapi_cmd_paramdefine_param.h	50		evxErrors cvxDataSetPntOnCrvPath(int idData, int idField, int critPnt, const svxEntPath *crvPath, const svxPoint *pnt)
cvxDataSetPntOnEnt	zwapi_cmd_paramdefine_param.h	53		evxErrors cvxDataSetPntOnEnt(int idData, int idField, const svxPntOnEnt *pntData)
cvxDataSetPntOnEntPath	zwapi_cmd_paramdefine_param.h	56		evxErrors cvxDataSetPntOnEntPath(int idData, int idField, const svxPntOnEntPath *pntData)
cvxDataSetPntOnFace	zwapi_cmd_paramdefine_param.h	41		evxErrors cvxDataSetPntOnFace(int idData, int idField, int idComp, int idFace)
cvxDataSetPntOnFace2	zwapi_cmd_paramdefine_param.h	44		evxErrors cvxDataSetPntOnFace2(int idData, int idField, int idFace, svxPoint *Pnt)
cvxDataSetPromote	zwapi_cmd_paramdefine_param.h	35		evxErrors cvxDataSetPromote(int idData, int idField, int Promote)
cvxDataToFeature	zwapi_cmd_paramdefine_param.h	65		evxErrors cvxDataToFeature(int idData, int idFeature, int ExcludeRegen)
cvxDataZero	zwapi_cmd_paramdefine_param.h	20		void cvxDataZero(svxData *Data)
cvxDatumDispAttrGet	zwapi_display.h	216		evxErrors cvxDatumDispAttrGet(int idDatum, svxWireAt *DispAt)
cvxDatumDispAttrSet	zwapi_display.h	219		evxErrors cvxDatumDispAttrSet(int idDatum, const svxWireAt *DispAt)
cvxDatumDispModeGet	zwapi_display.h	213		evxErrors cvxDatumDispModeGet(int idDatum, evxDatumDispMode *DispMode)
cvxDatumDispModeSet	zwapi_display.h	210		void cvxDatumDispModeSet(int idDatum, evxDatumDispMode DispMode)
cvxDatumLocalVis	zwapi_display.h	203		void cvxDatumLocalVis(int iVisible)
cvxDimAtGetBySub	zwapi_dim.h	92		evxErrors cvxDimAtGetBySub(int idDim, int subDim, svxDimAttr *dmAttr)
cvxDimDispAtGet	zwapi_dim.h	100		evxErrors cvxDimDispAtGet(int idDim, svxDimDispAttr *dispAttr)
cvxDimDispAtSet	zwapi_dim.h	103		evxErrors cvxDimDispAtSet(int idDim, const svxDimDispAttr *dispAttr)
cvxDimFCSDataGet	zwapi_dim.h	34		evxErrors cvxDimFCSDataGet(int idFCS, int *numOfFCS, svxFCSData **FCSData, vxLongName note1, vxLongName note2)
cvxDimInqDimBundles	zwapi_dim.h	31		evxErrors cvxDimInqDimBundles(int idDim, int *count, int **idBundles)
cvxDimInqDimLines	zwapi_dim.h	82		evxErrors cvxDimInqDimLines(int idDim, int *count, svxCurve **dimCrvs)
cvxDimInqDimPnts	zwapi_dim.h	79		evxErrors cvxDimInqDimPnts(int idDim, int *count, svxPoint **dimPnts)
cvxDimInqExtLines	zwapi_dim.h	89		evxErrors cvxDimInqExtLines(int idDim, int *count, svxCurve **dimCrvs)
cvxDimInqPos	zwapi_dim.h	72		evxErrors cvxDimInqPos(int idDim, svxPoint *pPos)
cvxDimInqState	zwapi_dim.h	28		evxErrors cvxDimInqState(int idDim, evxDimState *state)
cvxDimInqText	zwapi_dim.h	50		evxErrors cvxDimInqText(int idDim, int subDim, char **pStr)
cvxDimInqTextType	zwapi_dim.h	60		evxErrors cvxDimInqTextType(int idDim, int *type)
cvxDimInqTxtPnt	zwapi_dim.h	66		evxErrors cvxDimInqTxtPnt(int idDim, svxPoint *textPnt)
cvxDimInqType	zwapi_dim.h	16		evxErrors cvxDimInqType(int idDim, evxDimType *type)
cvxDimInqTypeEx	zwapi_dim.h	22		evxErrors cvxDimInqTypeEx(int idDim, evxDimTypeEx *typeEx)
cvxDimInqVar	zwapi_dim.h	37		evxErrors cvxDimInqVar(int idDim, svxVariable *var)
cvxDimIsRadius	zwapi_dim.h	25		evxErrors cvxDimIsRadius(int idDim, int *isRadius)
cvxDimLineAtGet	zwapi_dim.h	112		evxErrors cvxDimLineAtGet(int idDim, svxDimLineAttr *lineAttr)
cvxDimLineAtSet	zwapi_dim.h	115		evxErrors cvxDimLineAtSet(int idDim, const svxDimLineAttr *lineAttr)
cvxDimMiscAtGet	zwapi_dim.h	124		evxErrors cvxDimMiscAtGet(int idDim, svxDimMiscAttr *miscAttr)
cvxDimMiscAtSet	zwapi_dim.h	127		evxErrors cvxDimMiscAtSet(int idDim, const svxDimMiscAttr *miscAttr)
cvxDimModTextType	zwapi_dim.h	63		evxErrors cvxDimModTextType(int idDim, int type, char *text)
cvxDimModTxt	zwapi_dim.h	57		evxErrors cvxDimModTxt(int idDim, int subDim, char *pStr)
cvxDimModTxtPnt	zwapi_dim.h	69		evxErrors cvxDimModTxtPnt(int idDim, int center, svxPoint *textPnt)
cvxDimTextAtGet	zwapi_dim.h	118		evxErrors cvxDimTextAtGet(int idDim, svxDimTextAttr *textAttr)
cvxDimTextAtSet	zwapi_dim.h	121		evxErrors cvxDimTextAtSet(int idDim, const svxDimTextAttr *textAttr)
cvxDimTolAtGet	zwapi_dim.h	106		evxErrors cvxDimTolAtGet(int idDim, svxDimTolAttr *tolAttr)
cvxDimTolAtSet	zwapi_dim.h	109		evxErrors cvxDimTolAtSet(int idDim, const svxDimTolAttr *tolAttr)
cvxDimValMod	zwapi_dim.h	44		evxErrors cvxDimValMod(int idDim, char *exp)
cvxDimValModNoUpdate	zwapi_dim.h	47		evxErrors cvxDimValModNoUpdate(int idDim, char *exp)
cvxDispColorGet	zwapi_display.h	137		void cvxDispColorGet(evxDispAttrib Type, evxColor *Color)
cvxDispColorSet	zwapi_display.h	140		void cvxDispColorSet(evxDispAttrib Type, evxColor Color)
cvxDispDataUpdate	zwapi_display.h	122		void cvxDispDataUpdate(void)
cvxDispGetLights	zwapi_display.h	161		evxErrors cvxDispGetLights(int *Count, svxLight **Lights)
cvxDispModeGet	zwapi_display.h	125		void cvxDispModeGet(evxDispMode *Mode)
cvxDispModeSet	zwapi_display.h	128		void cvxDispModeSet(evxDispMode Mode)
cvxDispRedraw	zwapi_display.h	116		void cvxDispRedraw(void)
cvxDispRgbGet	zwapi_display.h	131		void cvxDispRgbGet(evxDispAttrib Type, svxColor *Rgb)
cvxDispRgbSet	zwapi_display.h	134		void cvxDispRgbSet(evxDispAttrib Type, const svxColor *Rgb)
cvxDispSceneUpdate	zwapi_display.h	155		evxErrors cvxDispSceneUpdate()
cvxDispSetLights	zwapi_display.h	171		evxErrors cvxDispSetLights(int Count, svxLight *Lights)
cvxDispSetLightsInit	zwapi_display.h	168		evxErrors cvxDispSetLightsInit(svxLight *data)
cvxDispState	zwapi_display.h	149		void cvxDispState(int Option, vxDispState State)
cvxDispSwitch	zwapi_display.h	143		void cvxDispSwitch(evxDispItem Item, int isOn)
cvxDispSwitchGet	zwapi_display.h	146		void cvxDispSwitchGet(evxDispItem Item, int *isOn)
cvxDispWindowRectGet	zwapi_display.h	158		evxErrors cvxDispWindowRectGet(const int includeFrame, const int isGlobal, int *x, int *y, int *w, int *h)
cvxDispZoomAll	zwapi_display.h	184		void cvxDispZoomAll(int Redraw)
cvxDispZoomAllIncludeDim	zwapi_display.h	191		void cvxDispZoomAllIncludeDim(int Redraw)
cvxDispZoomAt	zwapi_display.h	194		void cvxDispZoomAt(const svxPoint point, const float factor)
cvxDispZoomIn	zwapi_display.h	200		evxErrors cvxDispZoomIn(int ZoomIn, const svxPoint2f StartPoint, const svxPoint2f EndPoint)
cvxDispZoomLimits	zwapi_display.h	197		evxErrors cvxDispZoomLimits(void)
cvxDwgActivate	zwapi_dwg_drawing.h	52		evxErrors cvxDwgActivate(vxLongName drawingName)
cvxDwgAtGet	zwapi_dwg_attribute.h	14		evxErrors cvxDwgAtGet(int idDrawing, svxDrawingAt *drawingAt)
cvxDwgAtItemGet	zwapi_dwg_attribute.h	23		evxErrors cvxDwgAtItemGet(evxAtItemId itemId, svxAttribute *At)
cvxDwgAtSet	zwapi_dwg_attribute.h	20		evxErrors cvxDwgAtSet(int idDrawing, svxDrawingAt *drawingAt)
cvxDwgAutoBlnAdd	zwapi_cmd_dwg_dimension.h	29		evxErrors cvxDwgAutoBlnAdd(const svxDwgAtBlnData *atBlnInfo, int *idDimCount, int **idDimList)
cvxDwgAutoBlnAddInit	zwapi_cmd_dwg_dimension.h	26		evxErrors cvxDwgAutoBlnAddInit(svxDwgAtBlnData *data)
cvxDwgAutoDimAdd	zwapi_cmd_dwg_dimension.h	14		evxErrors cvxDwgAutoDimAdd(const svxDimAuto *pDimData, int *idDim)
cvxDwgAutoDimAddInit	zwapi_cmd_dwg_dimension.h	20		evxErrors cvxDwgAutoDimAddInit(svxDimAuto *data)
cvxDwgBalloonTextGet	zwapi_cmd_dwg_dimension.h	59		evxErrors cvxDwgBalloonTextGet(int idBalloon, char *text, int nbytes)
cvxDwgBalloonTextSet	zwapi_cmd_dwg_dimension.h	56		evxErrors cvxDwgBalloonTextSet(int idBalloon, evxDwgBalloonTextCondition condition, evxDwgBalloonTextSubCondition subCondition, const char *text)
cvxDwgDimAtGet	zwapi_dwg_dim.h	35	@deprecated	evxErrors cvxDwgDimAtGet(int idDim, svxDimAttr *dmAttr)
cvxDwgDimAtSet	zwapi_dwg_dim.h	42		evxErrors cvxDwgDimAtSet(int idDim, svxDimAttr *dmAttr)
cvxDwgEntMoveAlongDirection	zwapi_cmd_dwg_drawing.h	45		evxErrors cvxDwgEntMoveAlongDirection(int idEnt, svxVector2 *Direction, double Distance, svxPoint2 *BasePoint, double angle, double scale)
cvxDwgEntMovePntToPnt	zwapi_cmd_dwg_drawing.h	15		evxErrors cvxDwgEntMovePntToPnt(int idEnt, svxPoint2 *Start, svxPoint2 *End, evxDrawingMoveDirType type, double angle, double scale)
cvxDwgFind	zwapi_dwg_drawing.h	40		evxErrors cvxDwgFind(const vxRootName rootName, const vxLongName drawingName, int *idDrawing)
cvxDwgGeomGetView	zwapi_dwg_geometry.h	33		evxErrors cvxDwgGeomGetView(int idGeom, int *idView)
cvxDwgGetDimTextBox	zwapi_dwg_dim.h	26		evxErrors cvxDwgGetDimTextBox(int idDim, double *tbWid, double *tbHgt, double *chSlp, svxPoint2 *txtPt)
cvxDwgGetTableSize	zwapi_dwg_table.h	30		evxErrors cvxDwgGetTableSize(int iTblIdx, int *pRowNum, int *pColNum)
cvxDwgInqActive	zwapi_dwg_drawing.h	55		evxErrors cvxDwgInqActive(char *drawingName, int nBytes)
cvxDwgInqBorderTitle	zwapi_dwg_drawing.h	43		evxErrors cvxDwgInqBorderTitle(int idDrawing, int *idBorder, int *idBorderSkt, int *idTitle, int *idTitleSkt)
cvxDwgInqBundleDataByDim	zwapi_dwg_dim.h	32	@deprecated	evxErrors cvxDwgInqBundleDataByDim(int idDim, int *count, svxDwgBundleDimData **data)
cvxDwgInqDimByDrawing	zwapi_dwg_dim.h	29		evxErrors cvxDwgInqDimByDrawing(int idDrawing, int *count, int **idDims)
cvxDwgInqDimEnts	zwapi_dwg_dim.h	20		evxErrors cvxDwgInqDimEnts(int idDim, int *count, int **idEnts)
cvxDwgInqDimGripPnts	zwapi_dwg_dim.h	23		evxErrors cvxDwgInqDimGripPnts(int idDim, int *Num, svxPoint **Pnts)
cvxDwgInqDims	zwapi_dwg_dim.h	14		evxErrors cvxDwgInqDims(int idDrawing, evxDimType *dimTypeList, int dimTypeCount, int *count, int **dims)
cvxDwgInqGeom	zwapi_dwg_geometry.h	15		evxErrors cvxDwgInqGeom(int idDrawing, int *count, int **idEnts)
cvxDwgInqHatchIdByDrawing	zwapi_dwg_geometry.h	27		evxErrors cvxDwgInqHatchIdByDrawing(int idDrawing, int *count, int **idHatchs)
cvxDwgInqHatchIdByView	zwapi_dwg_geometry.h	24		evxErrors cvxDwgInqHatchIdByView(int idView, int *count, int **idHatchs)
cvxDwgInqList	zwapi_dwg_drawing.h	30		evxErrors cvxDwgInqList(int idRoot, int *count, int **idDrawings)
cvxDwgInqName	zwapi_dwg_drawing.h	37		evxErrors cvxDwgInqName(int idDrawing, char *drawingName, int nBytes)
cvxDwgInqPart	zwapi_dwg_drawing.h	46		evxErrors cvxDwgInqPart(char *rootName, int *iCount, svxCompName **partList)
cvxDwgInqSymEnts	zwapi_dwg_symbol.h	29		evxErrors cvxDwgInqSymEnts(int idSym, int *Count, int **idEnts)
cvxDwgInqSymObjList	zwapi_dwg_symbol.h	23		evxErrors cvxDwgInqSymObjList(int idSym, int *count, int **listId)
cvxDwgInqSymType	zwapi_dwg_symbol.h	26		evxErrors cvxDwgInqSymType(int idSym, evxSymbolType *type)
cvxDwgInqTableType	zwapi_dwg_table.h	21		evxErrors cvxDwgInqTableType(int idTable, evxTableType *type)
cvxDwgInqTables	zwapi_dwg_table.h	14		evxErrors cvxDwgInqTables(int idDrawing, evxTableType type, int *count, int **tables)
cvxDwgInqText	zwapi_dwg_geometry.h	21		evxErrors cvxDwgInqText(int idDrawing, int *count, int **idEnts)
cvxDwgInqViewMod	zwapi_dwg_view.h	24		evxErrors cvxDwgInqViewMod(int idDrawing, int *modified)
cvxDwgInqViewType	zwapi_dwg_view.h	27		evxErrors cvxDwgInqViewType(int idView, evxViewType *type)
cvxDwgInqViewTypeEx	zwapi_dwg_view.h	30		evxErrors cvxDwgInqViewTypeEx(int viewId, evxViewTypeEx *viewType)
cvxDwgInqViews	zwapi_dwg_view.h	18		evxErrors cvxDwgInqViews(int idDrawing, evxViewType type, int *count, int **views)
cvxDwgInsertSymbol	zwapi_cmd_dwg_dimension.h	50		evxErrors cvxDwgInsertSymbol(const vxLongPath fileName, const vxLongName symName, svxPoint2 *pnt, int *symId)
cvxDwgLabelDimAdd	zwapi_cmd_dwg_dimension.h	23		evxErrors cvxDwgLabelDimAdd(const svxDimLabel *pLabel, int *idDim)
cvxDwgRefEntDataGet	zwapi_dwg_geometry.h	30		evxErrors cvxDwgRefEntDataGet(int idRefEnt, svxRefEntData *data)
cvxDwgRegen	zwapi_dwg_drawing.h	58		evxErrors cvxDwgRegen(int count, int *idViews, int isRegenUnModifiedView, int isRegenTable, int isPrompt, int isRegenSketch)
cvxDwgRotateView	zwapi_cmd_dwg_layout.h	56		evxErrors cvxDwgRotateView(const svxDwgRotView *pData)
cvxDwgRotateViewinit	zwapi_cmd_dwg_layout.h	50		evxErrors cvxDwgRotateViewinit(svxDwgRotView *data)
cvxDwgSetRefPart	zwapi_dwg_drawing.h	49		evxErrors cvxDwgSetRefPart(const char *File, const char *Root, int idxView, svxCompName *oldPart, svxCompName *newPart)
cvxDwgSheetAdd	zwapi_dwg_drawing.h	15		evxErrors cvxDwgSheetAdd(vxLongName Name, int *idSheet)
cvxDwgSheetDel	zwapi_dwg_drawing.h	21		evxErrors cvxDwgSheetDel(int count, int *idSheet)
cvxDwgSheetScaleGet	zwapi_dwg_drawing.h	24		evxErrors cvxDwgSheetScaleGet(int idSheet, double *scale)
cvxDwgSheetScaleSet	zwapi_dwg_drawing.h	27		evxErrors cvxDwgSheetScaleSet(int idSheet, double scale)
cvxDwgStkBlnAdd	zwapi_cmd_dwg_dimension.h	35	@deprecated	evxErrors cvxDwgStkBlnAdd(const svxDwgStkBlnData *stkBlnData, int *idDimCount, int **idDimList)
cvxDwgStkBlnAddInit	zwapi_cmd_dwg_dimension.h	32		evxErrors cvxDwgStkBlnAddInit(svxDwgStkBlnData *data)
cvxDwgStyleManagerWithTextAtGet	zwapi_dwg_drawing.h	61		evxErrors cvxDwgStyleManagerWithTextAtGet(evxDwgStyleManagerMethod type, void *data)
cvxDwgSymAtGet	zwapi_dwg_symbol.h	32		evxErrors cvxDwgSymAtGet(int idSym, svxSymAttr *symAttr)
cvxDwgSymAtSet	zwapi_dwg_symbol.h	39		evxErrors cvxDwgSymAtSet(int idSym, svxSymAttr *symAttr)
cvxDwgSymImgAtGet	zwapi_dwg_symbol.h	42		evxErrors cvxDwgSymImgAtGet(int idSymImg, svxSymImg *data)
cvxDwgSymImgAtSet	zwapi_dwg_symbol.h	45		evxErrors cvxDwgSymImgAtSet(int idSymImg, const svxSymImg *data)
cvxDwgSymImgNew	zwapi_cmd_dwg_dimension.h	44		evxErrors cvxDwgSymImgNew(svxSymImg *data, int embed, int locked, int *idSymImg)
cvxDwgSymImgNewInit	zwapi_cmd_dwg_dimension.h	47		evxErrors cvxDwgSymImgNewInit(svxSymImg *data)
cvxDwgSymInsPointGet	zwapi_dwg_symbol.h	70		evxErrors cvxDwgSymInsPointGet(int idSym, svxPoint2 *pnt)
cvxDwgSymInsPointSet	zwapi_dwg_symbol.h	73		evxErrors cvxDwgSymInsPointSet(int idSym, svxPoint2 *pnt)
cvxDwgSymLinkExport	zwapi_dwg_symbol.h	82		evxErrors cvxDwgSymLinkExport(const int idSymLink, vxPath filePath)
cvxDwgSymLinkExportByLongPath	zwapi_dwg_symbol.h	85		evxErrors cvxDwgSymLinkExportByLongPath(const int idSymLink, char *filePath, int sizePath)
cvxDwgSymLinkGet	zwapi_dwg_symbol.h	76		evxErrors cvxDwgSymLinkGet(const int idSymLink, vxPath filePath)
cvxDwgSymLinkGetByLongPath	zwapi_dwg_symbol.h	79		evxErrors cvxDwgSymLinkGetByLongPath(const int idSymLink, char *filePath, int sizePath)
cvxDwgSymSurfDataGet	zwapi_dwg_symbol.h	48		evxErrors cvxDwgSymSurfDataGet(int idSymSurf, svxSymSurf *data)
cvxDwgSymSurfDataSet	zwapi_dwg_symbol.h	55		evxErrors cvxDwgSymSurfDataSet(int idSymSurf, svxSymSurf *data)
cvxDwgSymSurfNewInit	zwapi_cmd_dwg_dimension.h	41		evxErrors cvxDwgSymSurfNewInit(svxSymSurf *data)
cvxDwgSymWeldDataGet	zwapi_dwg_symbol.h	58		evxErrors cvxDwgSymWeldDataGet(const int idSymWeld, svxSymWeld *data)
cvxDwgSymWeldDataSet	zwapi_dwg_symbol.h	61		evxErrors cvxDwgSymWeldDataSet(const int idSymWeld, const svxSymWeld *data)
cvxDwgSymWeldNewInit	zwapi_cmd_dwg_dimension.h	38	@deprecated	evxErrors cvxDwgSymWeldNewInit(svxSymWeld *data)
cvxDwgTableAdjustSize	zwapi_dwg_table.h	33		evxErrors cvxDwgTableAdjustSize(int idTable)
cvxDwgTableAtGet	zwapi_dwg_table.h	24		evxErrors cvxDwgTableAtGet(int idTable, svxTableAttr *attr)
cvxDwgTableAtSet	zwapi_dwg_table.h	27		evxErrors cvxDwgTableAtSet(int idTable, const svxTableAttr *attr, int applyToCells)
cvxDwgTableBom	zwapi_cmd_dwg_layout.h	38		evxErrors cvxDwgTableBom(const svxDwgBom *pData, int *idTbl)
cvxDwgTableBomInit	zwapi_cmd_dwg_layout.h	32		evxErrors cvxDwgTableBomInit(svxDwgBom *data)
cvxDwgTableCellAtGet	zwapi_dwg_table.h	75		evxErrors cvxDwgTableCellAtGet(int idTable, int Row, int Col, svxTextAt *TextAt)
cvxDwgTableCellAtSet	zwapi_dwg_table.h	82	@deprecated	evxErrors cvxDwgTableCellAtSet(int idTable, int Row, int Col, svxTextAt *TextAt)
cvxDwgTableCellGet	zwapi_dwg_table.h	92		evxErrors cvxDwgTableCellGet(int idTable, int Row, int Col, char *Value, int nBytes)
cvxDwgTableCellSet	zwapi_dwg_table.h	85		evxErrors cvxDwgTableCellSet(int idTable, int Row, int Col, char *Value)
cvxDwgTableCellsMerge	zwapi_dwg_table.h	95		void cvxDwgTableCellsMerge(int idTable, int startRow, int endRow, int startCol, int endCol, int kFirstData)
cvxDwgTableCellsUnMerge	zwapi_dwg_table.h	98		void cvxDwgTableCellsUnMerge(int idTable, int minRow, int maxRow, int minCol, int maxCol)
cvxDwgTableColDelete	zwapi_dwg_table.h	72		evxErrors cvxDwgTableColDelete(int idTable, int Col)
cvxDwgTableColInsert	zwapi_dwg_table.h	69		evxErrors cvxDwgTableColInsert(int idTable, int Col)
cvxDwgTableColWidthGet	zwapi_dwg_table.h	63		evxErrors cvxDwgTableColWidthGet(int idTable, int Col, double *Width)
cvxDwgTableColWidthSet	zwapi_dwg_table.h	66		evxErrors cvxDwgTableColWidthSet(int idTable, int Col, double Width)
cvxDwgTableExport	zwapi_dwg_table.h	42		evxErrors cvxDwgTableExport(int idTable, const vxLongPath path)
cvxDwgTableInsPntGet	zwapi_dwg_table.h	39		evxErrors cvxDwgTableInsPntGet(int idTable, svxPoint2 *pnt)
cvxDwgTableInsPntSet	zwapi_dwg_table.h	36		evxErrors cvxDwgTableInsPntSet(int idTable, svxPoint2 *pnt)
cvxDwgTableInsert	zwapi_cmd_dwg_layout.h	41		evxErrors cvxDwgTableInsert(const svxDwgTblInsert *pData)
cvxDwgTableLinkToExcel	zwapi_dwg_table.h	45		evxErrors cvxDwgTableLinkToExcel(int idTable, const vxLongPath path)
cvxDwgTableRowDelete	zwapi_dwg_table.h	60		evxErrors cvxDwgTableRowDelete(int idTable, int Row)
cvxDwgTableRowHeightGet	zwapi_dwg_table.h	48		evxErrors cvxDwgTableRowHeightGet(int idTable, int row, double *height)
cvxDwgTableRowHeightSet	zwapi_dwg_table.h	54		evxErrors cvxDwgTableRowHeightSet(int idTable, int Row, double Height)
cvxDwgTableRowInsert	zwapi_dwg_table.h	57		evxErrors cvxDwgTableRowInsert(int idTable, int Row)
cvxDwgUserSymNew	zwapi_cmd_dwg_dimension.h	53		evxErrors cvxDwgUserSymNew(int count, int *idEnt, svxPoint2 *BasePnt, const vxRootName Name, int *idBlock)
cvxDwgUserSymObjGet	zwapi_dwg_symbol.h	67		evxErrors cvxDwgUserSymObjGet(const int idSymUser, int *nObj, int **idObjs)
cvxDwgUserTableCreate	zwapi_cmd_dwg_layout.h	44		evxErrors cvxDwgUserTableCreate(const vxName name, int iRow, int iCol, svxPoint2 *pnt, int origin, int *idTable)
cvxDwgUserTableCreateByTemplate	zwapi_cmd_dwg_layout.h	47		evxErrors cvxDwgUserTableCreateByTemplate(const vxName name, const vxLongPath tplPath, svxPoint2 *pnt, int origin, int *idTable)
cvxDwgViewAtGet	zwapi_dwg_view.h	33		evxErrors cvxDwgViewAtGet(int idView, svxViewAt *viewAttr)
cvxDwgViewAtSet	zwapi_dwg_view.h	36		evxErrors cvxDwgViewAtSet(int idView, svxViewAt *viewAttr)
cvxDwgViewDottedBorderGet	zwapi_dwg_view.h	45		evxErrors cvxDwgViewDottedBorderGet(int idView, svxPoint2 *UpperLeft, svxPoint2 *UpperRight, svxPoint2 *BottomLeft, svxPoint2 *BottomRight)
cvxDwgViewEntitiesAssociate	zwapi_dwg_view.h	55		evxErrors cvxDwgViewEntitiesAssociate(int idView, int count, const int *idEnts)
cvxDwgViewGeomGetShapeId	zwapi_dwg_geometry.h	43		evxErrors cvxDwgViewGeomGetShapeId(int geomId, char *fileName, int fileNameBytes, char *partName, int partNameBytes, svxEntPath *pickPath, int *geom3DId, int *shapeId)
cvxDwgViewGeomInqList	zwapi_dwg_geometry.h	36		evxErrors cvxDwgViewGeomInqList(int viewId, int option, int *count, int **indices)
cvxDwgViewInqChildView	zwapi_dwg_view.h	52		evxErrors cvxDwgViewInqChildView(int idView, int *count, int **idViews)
cvxDwgViewInqOrgPnt	zwapi_dwg_view.h	64	@deprecated	evxErrors cvxDwgViewInqOrgPnt(int idView, svxPoint2 *pnt, int *idEnt)
cvxDwgViewInqPart	zwapi_dwg_view.h	49		evxErrors cvxDwgViewInqPart(int idView, svxCompName *part)
cvxDwgViewInqProjection	zwapi_dwg_view.h	58		evxErrors cvxDwgViewInqProjection(int idView, evxViewProjAngle *projection)
cvxDwgViewInqRefEnts	zwapi_dwg_geometry.h	49		evxErrors cvxDwgViewInqRefEnts(int viewId, int *count, int **idRefEnts)
cvxDwgViewLayout	zwapi_cmd_dwg_layout.h	20		evxErrors cvxDwgViewLayout(svxViewLayoutData *data)
cvxDwgViewLayoutInit	zwapi_cmd_dwg_layout.h	14		evxErrors cvxDwgViewLayoutInit(svxViewLayoutData *data)
cvxDwgViewLocationGet	zwapi_dwg_view.h	61	@deprecated	evxErrors cvxDwgViewLocationGet(int idView, svxPoint2 *point)
cvxDwgViewLockGet	zwapi_dwg_view.h	42	@deprecated	evxErrors cvxDwgViewLockGet(int idView, int *isLock)
cvxDwgViewLockSet	zwapi_dwg_view.h	39	@deprecated	evxErrors cvxDwgViewLockSet(int idView, int lock)
cvxDwgViewPnt2DTo3D	zwapi_dwg_geometry.h	58	@deprecated	evxErrors cvxDwgViewPnt2DTo3D(int pnt2DId, svxPoint *pnt3D)
cvxDwgViewPnt3DTo2D	zwapi_dwg_geometry.h	61	@deprecated	evxErrors cvxDwgViewPnt3DTo2D(int viewId, svxPoint pnt3D, svxPoint2 *pnt2D)
cvxDwgViewProjection	zwapi_cmd_dwg_layout.h	29		evxErrors cvxDwgViewProjection(int idBaseView, svxPoint2 *location, int Projection, int DimType, svxViewAt *ViewAttr, int *idProjView)
cvxDwgViewRefCompVisSet	zwapi_dwg_geometry.h	46		evxErrors cvxDwgViewRefCompVisSet(int idView, const vxLongPath fileName, const vxRootName partName, int show)
cvxDwgViewRefEntAtGet	zwapi_dwg_geometry.h	52		evxErrors cvxDwgViewRefEntAtGet(int idRefEnt, int *clrValid, int *typeValid, int *widthValid, svxLineAt *entAt)
cvxDwgViewRefEntAtSet	zwapi_dwg_geometry.h	55		evxErrors cvxDwgViewRefEntAtSet(int idRefEnt, int clrValid, int typeValid, int widthValid, const svxLineAt *entAt)
cvxDwgViewRotate	zwapi_cmd_dwg_layout.h	59		evxErrors cvxDwgViewRotate(int idView, double angle)
cvxDwgViewStandard	zwapi_cmd_dwg_layout.h	26		evxErrors cvxDwgViewStandard(const svxViewStandardData *data, int *idView)
cvxDwgViewStandardInit	zwapi_cmd_dwg_layout.h	23		evxErrors cvxDwgViewStandardInit(svxViewStandardData *data)
cvxEchoColorAtGet	zwapi_cmd_paramdefine_tpl.h	72		void cvxEchoColorAtGet(svxWireAt *at)
cvxEchoColorAtSet	zwapi_cmd_paramdefine_tpl.h	69		void cvxEchoColorAtSet(svxWireAt *at)
cvxEchoColorGet	zwapi_cmd_paramdefine_tpl.h	60		void cvxEchoColorGet(evxColor *Color)
cvxEchoColorSet	zwapi_cmd_paramdefine_tpl.h	66		void cvxEchoColorSet(evxColor Color)
cvxEchoCustomEnd	zwapi_cmd_paramdefine_tpl.h	78		void cvxEchoCustomEnd()
cvxEchoCustomStart	zwapi_cmd_paramdefine_tpl.h	75		void cvxEchoCustomStart()
cvxEchoDraw	zwapi_cmd_paramdefine_tpl.h	81		void cvxEchoDraw()
cvxEchoEnd	zwapi_cmd_paramdefine_tpl.h	87		void cvxEchoEnd()
cvxEchoEscDisable	zwapi_cmd_paramdefine_tpl.h	90		void cvxEchoEscDisable()
cvxEchoEscRestore	zwapi_cmd_paramdefine_tpl.h	93		void cvxEchoEscRestore()
cvxEchoStart	zwapi_cmd_paramdefine_tpl.h	84		void cvxEchoStart()
cvxEntActivate	zwapi_general_ent.h	261	@deprecated	int cvxEntActivate(svxEntPath *NewPath, int UpdateGUI, int *idEntity, svxEntPath *OldPath)
cvxEntAddPick	zwapi_general_ent.h	93	@deprecated	evxErrors cvxEntAddPick(int idx_ent)
cvxEntBlank	zwapi_general_ent.h	50		evxErrors cvxEntBlank(int Show, int Count, int *idEnts)
cvxEntBndBox	zwapi_general_ent.h	178		evxErrors cvxEntBndBox(int idEntity, svxBndBox *Box)
cvxEntBndBoxByPath	zwapi_general_ent.h	181		evxErrors cvxEntBndBoxByPath(svxEntPath *path, int fTartCord, svxBndBox *bndBox)
cvxEntByLabel	zwapi_general_ent.h	187		evxErrors cvxEntByLabel(int *Label, int Exact, int *idEntity)
cvxEntByName	zwapi_general_ent.h	196		evxErrors cvxEntByName(const char *Name, int *idEntity)
cvxEntByName2	zwapi_general_ent.h	199		evxErrors cvxEntByName2(const vxLongPath File, const vxRootName Root, const vxName Name, int *idEntity)
cvxEntByUid	zwapi_general_ent.h	205	@deprecated	evxErrors cvxEntByUid(const svxUid *Uid, int *idEntity)
cvxEntClassName	zwapi_general_ent.h	214		void cvxEntClassName(int ClassNumber, char *ClassName)
cvxEntClassNum	zwapi_general_ent.h	221		int cvxEntClassNum(int idEntity)
cvxEntClassNumByPath	zwapi_general_ent.h	224	@deprecated	int cvxEntClassNumByPath(svxEntPath *entPath)
cvxEntColorGet	zwapi_general_ent.h	102		evxErrors cvxEntColorGet(int idEntity, evxColor *Color)
cvxEntColorSet	zwapi_general_ent.h	108		evxErrors cvxEntColorSet(evxColor Color, int Count, int *idEnts)
cvxEntComp	zwapi_general_ent.h	252		evxErrors cvxEntComp(int idEntity, int *idComp, char *File, int nFileBytes, char *Parent, int nParentBytes)
cvxEntEndPnt	zwapi_general_ent.h	240		evxErrors cvxEntEndPnt(int idEntity, svxPoint *Start, svxPoint *End)
cvxEntErase	zwapi_general_ent.h	255		evxErrors cvxEntErase(svxEntPath *Ent)
cvxEntExists	zwapi_general_ent.h	75		int cvxEntExists(int idEntity, evxEntType EntType)
cvxEntFind	zwapi_general_ent.h	208		evxErrors cvxEntFind(evxEntFind EntType, svxPoint *RefPnt, int *idEntity, svxPoint *Pnt, double *Dist)
cvxEntFind2	zwapi_general_ent.h	211		evxErrors cvxEntFind2(svxEntFind *Data)
cvxEntGetAngle	zwapi_math.h	44		evxErrors cvxEntGetAngle(int ent1, int ent2, double *angle)
cvxEntGetDistance	zwapi_math.h	38		evxErrors cvxEntGetDistance(int ent1, int ent2, svxPoint *p1, svxPoint *p2, double *dist)
cvxEntGetDistanceByPath	zwapi_math.h	41		evxErrors cvxEntGetDistanceByPath(svxEntPath *entPath1, svxEntPath *entPath2, svxPoint *point1, svxPoint *point2, double *minDistance)
cvxEntHighlight	zwapi_general_ent.h	59	@deprecated	void cvxEntHighlight(int idEntity)
cvxEntHighlightByPath	zwapi_general_ent.h	66		void cvxEntHighlightByPath(const svxEntPath *entityPath)
cvxEntInqPathSelected	zwapi_general_ent.h	81		evxErrors cvxEntInqPathSelected(int *Count, svxEntPath **Paths)
cvxEntInqSelected	zwapi_general_ent.h	78		evxErrors cvxEntInqSelected(int *Count, int **Ents)
cvxEntIsBlanked	zwapi_general_ent.h	56	@deprecated	int cvxEntIsBlanked(int idEntity)
cvxEntIsCurve	zwapi_general_ent.h	227	@deprecated	int cvxEntIsCurve(int idEntity)
cvxEntIsElectrode	zwapi_general_ent.h	230		int cvxEntIsElectrode(int idEntity)
cvxEntLabelGet	zwapi_general_ent.h	145		evxErrors cvxEntLabelGet(int idEntity, int **Label)
cvxEntLabelSet	zwapi_general_ent.h	148		evxErrors cvxEntLabelSet(int idEntity, int *Label)
cvxEntLayer	zwapi_general_ent.h	160		evxErrors cvxEntLayer(int idEntity, vxName Layer)
cvxEntLayerId	zwapi_general_ent.h	163		evxErrors cvxEntLayerId(int idEntity, int *LayerId)
cvxEntLineAtGet	zwapi_general_ent.h	126		evxErrors cvxEntLineAtGet(int idLine, svxLineAt *At)
cvxEntLineAtSet	zwapi_general_ent.h	129	@deprecated	evxErrors cvxEntLineAtSet(svxLineAt *At, int Count, int *idEnts)
cvxEntMatrix	zwapi_general_ent.h	166		evxErrors cvxEntMatrix(int idEntity, svxMatrix *Matrix)
cvxEntMatrix2	zwapi_general_ent.h	169	@deprecated	evxErrors cvxEntMatrix2(svxEntPath Entity, svxMatrix *Matrix)
cvxEntMatrixSet	zwapi_general_ent.h	172	@deprecated	evxErrors cvxEntMatrixSet(int idEntity, svxMatrix *Matrix)
cvxEntName	zwapi_general_ent.h	151		evxErrors cvxEntName(int idEntity, char *Name, int nBytes)
cvxEntNameByPath	zwapi_general_ent.h	202	@deprecated	evxErrors cvxEntNameByPath(const svxEntPath *Path, vxLongName Name)
cvxEntNameSet	zwapi_general_ent.h	154		evxErrors cvxEntNameSet(int idEntity, const char *Name)
cvxEntNew	zwapi_general_ent.h	32		int cvxEntNew(int StartOp, evxEntType Type)
cvxEntNewAll	zwapi_general_ent.h	41		evxErrors cvxEntNewAll(int startOp, evxEntType type, int *count, int **idEnts)
cvxEntNewList	zwapi_general_ent.h	38		void cvxEntNewList(int StartOp, evxEntType Type, int *Count, int **idEnts)
cvxEntParent	zwapi_general_ent.h	246	@deprecated	evxErrors cvxEntParent(int idEntity, int *idFeature)
cvxEntPathAddPick	zwapi_general_ent.h	96	@deprecated	evxErrors cvxEntPathAddPick(svxEntPath *entPath)
cvxEntPathAppendEnt	zwapi_tool_entpath.h	23		evxErrors cvxEntPathAppendEnt(svxEntPath *entPath, int idEntity)
cvxEntPathAppendPath	zwapi_tool_entpath.h	26		evxErrors cvxEntPathAppendPath(svxEntPath *dstPath, const svxEntPath *srcPath)
cvxEntPathCmp	zwapi_tool_entpath.h	32		int cvxEntPathCmp(const svxEntPath *EntPath1, const svxEntPath *EntPath2)
cvxEntPathGetParentComp	zwapi_tool_entpath.h	35		int cvxEntPathGetParentComp(const svxEntPath *entPath, svxEntPath *parentComp)
cvxEntPathInit	zwapi_tool_entpath.h	14		evxErrors cvxEntPathInit(int idEntity, int idParent, svxEntPath *entPath)
cvxEntPathInqActive	zwapi_tool_entpath.h	20		evxErrors cvxEntPathInqActive(svxEntPath *entPath)
cvxEntPathToRoot	zwapi_tool_entpath.h	29		evxErrors cvxEntPathToRoot(svxEntPath *EntPath)
cvxEntPnt	zwapi_general_ent.h	233		evxErrors cvxEntPnt(int idEntity, svxPoint *Pnt)
cvxEntRefEnt	zwapi_general_ent.h	249	@deprecated	evxErrors cvxEntRefEnt(int idRefEnt, int *idEnt)
cvxEntRgbGet	zwapi_general_ent.h	111		evxErrors cvxEntRgbGet(int idEntity, svxColor *Color)
cvxEntRgbSet	zwapi_general_ent.h	114		evxErrors cvxEntRgbSet(svxColor Color, int Count, int *idEnts)
cvxEntRgbSetNoAt	zwapi_general_ent.h	117		evxErrors cvxEntRgbSetNoAt(svxColor Color, int Count, int *idEnts)
cvxEntSetNameTag	zwapi_general_ent.h	157		evxErrors cvxEntSetNameTag(int idx_ent, char *name)
cvxEntSketch	zwapi_general_ent.h	243	@deprecated	void cvxEntSketch(int idEntity, int *idSketch)
cvxEntTextAtGet	zwapi_text.h	38		evxErrors cvxEntTextAtGet(int idText, svxTextAt *At)
cvxEntTextAtSet	zwapi_text.h	41		evxErrors cvxEntTextAtSet(int idText, svxTextAt *At)
cvxEntTextInq	zwapi_text.h	29		evxErrors cvxEntTextInq(int idText, char **Text)
cvxEntTextLocGet	zwapi_text.h	44		evxErrors cvxEntTextLocGet(int idText, svxTextLoc *loc)
cvxEntTextMod	zwapi_text.h	35		evxErrors cvxEntTextMod(int idText, char *Text)
cvxEntTextNew	zwapi_cmd_sk_cmds.h	56		evxErrors cvxEntTextNew(char *String, int Type, svxPoint2 Pnt[2], int *idEnt)
cvxEntTransGet	zwapi_general_ent.h	123		evxErrors cvxEntTransGet(int idEnts, int *iTrans)
cvxEntTransSet	zwapi_general_ent.h	120		evxErrors cvxEntTransSet(int iTrans, int Count, int *idEnts)
cvxEntUidGet	zwapi_general_ent.h	132	@deprecated	evxErrors cvxEntUidGet(int idEntity, svxUid *Uid)
cvxEntUidSet	zwapi_general_ent.h	139		evxErrors cvxEntUidSet(int idEntity, const svxUid *Uid)
cvxEntUnHighlight	zwapi_general_ent.h	63	@deprecated	void cvxEntUnHighlight(int idEntity)
cvxEntUnHighlightByPath	zwapi_general_ent.h	69		void cvxEntUnHighlightByPath(const svxEntPath *entityPath)
cvxEntUnPickAll	zwapi_general_ent.h	84		void cvxEntUnPickAll()
cvxEntUnPickByPath	zwapi_general_ent.h	90		evxErrors cvxEntUnPickByPath(const svxEntPath *path)
cvxEntUnPickLast	zwapi_general_ent.h	87		void cvxEntUnPickLast()
cvxEntUnhighlightAll	zwapi_general_ent.h	72		void cvxEntUnhighlightAll(void)
cvxEqGetDescById	zwapi_var.h	38		evxErrors cvxEqGetDescById(int idEqn, char *desc, int size)
cvxEqGetExpByName	zwapi_var.h	35		evxErrors cvxEqGetExpByName(char *name, char *exp, int size)
cvxEqLoadFile	zwapi_var.h	53		evxErrors cvxEqLoadFile(const vxLongPath fullpath, evxEqnSetOpt option)
cvxEqRegen	zwapi_var.h	56		evxErrors cvxEqRegen(int idEqn)
cvxEqSetDescById	zwapi_var.h	41		evxErrors cvxEqSetDescById(int idEqn, char *desc)
cvxErrDisable	zwapi_message.h	23		void cvxErrDisable(void)
cvxErrEnable	zwapi_message.h	29		void cvxErrEnable(void)
cvxEscCheck	zwapi_global_apply.h	95		int cvxEscCheck(void)
cvxEscDisable	zwapi_global_apply.h	101		void cvxEscDisable(int *EscapeState)
cvxEscEnd	zwapi_global_apply.h	110	@deprecated	void cvxEscEnd(void)
cvxEscRestore	zwapi_global_apply.h	104		void cvxEscRestore(int EscapeState)
cvxEscStart	zwapi_global_apply.h	107	@deprecated	void cvxEscStart(void)
cvxFaceEval	zwapi_brep_face.h	105		evxErrors cvxFaceEval(int idFace, double U, double V, svxPoint *point, svxVector *normal)
cvxFaceEval2	zwapi_brep_face.h	111		evxErrors cvxFaceEval2(int idFace, double U, double V, svxPoint *point, svxVector *normal, svxVector *Utan, svxVector *Vtan)
cvxFaceEvalGeom	zwapi_brep_face.h	126		evxErrors cvxFaceEvalGeom(int idFace, double U, double V, int level, svxEvalSurf *evalSrf)
cvxFaceGetArea	zwapi_brep_face.h	27		evxErrors cvxFaceGetArea(const int faceId, const double tolerance, double *area)
cvxFaceGetMaxCurvature	zwapi_brep_face.h	30		evxErrors cvxFaceGetMaxCurvature(const int faceId, const svxPoint2 uvPoint, svxPoint *point, svxPoint *normal, svxPoint *direction, double *minCurvature, double *maxCurvature, double *curvature, svxPoint *curvatureDirection, svxPoint *curvatureCenter)
cvxFaceInqBend	zwapi_brep_face.h	92		evxErrors cvxFaceInqBend(int idFace, int *bendFlag, double *bendRad, double *neutralRad, double *angle, double *thick, double *kFactor, double *flatTol)
cvxFaceInqExtreme	zwapi_brep_face.h	102		evxErrors cvxFaceInqExtreme(int idFace, const svxVector *dir, int *count, int **idEnts, svxPoint *point)
cvxFaceIsConcave	zwapi_brep_face.h	96		int cvxFaceIsConcave(int idFace)
cvxFaceIsPlanar	zwapi_brep_face.h	99		int cvxFaceIsPlanar(int idFace)
cvxFaceParam	zwapi_brep_face.h	114	@deprecated	evxErrors cvxFaceParam(int idFace, svxLimit *U, svxLimit *V)
cvxFacePntLoc	zwapi_brep_face.h	117	@deprecated	evxErrors cvxFacePntLoc(int idFace, double U, double V, evxPntLocation *loc)
cvxFacePntProj	zwapi_brep_face.h	120	@deprecated	evxErrors cvxFacePntProj(int idFace, svxPoint *point, double *U, double *V)
cvxFaceRadialIntegrity	zwapi_brep_face.h	123		evxErrors cvxFaceRadialIntegrity(int idFace, double *URatio, double *VRatio)
cvxFaceRadius	zwapi_brep_face.h	89		evxErrors cvxFaceRadius(int idFace, double *radius)
cvxFaceReverse	zwapi_cmd_freeform.h	80		evxErrors cvxFaceReverse(int numFaces, int *idFaces)
cvxFaceReverseDir	zwapi_cmd_freeform.h	83		evxErrors cvxFaceReverseDir(int numFaces, int *idFaces)
cvxFacetsFree	zwapi_part_facets.h	97		void cvxFacetsFree(svxFacets *Facets)
cvxFieldCaretSet	zwapi_ui_form.h	148		void cvxFieldCaretSet(char *Form, int idField, int Position)
cvxFieldClear	zwapi_ui_form.h	130		void cvxFieldClear(char *Form, int idField)
cvxFieldDisable	zwapi_ui_form.h	133		void cvxFieldDisable(char *Form, int idField)
cvxFieldEnable	zwapi_ui_form.h	136		void cvxFieldEnable(char *Form, int idField)
cvxFieldEnableGet	zwapi_ui_form.h	139		int cvxFieldEnableGet(char *Form, int idField)
cvxFieldFocusSet	zwapi_ui_form.h	124		void cvxFieldFocusSet(char *Form, int idField)
cvxFieldImageSet	zwapi_ui_form.h	145		void cvxFieldImageSet(char *Form, int idField, char *Image)
cvxFieldInitFont	zwapi_ui_form.h	154		evxErrors cvxFieldInitFont(const char *Form, int idField, const char *Name, int hasZwFont)
cvxFieldNumItems	zwapi_ui_form.h	127		void cvxFieldNumItems(char *Form, int idField, int *NumItems)
cvxFieldTipSet	zwapi_ui_form.h	151		evxErrors cvxFieldTipSet(const char *sForm, int idField, const char *tip)
cvxFileAction	zwapi_file.h	138		evxErrors cvxFileAction(evxDocAction type, svxDocActionParam *param)
cvxFileActivate	zwapi_file.h	144		evxErrors cvxFileActivate(const vxLongPath Name)
cvxFileClose	zwapi_file.h	76		void cvxFileClose(void)
cvxFileClose2	zwapi_file.h	82		void cvxFileClose2(const vxLongPath Name, int Option)
cvxFileCustomDataDel	zwapi_file.h	246		evxErrors cvxFileCustomDataDel(const vxLongPath file)
cvxFileCustomDataGet	zwapi_file.h	243		evxErrors cvxFileCustomDataGet(const vxLongPath file, char **data, int *dataLength)
cvxFileCustomDataSet	zwapi_file.h	240		evxErrors cvxFileCustomDataSet(const vxLongPath file, const char *data, int dataLength)
cvxFileDescriptionGet	zwapi_file.h	237		evxErrors cvxFileDescriptionGet(const vxLongPath Name, vxLongName Description)
cvxFileDescriptionSet	zwapi_file.h	231		void cvxFileDescriptionSet(const vxLongPath Name, const char *Description)
cvxFileDirectory	zwapi_file.h	150		void cvxFileDirectory(vxPath Dir)
cvxFileDirectoryByLongPath	zwapi_file.h	153		void cvxFileDirectoryByLongPath(char *Directory, int sizeDire)
cvxFileExport	zwapi_file.h	123		evxErrors cvxFileExport(evxExportType Type, const vxLongPath Path, void *Data)
cvxFileExportInit	zwapi_file.h	120		evxErrors cvxFileExportInit(evxExportType type, int imgType, void *data)
cvxFileExportMulti	zwapi_file.h	126		evxErrors cvxFileExportMulti(int Count, const vxPath *FileList, evxFileType Filter, evxExportType Type, const vxPath Path, void *Data)
cvxFileExportMultiByLongPath	zwapi_file.h	129		evxErrors cvxFileExportMultiByLongPath(int Count, const vxLongPath *FileList, evxFileType Filter, evxExportType Type, const vxLongPath Path, void *Data)
cvxFileImport	zwapi_file.h	108		evxErrors cvxFileImport(svxImportData *importData)
cvxFileImportInit	zwapi_file.h	102		evxErrors cvxFileImportInit(svxImportData *data, evxImportType type, void *general)
cvxFileImportMulti	zwapi_file.h	111		evxErrors cvxFileImportMulti(int Count, const vxPath *PathList, int IncSubFolder, const vxPath SavePath, evxImportType Type, const void *Setting)
cvxFileImportMultiByLongPath	zwapi_file.h	114		evxErrors cvxFileImportMultiByLongPath(int Count, const vxLongPath *PathList, int IncSubFolder, const vxLongPath SavePath, evxImportType Type, const void *Setting)
cvxFileImportStl	zwapi_file.h	117		evxErrors cvxFileImportStl(const char *path, int *idOut)
cvxFileInqActive	zwapi_file.h	156		void cvxFileInqActive(char *Name, int nBytes)
cvxFileInqAsm	zwapi_file.h	204		evxErrors cvxFileInqAsm(char *Name, int nBytes)
cvxFileInqAssemMode	zwapi_file.h	207		char cvxFileInqAssemMode(void)
cvxFileInqAssociatedList	zwapi_file.h	189		evxErrors cvxFileInqAssociatedList(int *count, vxPath **fileList)
cvxFileInqAssociatedListByLongName	zwapi_file.h	198		evxErrors cvxFileInqAssociatedListByLongName(const char *fileName, int nDepth, int *count, vxLongPath **fileList)
cvxFileInqAssociatedListByLongPath	zwapi_file.h	192		evxErrors cvxFileInqAssociatedListByLongPath(int *count, vxLongPath **fileList)
cvxFileInqAssociatedListByName	zwapi_file.h	195		evxErrors cvxFileInqAssociatedListByName(const char *fileName, int nDepth, int *count, vxPath **fileList)
cvxFileInqOpen	zwapi_file.h	168		void cvxFileInqOpen(char *Name, int nBytes)
cvxFileInqSubType	zwapi_file.h	165		evxErrors cvxFileInqSubType(const vxLongPath fileName, evxFileSubtype *fileSubtype)
cvxFileIsModified	zwapi_file.h	186		evxErrors cvxFileIsModified(const vxLongPath Name, int *Modified)
cvxFileIsUDF	zwapi_file.h	219		evxErrors cvxFileIsUDF(const vxLongPath path, const vxLongPath file, int *isUDF)
cvxFileKeep	zwapi_file.h	34		int cvxFileKeep(int fKeepOpen)
cvxFileLoadList	zwapi_file.h	177		evxErrors cvxFileLoadList(const int state, int *count, vxPath **fileList)
cvxFileLoadListByLongPath	zwapi_file.h	180		evxErrors cvxFileLoadListByLongPath(int state, int *count, vxLongPath **fileList)
cvxFileNameCheck	zwapi_file.h	16		int cvxFileNameCheck(char *fileName, int nBytes)
cvxFileNameLenIsOverrange	zwapi_file_path.h	129		evxErrors cvxFileNameLenIsOverrange(const char *file_name)
cvxFileNew	zwapi_file.h	25		evxErrors cvxFileNew(const vxLongPath Name)
cvxFileNew2	zwapi_file.h	28		evxErrors cvxFileNew2(const vxLongPath Name, char *Description)
cvxFileNewSingle	zwapi_file.h	31		evxErrors cvxFileNewSingle(const vxLongPath fileName, evxFileType fileType, evxFileSubtype fileSubtype, const char *templateName, char *fileDescription)
cvxFileOpen	zwapi_file.h	40		evxErrors cvxFileOpen(const vxLongPath Name)
cvxFileOpenList	zwapi_file.h	171		void cvxFileOpenList(int *count, vxPath **fileList)
cvxFileOpenListByLongPath	zwapi_file.h	174		void cvxFileOpenListByLongPath(int *count, vxLongPath **fileList)
cvxFilePathLenIsOverrange	zwapi_file_path.h	132		evxErrors cvxFilePathLenIsOverrange(const char *file_path)
cvxFilePreviewExtract	zwapi_file.h	201		evxErrors cvxFilePreviewExtract(const vxLongPath SrcFile, const vxLongPath BmpFile)
cvxFilePrint	zwapi_file.h	216		evxErrors cvxFilePrint(const svxFilePrintData *data)
cvxFilePrintInit	zwapi_file.h	210		evxErrors cvxFilePrintInit(svxFilePrintData *data)
cvxFileReOpen	zwapi_file.h	43		evxErrors cvxFileReOpen(const vxLongPath Name)
cvxFileReplace	zwapi_file.h	46		evxErrors cvxFileReplace(const vxLongPath filePath, const vxLongPath newData, int fDel)
cvxFileSave	zwapi_file.h	49		evxErrors cvxFileSave(int Close)
cvxFileSave2	zwapi_file.h	55		evxErrors cvxFileSave2(int Close)
cvxFileSave3	zwapi_file.h	58		evxErrors cvxFileSave3(int Close, int DisPrompt, int Related)
cvxFileSaveAll	zwapi_file.h	61		evxErrors cvxFileSaveAll(void)
cvxFileSaveAs	zwapi_file.h	64		evxErrors cvxFileSaveAs(const vxLongPath Path)
cvxFileSessionClear	zwapi_file.h	92		evxErrors cvxFileSessionClear(const vxLongPath file)
cvxFileTypeGet	zwapi_file.h	159		void cvxFileTypeGet(int *MultiObject)
cvxFileTypeSet	zwapi_file.h	162		void cvxFileTypeSet(int MultiObject)
cvxFileVersionGet	zwapi_file.h	183		evxErrors cvxFileVersionGet(const vxLongPath file, int *version)
cvxFilesSaveTo	zwapi_file.h	67		evxErrors cvxFilesSaveTo(int Count, const vxPath *FileList, const vxPath Path)
cvxFilesSaveToByLongPath	zwapi_file.h	70		evxErrors cvxFilesSaveToByLongPath(int Count, const vxLongPath *FileList, const vxLongPath Path)
cvxFilterActiveGet	zwapi_global_apply.h	131		evxErrors cvxFilterActiveGet(vxName Filter)
cvxFilterItemApply	zwapi_ui_form.h	142		void cvxFilterItemApply(const char *filterItem)
cvxFilterListGet	zwapi_global_apply.h	122		void cvxFilterListGet(int *count, vxName *filterList)
cvxFldDataFree	zwapi_cmd_paramdefine_param.h	129		void cvxFldDataFree(int Count, svxFldData **fldData)
cvxFontMap	zwapi_global_apply.h	38		void cvxFontMap(const char *zw3dFont, vxLongName mapFont)
cvxFormActiveField	zwapi_ui_form.h	92		void cvxFormActiveField(int *idField)
cvxFormAddTo	zwapi_ui_form.h	50		void cvxFormAddTo(const char *Form, evxFormAddTo addTo)
cvxFormAdjustSize	zwapi_ui_form.h	47		evxErrors cvxFormAdjustSize(const char *Form)
cvxFormCallback	zwapi_ui_form.h	86		void cvxFormCallback(vxName Name, void *Function)
cvxFormCreate	zwapi_ui_form.h	14		evxErrors cvxFormCreate(const char *Form, int Display)
cvxFormDataGet	zwapi_ui_form.h	73		evxErrors cvxFormDataGet(char *Form, char **Data)
cvxFormDataSet	zwapi_ui_form.h	76		evxErrors cvxFormDataSet(char *Form, char *Data)
cvxFormFieldGetCallback	zwapi_ui_form.h	89		evxErrors cvxFormFieldGetCallback(const char *form, int iField, void **callback)
cvxFormFieldVisSet	zwapi_ui_form.h	105		evxErrors cvxFormFieldVisSet(const char *form, int field, int state)
cvxFormFunc	zwapi_ui_form.h	79		void cvxFormFunc(vxName Name, void *Function, double Code)
cvxFormGetSize	zwapi_ui_form.h	41		evxErrors cvxFormGetSize(const char *Form, int *Width, int *Height)
cvxFormHide	zwapi_ui_form.h	23		void cvxFormHide(char *Form)
cvxFormInqFld	zwapi_ui_form.h	108		evxErrors cvxFormInqFld(vxName Name, int *Count, svxTplFld **Fields)
cvxFormInsertTo	zwapi_ui_form.h	57		evxErrors cvxFormInsertTo(const svxFormInfo *FormInfo, int Index, evxFormAddTo AddTo)
cvxFormKill	zwapi_ui_form.h	26		void cvxFormKill(char *Form)
cvxFormLogKill	zwapi_ui_form.h	29		void cvxFormLogKill(char *Form)
cvxFormRefresh	zwapi_ui_form.h	32		void cvxFormRefresh(char *Form)
cvxFormRemoveFrom	zwapi_ui_form.h	60		void cvxFormRemoveFrom(const char *Form, evxFormAddTo removeFrom)
cvxFormResize	zwapi_ui_form.h	44		evxErrors cvxFormResize(char *Form, int Width, int Height)
cvxFormShow	zwapi_ui_form.h	20		void cvxFormShow(char *Form)
cvxFormState	zwapi_ui_form.h	99		int cvxFormState(const char *Form)
cvxFormTitleGet	zwapi_ui_form.h	63		void cvxFormTitleGet(char *Form, int NumBytes, char *Title)
cvxFormTitleSet	zwapi_ui_form.h	70		void cvxFormTitleSet(char *Form, char *Title)
cvxFormUpdate	zwapi_ui_form.h	121		void cvxFormUpdate(int idField)
cvxFormVisibleSet	zwapi_ui_form.h	102		evxErrors cvxFormVisibleSet(evxEnvironment Env, const char *Form, int State, evxFormAddTo Type)
cvxFormWait	zwapi_ui_form.h	35		int cvxFormWait(char *Form)
cvxFormWaitExit	zwapi_ui_form.h	38		void cvxFormWaitExit(int ReturnValue)
cvxFtrIsSubPart	zwapi_part_history.h	41		int cvxFtrIsSubPart(int idFtr)
cvxGetAngle	zwapi_userinput.h	89		evxErrors cvxGetAngle(const char *Prompt, double *Angle)
cvxGetDistance	zwapi_userinput.h	96		evxErrors cvxGetDistance(const char *Prompt, double *Distance)
cvxGetEnt	zwapi_userinput.h	102		evxErrors cvxGetEnt(const char *Prompt, evxEntInpOpt Opt, int EmptyOk, int *idEntity)
cvxGetEntPath	zwapi_userinput.h	113		evxErrors cvxGetEntPath(const char *Prompt, evxEntInpOpt Opt, int EmptyOk, svxEntPath *Path)
cvxGetEntPaths	zwapi_userinput.h	116		evxErrors cvxGetEntPaths(const char *Prompt, evxEntInpOpt Opt, int EmptyOk, int *Count, svxEntPath **Paths)
cvxGetEntPathsMultiFilter	zwapi_userinput.h	122		evxErrors cvxGetEntPathsMultiFilter(const char *Prompt, evxEntInpOpt *pOpt, int npOpt, int EmptyOk, int *Count, svxEntPath **Paths)
cvxGetEnts	zwapi_userinput.h	109		evxErrors cvxGetEnts(const char *Prompt, evxEntInpOpt Opt, int EmptyOk, int *Count, int **idEnts)
cvxGetEntsMultiFilter	zwapi_userinput.h	119		evxErrors cvxGetEntsMultiFilter(const char *Prompt, evxEntInpOpt *pOpt, int npOpt, int EmptyOk, int *Count, int **idEnts)
cvxGetExternalPick	zwapi_userinput.h	125		evxErrors cvxGetExternalPick(const char *Prompt, evxPntInpOpt Opt, int EmptyOk, svxPoint *Point, svxEntPath *EntPath, svxMatrix *Matrix)
cvxGetFile	zwapi_userinput.h	143		void cvxGetFile(int Open, const char *Prompt, const char *Default, const char *Filter, char *Path)
cvxGetFileActiveField	zwapi_userinput.h	154		void cvxGetFileActiveField(int Open, const char *Prompt, const char *Default, const char *Filter)
cvxGetFileByLongPath	zwapi_userinput.h	150	@deprecated	void cvxGetFileByLongPath(int Open, const char *Prompt, const char *Default, const char *Filter, char *Path, int sizePath)
cvxGetFolder	zwapi_userinput.h	157		void cvxGetFolder(const char *Prompt, char *Default, vxPath path)
cvxGetFolderActiveField	zwapi_userinput.h	163		void cvxGetFolderActiveField(const char *Prompt, const char *Default)
cvxGetFolderByLongPath	zwapi_userinput.h	160		void cvxGetFolderByLongPath(const char *Prompt, char *Default, char *Path, int sizePath)
cvxGetNumber	zwapi_userinput.h	99		evxErrors cvxGetNumber(const char *Prompt, double *Number)
cvxGetPoint	zwapi_userinput.h	128		evxErrors cvxGetPoint(const char *Prompt, evxPntInpOpt Opt, int EmptyOk, svxPoint *Point, int *idEntity)
cvxGetPointOnEnt	zwapi_userinput.h	137		evxErrors cvxGetPointOnEnt(const char *prompt, evxPntInpOpt opt, int emptyOk, svxPoint *point, svxEntPath *path)
cvxGetPoints	zwapi_userinput.h	134		evxErrors cvxGetPoints(const char *Prompt, evxPntInpOpt Opt, int EmptyOk, int *Count, svxPoint **Points)
cvxGetPointsOnEnts	zwapi_userinput.h	140		evxErrors cvxGetPointsOnEnts(const char *prompt, evxPntInpOpt opt, int emptyOk, int *count, svxPoint **points, svxEntPath **paths)
cvxGetResponse	zwapi_userinput.h	166		int cvxGetResponse(int Option, const char *Message)
cvxGetString	zwapi_userinput.h	173	@deprecated	int cvxGetString(const char *Prompt, const char *Default, int NumBytes, char *String)
cvxGetViewRect	zwapi_view.h	53		evxErrors cvxGetViewRect(int includeFrame, int isGlobal, int *tlX, int *tlY, int *brX, int *brY)
cvxGlobalGet	zwapi_global_apply.h	14		evxErrors cvxGlobalGet(evxGlobal Global, void *Data)
cvxGlobalSet	zwapi_global_apply.h	20		evxErrors cvxGlobalSet(evxGlobal Global, void *Data)
cvxHatchPtnDataInit	zwapi_cmd_sk_create.h	29		evxErrors cvxHatchPtnDataInit(svxHatchPtnData *data)
cvxHelpDocLoad	zwapi_global_apply.h	164		evxErrors cvxHelpDocLoad(const vxLongPath filePath)
cvxHistBackup	zwapi_part_opts.h	28		evxErrors cvxHistBackup(void)
cvxHistDisable	zwapi_part_opts.h	86		void cvxHistDisable(void)
cvxHistEnable	zwapi_part_opts.h	90		void cvxHistEnable(void)
cvxHistRedefine	zwapi_part_opts.h	43	@deprecated	evxErrors cvxHistRedefine(vxName Operation)
cvxHistSkipTo	zwapi_part_opts.h	49		evxErrors cvxHistSkipTo(char *Expression, vxName Operation, int *idOp)
cvxHostId	zwapi_global_apply.h	143		void cvxHostId(double *idNetwork, double *idDongle)
cvxInstPartAsShp	zwapi_asm_reuselibrary.h	21		evxErrors cvxInstPartAsShp(const svxCompData *Comp)
cvxInstShpGetMatrix	zwapi_brep_shape.h	61		evxErrors cvxInstShpGetMatrix(int idShape, svxMatrix *matrix)
cvxIsectBndBoxBndBox	zwapi_math_insect.h	79		int cvxIsectBndBoxBndBox(const svxBndBox *Box1, const svxBndBox *Box2)
cvxIsectBndBoxPlane	zwapi_math_insect.h	88		int cvxIsectBndBoxPlane(const svxBndBox *Box, const svxPoint *PntOnPln, const svxVector *NormalOfPln)
cvxIsectCrvCrv	zwapi_math_insect.h	15		evxErrors cvxIsectCrvCrv(int idCurve1, int idCurve2, int TangentOk, int *Count, svxPoint **Points)
cvxIsectCrvFace	zwapi_math_insect.h	21		evxErrors cvxIsectCrvFace(int idCurve, int idFace, int Trim, int TangentOk, int *Count, svxPoint **Points)
cvxIsectFaceFace	zwapi_math_insect.h	24		evxErrors cvxIsectFaceFace(int idFace1, int idFace2, evxFaceTrim Trim, int TangentOk, int *Count, svxCurve **Curves)
cvxIsectPlanePlane	zwapi_math_insect.h	91		int cvxIsectPlanePlane(const svxPoint *PntOnPln1, const svxVector *NormalOfPln1, const svxPoint *PntOnPln2, const svxVector *NormalOfPln2, svxAxis *IsectLine)
cvxIsectRayBndBox	zwapi_math_insect.h	64		int cvxIsectRayBndBox(const svxAxis *Ray, const svxBndBox *Box, svxPoint *IsectPnt)
cvxIsectRayComp	zwapi_math_insect.h	54		evxErrors cvxIsectRayComp(int idComp, evxFaceTrim Trim, svxAxis *Ray, svxPoint *Point)
cvxIsectRayComps	zwapi_math_insect.h	57		evxErrors cvxIsectRayComps(int nComps, svxEntPath *CompPaths, evxFaceTrim Trim, svxAxis *Ray, int *Number, svxPoint **Points, svxEntPath **FacePaths)
cvxIsectRayCrv	zwapi_math_insect.h	27		evxErrors cvxIsectRayCrv(svxAxis *Ray, int idCurve, int TangentOk, int *Count, svxPoint **Points)
cvxIsectRayFace	zwapi_math_insect.h	33		evxErrors cvxIsectRayFace(int idFace, evxFaceTrim Trim, svxAxis *Ray, svxPoint *Point, svxPoint2 *UV)
cvxIsectRayFaceInfinite	zwapi_math_insect.h	36		evxErrors cvxIsectRayFaceInfinite(int idFace, evxFaceTrim Trim, const svxAxis *Ray, int Infinite, int *Number, svxPoint **Pnts, svxPoint2 **UVs)
cvxIsectRayPart	zwapi_math_insect.h	48		evxErrors cvxIsectRayPart(evxFaceTrim Trim, svxAxis *Ray, svxPoint *Point, int *idFace)
cvxIsectRayPartVis	zwapi_math_insect.h	51		evxErrors cvxIsectRayPartVis(evxFaceTrim Trim, svxAxis *Ray, svxPoint *Point, int *idFace)
cvxIsectRayPlane	zwapi_math_insect.h	39		int cvxIsectRayPlane(svxAxis *Ray, svxMatrix *Plane, svxPoint *Point)
cvxIsectRayShape	zwapi_math_insect.h	42		evxErrors cvxIsectRayShape(int idShape, evxFaceTrim Trim, svxAxis *Ray, svxPoint *Point, int *idFace)
cvxIsectRayShapes	zwapi_math_insect.h	45		evxErrors cvxIsectRayShapes(int nShapes, int *idShapes, evxFaceTrim Trim, svxAxis *Ray, int *Number, svxPoint **Points, int **idFaces)
cvxItemAdd	zwapi_ui_form.h	157		void cvxItemAdd(char *Form, int idField, const char *Text)
cvxItemCbxSet	zwapi_ui_form.h	179		void cvxItemCbxSet(char *Form, int idField, int idItem, int isOn)
cvxItemDel	zwapi_ui_form.h	173		void cvxItemDel(char *Form, int idField, int idItem)
cvxItemFind	zwapi_ui_form.h	176		void cvxItemFind(char *Form, int idField, char *Text, int *idItem)
cvxItemGet	zwapi_ui_form.h	164		void cvxItemGet(char *Form, int idField, int idItem, char *Text)
cvxItemGetCheckState	zwapi_ui_form.h	197		evxErrors cvxItemGetCheckState(char *Form, int idField, int idItem, int *checkState)
cvxItemModify	zwapi_ui_form.h	170		void cvxItemModify(const char *Form, int idField, int idItem, const char *Text)
cvxItemSelect	zwapi_ui_form.h	182		void cvxItemSelect(char *Form, int idField, int idItem)
cvxItemSelectText	zwapi_ui_form.h	185		void cvxItemSelectText(char *Form, int idField, char *Text)
cvxItemSelected	zwapi_ui_form.h	188		void cvxItemSelected(char *Form, int idField, int *idItem)
cvxItemSet	zwapi_ui_form.h	167		void cvxItemSet(char *Form, int idField, int idItem, char *Text)
cvxItemStateGet	zwapi_ui_form.h	191		void cvxItemStateGet(char *Form, int idField, int idItem, int *isOn)
cvxItemStateSet	zwapi_ui_form.h	194		void cvxItemStateSet(char *Form, int idField, int idItem, int isOn)
cvxItemVisibleGet	zwapi_ui_form.h	203		evxErrors cvxItemVisibleGet(const char *Form, int idField, int idItem, int *state)
cvxItemVisibleSet	zwapi_ui_form.h	200		evxErrors cvxItemVisibleSet(const char *Form, int idField, int idItem, int state)
cvxLabelMatch	zwapi_global_apply.h	134		int cvxLabelMatch(int *Label1, int *Label2)
cvxLangGet	zwapi_global_apply.h	35		void cvxLangGet(vxName Language)
cvxLastErrGet	zwapi_message.h	103		evxErrors cvxLastErrGet()
cvxLastErrSet	zwapi_message.h	109		void cvxLastErrSet(evxErrors error)
cvxLastWarningMsgEnable	zwapi_message.h	38		void cvxLastWarningMsgEnable(int enable)
cvxLayerActivate	zwapi_layer.h	29		evxErrors cvxLayerActivate(vxName Name)
cvxLayerAdd	zwapi_layer.h	14		evxErrors cvxLayerAdd(char *Name)
cvxLayerAdd2	zwapi_layer.h	20		evxErrors cvxLayerAdd2(const svxLayerInfo *psLayerInfo, int *number)
cvxLayerAssign	zwapi_layer.h	60		evxErrors cvxLayerAssign(char *Name, int numEnts, int *idEnts)
cvxLayerDel	zwapi_layer.h	23		evxErrors cvxLayerDel(vxName Name)
cvxLayerDel2	zwapi_layer.h	26		evxErrors cvxLayerDel2(int number)
cvxLayerExists	zwapi_layer.h	48		int cvxLayerExists(vxName Name)
cvxLayerExists2	zwapi_layer.h	51		int cvxLayerExists2(int Number)
cvxLayerGetAllCategory	zwapi_layer.h	72		evxErrors cvxLayerGetAllCategory(int *numCate, vxLongName **categories)
cvxLayerId	zwapi_layer.h	54		evxErrors cvxLayerId(vxName name, int *id)
cvxLayerIdModify	zwapi_layer.h	38		evxErrors cvxLayerIdModify(int srcNumber, int tarNumber)
cvxLayerInfoExport	zwapi_layer.h	135	@deprecated	evxErrors cvxLayerInfoExport(const vxLongPath file)
cvxLayerInfoGet	zwapi_layer.h	126		evxErrors cvxLayerInfoGet(int number, svxLayerInfo *pLayerInfo)
cvxLayerInfoImport	zwapi_layer.h	138	@deprecated	evxErrors cvxLayerInfoImport(const vxLongPath file, int overWrite)
cvxLayerInfoSet	zwapi_layer.h	132		evxErrors cvxLayerInfoSet(int number, const svxLayerInfo *pLayerInfo)
cvxLayerInqActive	zwapi_layer.h	41		void cvxLayerInqActive(vxName Name)
cvxLayerInqEnts	zwapi_layer.h	57		evxErrors cvxLayerInqEnts(int Number, int *numEnt, svxEntPath **Paths)
cvxLayerList	zwapi_layer.h	63		evxErrors cvxLayerList(int *Count, vxName **Names)
cvxLayerName	zwapi_layer.h	66		evxErrors cvxLayerName(int Number, vxName Name)
cvxLayerNum	zwapi_layer.h	69		evxErrors cvxLayerNum(vxName Name, int *Number)
cvxLayerShowAll	zwapi_layer.h	35		evxErrors cvxLayerShowAll(void)
cvxLayerStateGet	zwapi_layer.h	81		evxErrors cvxLayerStateGet(vxName Name, int *isVisible, int *isFrozen)
cvxLayerStateSet	zwapi_layer.h	84		evxErrors cvxLayerStateSet(vxName Name, int isVisible, int isFrozen)
cvxLayerSync	zwapi_layer.h	32		evxErrors cvxLayerSync(void)
cvxLibPartAdjust	zwapi_asm_reuselibrary.h	24		evxErrors cvxLibPartAdjust(int id, const vxLongPath File, const vxRootName Part, const char *ValStr, const char *InstanceName)
cvxLibPartIns	zwapi_asm_reuselibrary.h	14		int cvxLibPartIns(const svxCompData *Comp, const char *InstanceName, const char *ValStr, int fFileType, int fInsShape, int *idComp)
cvxLicActivate	zwapi_license.h	29		evxErrors cvxLicActivate(const char *pzEntitlement)
cvxLicEvaluationGet	zwapi_license.h	23		int cvxLicEvaluationGet(char szEvaluation[36])
cvxLicIdentifierGet	zwapi_license.h	20		evxErrors cvxLicIdentifierGet(char szIdentifier[36])
cvxLicModulesGet	zwapi_license.h	14		evxErrors cvxLicModulesGet(char szModules[1024])
cvxLicRemove	zwapi_license.h	32		evxErrors cvxLicRemove(const char *pzEntitlement)
cvxLicStandaloneEvaluationGet	zwapi_license.h	26		int cvxLicStandaloneEvaluationGet()
cvxLicTypeCheck	zwapi_license.h	35		int cvxLicTypeCheck()
cvxListCallbackParamGet	zwapi_ui_listwidget.h	17		evxErrors cvxListCallbackParamGet(const char *form, int idField, svxListCallBackParam *param)
cvxListItemToolTipGet	zwapi_ui_listwidget.h	26		evxErrors cvxListItemToolTipGet(const char *form, int field, int row, char *toolTip, int size)
cvxListItemToolTipSet	zwapi_ui_listwidget.h	23		evxErrors cvxListItemToolTipSet(const char *form, int field, int row, const char *toolTip)
cvxMatEigen	zwapi_math_matrix.h	14		evxErrors cvxMatEigen(const double Mat3x3[3][3], double *Values, svxVector *Vectors)
cvxMatInit	zwapi_math_matrix.h	21		void cvxMatInit(svxMatrix *Mat)
cvxMatInvert	zwapi_math_matrix.h	24		void cvxMatInvert(svxMatrix *Mat, svxMatrix *InvMat)
cvxMatMult	zwapi_math_matrix.h	27		void cvxMatMult(svxMatrix *Mat1, svxMatrix *Mat2, svxMatrix *Mat3)
cvxMatPntVec	zwapi_math_matrix.h	30		void cvxMatPntVec(svxPoint *Origin, svxVector *zAxis, svxMatrix *Mat)
cvxMatRotate	zwapi_math_matrix.h	33		void cvxMatRotate(svxMatrix *Mat, double Angle, svxAxis *Axis)
cvxMatScale	zwapi_math_matrix.h	36		void cvxMatScale(svxMatrix *Mat, svxPoint *Point, double sX, double sY, double sZ)
cvxMatSetIdentity	zwapi_math_matrix.h	39		void cvxMatSetIdentity(svxMatrix *Mat)
cvxMatTransform	zwapi_math_matrix.h	42		void cvxMatTransform(svxMatrix *Mat, svxMatrix *Frame)
cvxMatTranslate	zwapi_math_matrix.h	45		void cvxMatTranslate(svxMatrix *Mat, double dX, double dY, double dZ)
cvxMatView	zwapi_math_matrix.h	48		void cvxMatView(svxMatrix *Mat, evxViewStd Type)
cvxMemAlloc	zwapi_memory.h	14		evxErrors cvxMemAlloc(int NumBytes, void **MemPointer)
cvxMemFree	zwapi_memory.h	44		void cvxMemFree(void **MemPointer)
cvxMemResize	zwapi_memory.h	20		evxErrors cvxMemResize(int NumBytes, void **MemPointer)
cvxMemZero	zwapi_memory.h	32		void cvxMemZero(void *MemPointer, int NumBytes)
cvxMessageBox	zwapi_message.h	99		evxErrors cvxMessageBox(int MsgType, int WndMode, const char *Title, const char *Message, const char *Btn1Str, const char *Btn2Str, int *Action)
cvxMoveSetAuxFrameElem	zwapi_cmd_paramdefine_param.h	182		void cvxMoveSetAuxFrameElem(int iElem)
cvxMsgAreaClose	zwapi_message.h	68		void cvxMsgAreaClose(void)
cvxMsgAreaOpen	zwapi_message.h	74		void cvxMsgAreaOpen(void)
cvxMsgAreaState	zwapi_message.h	77		void cvxMsgAreaState(int Disable)
cvxMsgAreaStateGet	zwapi_message.h	80		evxErrors cvxMsgAreaStateGet(int *action)
cvxMsgDisable	zwapi_message.h	32		void cvxMsgDisable(void)
cvxMsgDisp	zwapi_message.h	93		void cvxMsgDisp(const char *Text)
cvxMsgDisp2	zwapi_message.h	96		void cvxMsgDisp2(const char *Text, int level)
cvxMsgEnable	zwapi_message.h	35		void cvxMsgEnable(void)
cvxMsgFileLoad	zwapi_message.h	83		evxErrors cvxMsgFileLoad(const vxLongPath File, int *idFile)
cvxNameIsOkay	zwapi_global_apply.h	140		int cvxNameIsOkay(char *name, int size, int option)
cvxNameValidCheck	zwapi_file.h	22		int cvxNameValidCheck(char *name, int nBytes)
cvxNewCommand	zwapi_cmd.h	15		void cvxNewCommand(void)
cvxNoteGet	zwapi_global_apply.h	23		evxErrors cvxNoteGet(char **Note)
cvxNoteSet	zwapi_global_apply.h	26		evxErrors cvxNoteSet(char *Note)
cvxNotifyExit	zwapi_global_apply.h	146		void cvxNotifyExit(int opt)
cvxOpCount	zwapi_xn.h	14		int cvxOpCount(void)
cvxPMIInqAssoEnts	zwapi_part_dim.h	39		evxErrors cvxPMIInqAssoEnts(int idPMI, int *count, svxEntPath **entPaths)
cvxPMIInqBaseEnt	zwapi_part_dim.h	36		evxErrors cvxPMIInqBaseEnt(int idPMI, int *idBaseObj)
cvxPMIInqType	zwapi_part_dim.h	33		evxErrors cvxPMIInqType(int idPMI, evxPMIEntType *type)
cvxPMIInqValid	zwapi_part_dim.h	42		evxErrors cvxPMIInqValid(int idPMI, int *isValid)
cvxPartAddAngleDim	zwapi_cmd_pmi.h	20		evxErrors cvxPartAddAngleDim(int idEnt1, int idEnt2, const svxPoint *TextPnt, int idPlane, int *idDim)
cvxPartAddArcDim	zwapi_cmd_pmi.h	29		evxErrors cvxPartAddArcDim(int idEnt, const char *text, const svxPoint *TextPnt, int idPlane, int *idDim)
cvxPartAddBalloon	zwapi_cmd_pmi.h	67	@deprecated	evxErrors cvxPartAddBalloon(svxPoint *TextPnt, char *text, int fImage, int idPlane, int *idDim)
cvxPartAddCenLinDim	zwapi_cmd_pmi.h	54		evxErrors cvxPartAddCenLinDim(int idEnt, int idPlane, int *idDim)
cvxPartAddCenMarkDim	zwapi_cmd_pmi.h	57		evxErrors cvxPartAddCenMarkDim(int idEnt, int idPlane, int *idDim)
cvxPartAddChamferDim	zwapi_cmd_pmi.h	26		evxErrors cvxPartAddChamferDim(int idEnt1, int idEnt2, const svxPoint *TextPnt, int idPlane, int *idDim)
cvxPartAddCoorDim	zwapi_cmd_pmi.h	32		evxErrors cvxPartAddCoorDim(svxPoint *LeaderPnt, int idParent, const svxPoint *TextPnt, int idDatum, int idPlane, int *idDim)
cvxPartAddDatumDim	zwapi_cmd_pmi.h	42		evxErrors cvxPartAddDatumDim(int idEnt, svxPoint *leadPnt, const svxPoint *TextPnt, char *text, int idPlane, int *idDim)
cvxPartAddDatumTargetDim	zwapi_cmd_pmi.h	45		evxErrors cvxPartAddDatumTargetDim(int idEnt, int radRype, double diameter, double width, double height, svxPoint *leadPnt, const svxPoint *TextPnt, char *text, int idPlane, int *idDim)
cvxPartAddFcsDim	zwapi_cmd_pmi.h	48		evxErrors cvxPartAddFcsDim(int idEnt, svxPoint *leadPnt, const svxPoint *TextPnt, char *text, int idPlane, int *idDim)
cvxPartAddLabelDim	zwapi_cmd_pmi.h	39	@deprecated	evxErrors cvxPartAddLabelDim(int idEnt, svxPoint *leadPnt, const svxPoint *TextPnt, char *text, int idPlane, int *idDim)
cvxPartAddLineDim	zwapi_cmd_pmi.h	14		evxErrors cvxPartAddLineDim(int idEnt1, int idEnt2, const svxPoint *TextPnt, int idPlane, int *idDim)
cvxPartAddPMIText	zwapi_cmd_pmi.h	60		evxErrors cvxPartAddPMIText(svxPoint *TextPnt, char *text, int idPlane, int *idDim)
cvxPartAddRadDim	zwapi_cmd_pmi.h	23		evxErrors cvxPartAddRadDim(int idEnt, int radType, const char *text, const svxPoint *TextPnt, int idPlane, int *idDim)
cvxPartAddSymSrfDim	zwapi_cmd_pmi.h	51		evxErrors cvxPartAddSymSrfDim(int idEnt, svxPoint *leadPnt, const svxPoint *TextPnt, svxRoughTexts *textGrp, int idPlane, int *idDim)
cvxPartAlign	zwapi_cmd_assembly.h	118		evxErrors cvxPartAlign(svxAlign *Align)
cvxPartAnchor	zwapi_cmd_assembly.h	124		evxErrors cvxPartAnchor(int idEntity)
cvxPartArc	zwapi_cmd_wireframe.h	48		evxErrors cvxPartArc(const svxArcData *arcData, int *idArc)
cvxPartArc3pt	zwapi_cmd_wireframe.h	39	@deprecated	evxErrors cvxPartArc3pt(svxPoint *Start, svxPoint *End, svxPoint *Mid, int *idEnt)
cvxPartArcInit	zwapi_cmd_wireframe.h	45		evxErrors cvxPartArcInit(svxArcData *arcData)
cvxPartArcRad	zwapi_cmd_wireframe.h	42	@deprecated	evxErrors cvxPartArcRad(svxMatrix *Plane, double Radius, double Start, double End, int *idEnt)
cvxPartAtGet	zwapi_part_attribute.h	31		evxErrors cvxPartAtGet(vxRootName Name, svxPartAttribute *At)
cvxPartAtItemDel	zwapi_part_attribute.h	61		evxErrors cvxPartAtItemDel(evxAtItemId itemId, vxLongName label)
cvxPartAtItemDesGet	zwapi_part_attribute.h	64		evxErrors cvxPartAtItemDesGet(evxAtItemId itemId, const char *AtLable, char *AtDes, int nBytes)
cvxPartAtItemDesSet	zwapi_part_attribute.h	67		evxErrors cvxPartAtItemDesSet(evxAtItemId itemId, const char *AtLable, const char *AtDes)
cvxPartAtItemGet	zwapi_part_attribute.h	49		evxErrors cvxPartAtItemGet(evxAtItemId itemId, svxAttribute *At)
cvxPartAtItemGetInFile	zwapi_part_attribute.h	55		evxErrors cvxPartAtItemGetInFile(const vxLongPath File, const vxRootName Root, evxAtItemId itemId, svxAttribute *At)
cvxPartAtItemLockGet	zwapi_part_attribute.h	70		evxErrors cvxPartAtItemLockGet(char *AtLable, evxAtItemLockStatus *AtLockState)
cvxPartAtItemLockGetInFile	zwapi_part_attribute.h	76		evxErrors cvxPartAtItemLockGetInFile(const vxLongPath File, const vxRootName Root, char *AtLable, evxAtItemLockStatus *AtLockState)
cvxPartAtItemLockSet	zwapi_part_attribute.h	73		evxErrors cvxPartAtItemLockSet(char *AtLable, evxAtItemLockStatus AtLockState)
cvxPartAtItemLockSetInFile	zwapi_part_attribute.h	79	@deprecated	evxErrors cvxPartAtItemLockSetInFile(const vxLongPath File, const vxRootName Root, const char *AtLable, evxAtItemLockStatus AtLockState)
cvxPartAtItemSet	zwapi_part_attribute.h	52		evxErrors cvxPartAtItemSet(evxAtItemId itemId, svxAttribute *At)
cvxPartAtItemSetInFile	zwapi_part_attribute.h	58		evxErrors cvxPartAtItemSetInFile(const vxLongPath File, const vxRootName Root, evxAtItemId itemId, svxAttribute *At)
cvxPartAtMod	zwapi_part_attribute.h	37		evxErrors cvxPartAtMod(vxRootName Name, svxPartAttribute *At)
cvxPartAtSet	zwapi_part_attribute.h	40		evxErrors cvxPartAtSet(vxRootName Name, svxPartAttribute *At)
cvxPartAxisNew	zwapi_cmd_datum.h	15		evxErrors cvxPartAxisNew(svxAxisData *Axis, int *idAxis)
cvxPartBackup	zwapi_part_opts.h	22		evxErrors cvxPartBackup(void)
cvxPartBlendCrvs	zwapi_cmd_wireframe.h	138		evxErrors cvxPartBlendCrvs(const svxCrvBlendData *data, int *idEnt)
cvxPartBlendCrvsConsInit	zwapi_cmd_wireframe.h	132		evxErrors cvxPartBlendCrvsConsInit(svxCrvBlendCons *consData, evxCrvBlendObjType objType)
cvxPartBlendCrvsInit	zwapi_cmd_wireframe.h	135		evxErrors cvxPartBlendCrvsInit(svxCrvBlendData *data)
cvxPartBool	zwapi_cmd_shape.h	203		evxErrors cvxPartBool(evxBoolType Type, int idBase, int Count, int *Shapes, int Keep)
cvxPartBool2	zwapi_cmd_shape.h	206		evxErrors cvxPartBool2(evxBoolType Type, int BaseCount, int *BaseList, int OpCount, int *OpList, int *ResultCount, int **ResultList)
cvxPartBool3	zwapi_cmd_shape.h	209		evxErrors cvxPartBool3(evxBoolType Type, int BaseCount, int *BaseList, int OpCount, int *OpList, int FaceCount, int *FaceList, int *ResultCount, int **ResultList)
cvxPartBox	zwapi_cmd_shape.h	24		evxErrors cvxPartBox(svxBoxData *Box, int *idShape)
cvxPartBoxInit	zwapi_cmd_shape.h	14		evxErrors cvxPartBoxInit(svxBoxData *data)
cvxPartCSYSNew	zwapi_cmd_datum.h	60		evxErrors cvxPartCSYSNew(svxCSYSData *CSYS, int *idCSYS)
cvxPartCSYSNewInit	zwapi_cmd_datum.h	54		evxErrors cvxPartCSYSNewInit(evxCSYSMethods method, svxCSYSData *data)
cvxPartCalcAttrGet	zwapi_part_attribute.h	22		evxErrors cvxPartCalcAttrGet(int idPart, svxPartCalcAttrData *attr)
cvxPartCfgActivate	zwapi_part_config.h	21		evxErrors cvxPartCfgActivate(int idCfg)
cvxPartCfgTblAdd	zwapi_part_config.h	15		evxErrors cvxPartCfgTblAdd(vxName cfgName, char *cfgDes, int *idCfg)
cvxPartCfgTblAttrSet	zwapi_part_config.h	48		evxErrors cvxPartCfgTblAttrSet(int markDel, int idCfg, int cnt, evxAtItemId *types, svxAttribute *attrs)
cvxPartCfgTblColorSet	zwapi_part_config.h	51		evxErrors cvxPartCfgTblColorSet(int markDelClr, int idCfg, svxColor color)
cvxPartCfgTblInstNameSet	zwapi_part_config.h	54		evxErrors cvxPartCfgTblInstNameSet(int markDelInstName, int idCfg, vxLongName instanceName)
cvxPartCfgTblVarsSet	zwapi_part_config.h	57		evxErrors cvxPartCfgTblVarsSet(int markDelVars, int idCfg, int cnt, svxVariable *vars)
cvxPartChamAng	zwapi_cmd_shape.h	103	@deprecated	evxErrors cvxPartChamAng(int Count, int *Edges, int idFace, double Setback, double Angle)
cvxPartChamAsym	zwapi_cmd_shape.h	109		evxErrors cvxPartChamAsym(int Count, int *Edges, int idFace, double Setback1, double Setback2)
cvxPartChamConst	zwapi_cmd_shape.h	100	@deprecated	evxErrors cvxPartChamConst(int Count, int *Edges, double Setback)
cvxPartChamferAll	zwapi_cmd_shape.h	121		evxErrors cvxPartChamferAll(const svxChamFlltData *Chamfer, int *idChamfer)
cvxPartChamferAllInit	zwapi_cmd_shape.h	118		evxErrors cvxPartChamferAllInit(svxChamFlltData *data)
cvxPartCir3pt	zwapi_cmd_wireframe.h	63		evxErrors cvxPartCir3pt(svxPoint *P1, svxPoint *P2, svxPoint *P3, int *idEnt)
cvxPartCirRad	zwapi_cmd_wireframe.h	66		evxErrors cvxPartCirRad(svxMatrix *Plane, double Radius, int *idEnt)
cvxPartCircle	zwapi_cmd_wireframe.h	54		evxErrors cvxPartCircle(const svxCircleData *circleData, int *idCircle)
cvxPartCircleInit	zwapi_cmd_wireframe.h	51		evxErrors cvxPartCircleInit(svxCircleData *circleData)
cvxPartCircularBiRail	zwapi_cmd_freeform.h	44		evxErrors cvxPartCircularBiRail(const svxCircularBiRailData *data, int *idFace)
cvxPartCircularBiRailInit	zwapi_cmd_freeform.h	41		evxErrors cvxPartCircularBiRailInit(evxCircularBiRailMethod method, svxCircularBiRailData *data)
cvxPartClosePartAt	zwapi_part_attribute.h	46		void cvxPartClosePartAt()
cvxPartClosePreview	zwapi_part_view.h	45		void cvxPartClosePreview()
cvxPartCombinedProj	zwapi_cmd_wireframe.h	129		evxErrors cvxPartCombinedProj(const svxCrvCombinedProjData *data, int *cntEnts, int **idEnts)
cvxPartConcentricArc	zwapi_cmd_wireframe.h	198		evxErrors cvxPartConcentricArc(int refArc, double radius, int *idEnt)
cvxPartCone	zwapi_cmd_shape.h	36		evxErrors cvxPartCone(svxConeData *Cone, int *idShape)
cvxPartConeInit	zwapi_cmd_shape.h	33		evxErrors cvxPartConeInit(svxConeData *data)
cvxPartConicBiRail	zwapi_cmd_freeform.h	50		evxErrors cvxPartConicBiRail(const svxConicBiRailData *data, int *idFace)
cvxPartConicBiRailInit	zwapi_cmd_freeform.h	47		evxErrors cvxPartConicBiRailInit(evxConicBiRailMethod method, svxConicBiRailData *data)
cvxPartCopy	zwapi_cmd_shape.h	334	@deprecated	evxErrors cvxPartCopy(const svxCopyData *Copy, int *idCopy)
cvxPartCopyDirDis	zwapi_cmd_shape.h	319		evxErrors cvxPartCopyDirDis(int idEntity, svxVector *Dir, double Dis, int *idCopy)
cvxPartCopyInit	zwapi_cmd_shape.h	331	@deprecated	evxErrors cvxPartCopyInit(svxCopyData *data)
cvxPartCopyPntToPnt	zwapi_cmd_shape.h	322		evxErrors cvxPartCopyPntToPnt(int idEntity, svxAxis *Start, svxAxis *End, int *idCopy)
cvxPartCopyTransform	zwapi_cmd_shape.h	325		evxErrors cvxPartCopyTransform(int idEntity, const svxMatrix *Mat, int *idCopy)
cvxPartCopyTransformList	zwapi_cmd_shape.h	328		evxErrors cvxPartCopyTransformList(const int Count, const int *Entities, const svxMatrix *Mat, int *EntCnt, int **idList)
cvxPartCosSkPlane	zwapi_cmd_sk_create.h	32		evxErrors cvxPartCosSkPlane(const svxSketchData *SkData, int isAddHatPtn, const svxHatchPtnData *PatData, int *idSketch)
cvxPartCrvChamfer	zwapi_cmd_wireframe.h	177		evxErrors cvxPartCrvChamfer(const svxCrvChamferData *data, int *idChamfer)
cvxPartCrvChamferChain	zwapi_cmd_wireframe.h	183		evxErrors cvxPartCrvChamferChain(const svxCrvChamferChainData *data, int *idChamfer)
cvxPartCrvChamferChainInit	zwapi_cmd_wireframe.h	180		evxErrors cvxPartCrvChamferChainInit(svxCrvChamferChainData *data)
cvxPartCrvChamferInit	zwapi_cmd_wireframe.h	174		evxErrors cvxPartCrvChamferInit(svxCrvChamferData *data)
cvxPartCrvConvertToArcs	zwapi_cmd_wireframe.h	204		evxErrors cvxPartCrvConvertToArcs(const svxCrvConvertTocData *data, int *cntArcs, int **idArcs)
cvxPartCrvConvertToArcsInit	zwapi_cmd_wireframe.h	201		evxErrors cvxPartCrvConvertToArcsInit(svxCrvConvertTocData *data)
cvxPartCrvFillet	zwapi_cmd_wireframe.h	165		evxErrors cvxPartCrvFillet(const svxCrvFilletData *data, int *idFillet)
cvxPartCrvFilletChain	zwapi_cmd_wireframe.h	171		evxErrors cvxPartCrvFilletChain(const svxCrvFilletChainData *data, int *idFilletChain)
cvxPartCrvFilletChainInit	zwapi_cmd_wireframe.h	168		evxErrors cvxPartCrvFilletChainInit(svxCrvFilletChainData *data)
cvxPartCrvFilletInit	zwapi_cmd_wireframe.h	159	@deprecated	evxErrors cvxPartCrvFilletInit(svxCrvFilletData *data)
cvxPartCrvInt	zwapi_cmd_wireframe.h	84		evxErrors cvxPartCrvInt(svxCrvIntData *Crv, int *idEnt)
cvxPartCrvIntInit	zwapi_cmd_wireframe.h	75		evxErrors cvxPartCrvIntInit(svxCrvIntData *data)
cvxPartCrvIntScaleInit	zwapi_cmd_wireframe.h	81		evxErrors cvxPartCrvIntScaleInit(int nPnt, const svxPoint *pPnts, double *startScale, double *endScale)
cvxPartCrvList	zwapi_cmd_wireframe.h	147		evxErrors cvxPartCrvList(int Count, int *Curves, int *idEnt)
cvxPartCrvOnFaceThruPts	zwapi_cmd_wireframe.h	111		evxErrors cvxPartCrvOnFaceThruPts(const svxCrvOnFaceThuPts *data, int *idEnt)
cvxPartCrvOnFaceThruPtsInit	zwapi_cmd_wireframe.h	108		evxErrors cvxPartCrvOnFaceThruPtsInit(svxCrvOnFaceThuPts *data)
cvxPartCrvProjToFace	zwapi_cmd_wireframe.h	99		evxErrors cvxPartCrvProjToFace(const svxCrvProjToFace *data, int *cntEnts, int **pEnts)
cvxPartCrvProjToFaceInit	zwapi_cmd_wireframe.h	96		evxErrors cvxPartCrvProjToFaceInit(svxCrvProjToFace *data)
cvxPartCrvSplitAtPnts	zwapi_cmd_wireframe.h	189		evxErrors cvxPartCrvSplitAtPnts(int idCurve, int CountPnts, svxPoint *Points, int *CountCrvs, int **NewCrvs)
cvxPartCrvTrimToFaces	zwapi_cmd_wireframe.h	186		evxErrors cvxPartCrvTrimToFaces(const svxCrvTrimToFacesData *data, int *idTrim)
cvxPartCrvTrimWithCrv	zwapi_cmd_wireframe.h	195		evxErrors cvxPartCrvTrimWithCrv(const svxTrimWithCrvData *data, int *cntEnts, int **pEnts)
cvxPartCurve	zwapi_cmd_wireframe.h	150		evxErrors cvxPartCurve(svxCurve *Crv, int *idEnt)
cvxPartCurveChainFind	zwapi_math_nurbscurve.h	42		evxErrors cvxPartCurveChainFind(int nSeeds, int *idSeeds, int type, int *Count, int **idCrvs)
cvxPartCurveMesh	zwapi_cmd_freeform.h	125		evxErrors cvxPartCurveMesh(const svxCurveMeshData *data, int *idFace)
cvxPartCurveMeshInit	zwapi_cmd_freeform.h	122		evxErrors cvxPartCurveMeshInit(svxCurveMeshData *data)
cvxPartCurveOffset	zwapi_cmd_wireframe.h	141		evxErrors cvxPartCurveOffset(int idCurve, double Dis, int *idOut)
cvxPartCurveSilh	zwapi_cmd_wireframe.h	153		evxErrors cvxPartCurveSilh(int idCurve, svxPoint *dir, int *iCnt, int **idList)
cvxPartCyl	zwapi_cmd_shape.h	30		evxErrors cvxPartCyl(svxCylData *Cyl, int *idShape)
cvxPartCylInit	zwapi_cmd_shape.h	27		evxErrors cvxPartCylInit(svxCylData *data)
cvxPartDEAlignMove	zwapi_cmd_direct_edit.h	27		evxErrors cvxPartDEAlignMove(const svxDEAlignMove *data, int *idMove)
cvxPartDEAlignMoveInit	zwapi_cmd_direct_edit.h	24		evxErrors cvxPartDEAlignMoveInit(evxDEAlignMoveType type, svxDEAlignMove *data)
cvxPartDECopy	zwapi_cmd_direct_edit.h	55		evxErrors cvxPartDECopy(const svxDECopy *data, int *idCopy)
cvxPartDECopyInit	zwapi_cmd_direct_edit.h	48		evxErrors cvxPartDECopyInit(evxDEMoveCopyType type, svxDECopy *data)
cvxPartDEDimMove	zwapi_cmd_direct_edit.h	33		evxErrors cvxPartDEDimMove(const svxDEDimMove *data, int *idMove)
cvxPartDEDimMoveInit	zwapi_cmd_direct_edit.h	30		evxErrors cvxPartDEDimMoveInit(evxDEDimMoveType type, svxDEDimMove *data)
cvxPartDEDraft	zwapi_cmd_direct_edit.h	45		evxErrors cvxPartDEDraft(const svxDEDraft *data, int *idDraft)
cvxPartDEDraftInit	zwapi_cmd_direct_edit.h	42		evxErrors cvxPartDEDraftInit(svxDEDraft *data)
cvxPartDEFllt	zwapi_cmd_direct_edit.h	77		evxErrors cvxPartDEFllt(const svxDEFllt *data, int *idFllt)
cvxPartDEFlltInit	zwapi_cmd_direct_edit.h	70		evxErrors cvxPartDEFlltInit(svxDEFllt *data)
cvxPartDEMirror	zwapi_cmd_direct_edit.h	61		evxErrors cvxPartDEMirror(const svxDEMirror *data, int *idMirror)
cvxPartDEMirrorInit	zwapi_cmd_direct_edit.h	58		evxErrors cvxPartDEMirrorInit(svxDEMirror *data)
cvxPartDEMove	zwapi_cmd_direct_edit.h	21		evxErrors cvxPartDEMove(const svxDEMove *data, int *idMove)
cvxPartDEMoveInit	zwapi_cmd_direct_edit.h	14		evxErrors cvxPartDEMoveInit(evxDEMoveCopyType type, svxDEMove *data)
cvxPartDEOffset	zwapi_cmd_direct_edit.h	39		evxErrors cvxPartDEOffset(const svxDEOffset *data, int *idOffset)
cvxPartDEOffsetInit	zwapi_cmd_direct_edit.h	36		evxErrors cvxPartDEOffsetInit(svxDEOffset *data)
cvxPartDEPtn	zwapi_cmd_direct_edit.h	67		evxErrors cvxPartDEPtn(const svxDEPattern *data, int *idPtn)
cvxPartDEPtnInit	zwapi_cmd_direct_edit.h	64		evxErrors cvxPartDEPtnInit(evxDEPtnType type, svxDEPattern *data)
cvxPartDERad	zwapi_cmd_direct_edit.h	83		evxErrors cvxPartDERad(const svxDERad *data, int *idRad)
cvxPartDERadInit	zwapi_cmd_direct_edit.h	80		evxErrors cvxPartDERadInit(svxDERad *data)
cvxPartDatum	zwapi_cmd_datum.h	21		evxErrors cvxPartDatum(svxMatrix *Frame, int *idDatum)
cvxPartDatum2	zwapi_cmd_datum.h	27		evxErrors cvxPartDatum2(svxMatrix *Frame, int iCode, int *idDatum)
cvxPartDefeature	zwapi_part_opts.h	34		evxErrors cvxPartDefeature(int count, const int *geomList)
cvxPartDelFaceTx	zwapi_brep_face.h	44		evxErrors cvxPartDelFaceTx(int count, const int *idFaces)
cvxPartDelGrpFtr	zwapi_part_opts.h	79		evxErrors cvxPartDelGrpFtr(int idxFtr, int delFtrs)
cvxPartDivide	zwapi_cmd_shape.h	216		evxErrors cvxPartDivide(svxDivideData *Divide, int *numShape, int **idShapes)
cvxPartDivideInit	zwapi_cmd_shape.h	213		evxErrors cvxPartDivideInit(svxDivideData *data)
cvxPartDraft	zwapi_cmd_shape.h	127	@deprecated	evxErrors cvxPartDraft(const svxDraftData *Draft, int *idDraft)
cvxPartDraftInit	zwapi_cmd_shape.h	124		evxErrors cvxPartDraftInit(evxDraftMethods method, svxDraftData *data)
cvxPartEcadRgnCut	zwapi_cmd_ecadboard.h	42		evxErrors cvxPartEcadRgnCut(int idSketch, int *idFtr)
cvxPartEcadRgnSet	zwapi_cmd_ecadboard.h	39		evxErrors cvxPartEcadRgnSet(const svxEcadRgnSetData *pRgnSetData, int *idFtr)
cvxPartEcadRgnSetInit	zwapi_cmd_ecadboard.h	14		evxErrors cvxPartEcadRgnSetInit(svxEcadRgnSetData *data)
cvxPartEdgeDispData	zwapi_part_facets.h	106		evxErrors cvxPartEdgeDispData(int idEdge, svxEdgeDispData *data)
cvxPartEdgeDispDataFree	zwapi_part_facets.h	113		void cvxPartEdgeDispDataFree(svxEdgeDispData *data)
cvxPartEllipse	zwapi_cmd_wireframe.h	72		evxErrors cvxPartEllipse(svxRectangleData *ellipseData, int *idEnt)
cvxPartEllipseInit	zwapi_cmd_wireframe.h	69		evxErrors cvxPartEllipseInit(svxRectangleData *data)
cvxPartEllipsoid	zwapi_cmd_shape.h	48		evxErrors cvxPartEllipsoid(svxEllsoData *Ellso, int *idShape)
cvxPartEllipsoidInit	zwapi_cmd_shape.h	45		evxErrors cvxPartEllipsoidInit(svxEllsoData *data)
cvxPartEncapsulate	zwapi_part_opts.h	31		evxErrors cvxPartEncapsulate(int Option, int KeepDimen)
cvxPartEnlargeFace	zwapi_cmd_freeform.h	107		evxErrors cvxPartEnlargeFace(const svxEnlargeFaceData *data, int *idFace)
cvxPartEnlargeFaceInit	zwapi_cmd_freeform.h	104		evxErrors cvxPartEnlargeFaceInit(svxEnlargeFaceData *data)
cvxPartEqnDelete	zwapi_var.h	59		evxErrors cvxPartEqnDelete(int idEqn)
cvxPartEqnMoveToEqnSet	zwapi_part_var.h	38	@deprecated	evxErrors cvxPartEqnMoveToEqnSet(int idEqnSet, int cnt, const int *idListEqn)
cvxPartEqnSet	zwapi_part_var.h	44		evxErrors cvxPartEqnSet(int Count, svxVariable *Variables)
cvxPartEqnSetWithName	zwapi_part_var.h	47		evxErrors cvxPartEqnSetWithName(const vxLongName setName, int count, svxVariable *vars)
cvxPartErase	zwapi_part_opts.h	100		evxErrors cvxPartErase(int Count, int *idEnts)
cvxPartExit	zwapi_part_opts.h	17		void cvxPartExit(void)
cvxPartExplode	zwapi_cmd_freeform.h	92		evxErrors cvxPartExplode(const svxExplodeData *ExplodeData, int *numShape, int **idShapes)
cvxPartExplodeInit	zwapi_cmd_freeform.h	89		evxErrors cvxPartExplodeInit(svxExplodeData *data)
cvxPartExtendFace	zwapi_cmd_freeform.h	65		evxErrors cvxPartExtendFace(svxExtendData *data, int *newFtr)
cvxPartExtendFaceInit	zwapi_cmd_freeform.h	62		evxErrors cvxPartExtendFaceInit(svxExtendData *data)
cvxPartExtendShape	zwapi_cmd_freeform.h	113		evxErrors cvxPartExtendShape(const svxExtendShapeData *data, int *idFtr)
cvxPartExtendShapeInit	zwapi_cmd_freeform.h	110		evxErrors cvxPartExtendShapeInit(svxExtendShapeData *data)
cvxPartExtrude	zwapi_cmd_shape.h	54		evxErrors cvxPartExtrude(svxExtrudeData *Ext, int *idShape)
cvxPartExtrudeInit	zwapi_cmd_shape.h	51		evxErrors cvxPartExtrudeInit(svxExtrudeData *data)
cvxPartFace	zwapi_math_nurbssurface.h	15		evxErrors cvxPartFace(svxSurface *Srf, int NumCurves, svxCurve *TrimCurves, int Code, int Sew, double Tol, int *idFace)
cvxPartFaceCurve	zwapi_cmd_wireframe.h	126		evxErrors cvxPartFaceCurve(const svxFaceCrvData *data, int *cntEnts, int **idEnts)
cvxPartFaceEdgesFind	zwapi_math_nurbssurface.h	40		evxErrors cvxPartFaceEdgesFind(int nSeeds, int *idSeeds, evxEdgeLoopType type, int *Count, int **idEdges)
cvxPartFaceFillet	zwapi_cmd_shape.h	97		evxErrors cvxPartFaceFillet(const svxFaceFlltData *data, int *idFillet)
cvxPartFaceFilletInit	zwapi_cmd_shape.h	94		evxErrors cvxPartFaceFilletInit(svxFaceFlltData *data)
cvxPartFaceFind	zwapi_math_nurbssurface.h	33	@deprecated	evxErrors cvxPartFaceFind(svxFaceFind *findData, int *Count, int **idFaces)
cvxPartFaceMesh	zwapi_part_facets.h	81		evxErrors cvxPartFaceMesh(int idFace, double chord, double maxSideSize, int *count, svxTriangle **pnts)
cvxPartFaceMeshPnts	zwapi_part_facets.h	84		evxErrors cvxPartFaceMeshPnts(int idFace, double chord, double maxSideSize, int *count, svxPoint **pnts)
cvxPartFaceMod	zwapi_math_nurbssurface.h	21		evxErrors cvxPartFaceMod(int idFace, svxSurface *Srf, int NumCurves, svxCurve *TrimCurves, int Sew, double Tol)
cvxPartFaceOffset	zwapi_cmd_shape.h	178		evxErrors cvxPartFaceOffset(int idFace, double Dis, int Keep)
cvxPartFacesOffset	zwapi_cmd_freeform.h	59		evxErrors cvxPartFacesOffset(const svxFcsOffsetData *data, int *idFtr)
cvxPartFacesOffsetInit	zwapi_cmd_freeform.h	53		evxErrors cvxPartFacesOffsetInit(svxFcsOffsetData *data)
cvxPartFacesetSew	zwapi_cmd_freeform.h	98		evxErrors cvxPartFacesetSew(int count, int *shapes, svxSewData *param, int *newFtr)
cvxPartFacesetSewInit	zwapi_cmd_freeform.h	95		evxErrors cvxPartFacesetSewInit(svxSewData *data)
cvxPartFacets	zwapi_part_facets.h	20		evxErrors cvxPartFacets(vxLongName Name, svxFacets *Facets, int *idBlock)
cvxPartFacetsBySTL	zwapi_part_facets.h	23		evxErrors cvxPartFacetsBySTL(const vxLongName name, const svxSTL *stl, int *idBlock)
cvxPartFacetsConvertToSTL	zwapi_part_facets.h	87		evxErrors cvxPartFacetsConvertToSTL(const svxFacets *facets, svxSTL *stl)
cvxPartFacetsMod	zwapi_part_facets.h	51		evxErrors cvxPartFacetsMod(int idBlock, svxFacets *Facets)
cvxPartFacetsSetAt	zwapi_part_facets.h	57		evxErrors cvxPartFacetsSetAt(int idBlock, const svxFaceAt *At)
cvxPartFacetsSetTx	zwapi_part_facets.h	60		evxErrors cvxPartFacetsSetTx(int idBlock, const svxTextureAt *Tx)
cvxPartFillet	zwapi_cmd_shape.h	81		evxErrors cvxPartFillet(int Count, int *Edges, double Radius)
cvxPartFilletAll	zwapi_cmd_shape.h	91		evxErrors cvxPartFilletAll(const svxChamFlltData *Fillet, int *idFillet)
cvxPartFilletAllInit	zwapi_cmd_shape.h	88		evxErrors cvxPartFilletAllInit(svxChamFlltData *data)
cvxPartFilletBlend	zwapi_cmd_freeform.h	20		evxErrors cvxPartFilletBlend(const svxFilletBlendData *FilletBlend, int *idFilletBlend)
cvxPartFilletBlendInit	zwapi_cmd_freeform.h	14		evxErrors cvxPartFilletBlendInit(svxFilletBlendData *data)
cvxPartFittingCrv	zwapi_cmd_wireframe.h	156		evxErrors cvxPartFittingCrv(int iCnt, svxPoint *pnts, double tol, double smth, int *idEnt)
cvxPartFlagExtThread	zwapi_cmd_shape.h	157		evxErrors cvxPartFlagExtThread(const svxFlagExtThreadData *data, int *idFtr)
cvxPartFlagExtThreadInit	zwapi_cmd_shape.h	154		evxErrors cvxPartFlagExtThreadInit(svxFlagExtThreadData *data)
cvxPartFlagHoles	zwapi_cmd_shape.h	145		evxErrors cvxPartFlagHoles(const svxFlagHoleData *data, int *idFtr)
cvxPartFlagHolesInit	zwapi_cmd_shape.h	142		evxErrors cvxPartFlagHolesInit(svxFlagHoleData *data)
cvxPartFreeCfgTbl	zwapi_part_config.h	45		void cvxPartFreeCfgTbl(svxPartCfgInfo **cfginfo)
cvxPartFreeHoles	zwapi_part_hole.h	20		void cvxPartFreeHoles(int Count, svxHoleData **Holes)
cvxPartFtrInqAuxFtrs	zwapi_part_history.h	57		int cvxPartFtrInqAuxFtrs(int idFtr, int *count, int **idAuxFtrs)
cvxPartFtrInqInpEnts	zwapi_part_history.h	98		evxErrors cvxPartFtrInqInpEnts(int idFeature, evxEntType type, int *cnt, int **list)
cvxPartFtrIsMissRef	zwapi_part_history.h	48		int cvxPartFtrIsMissRef(int idFeature, char *status)
cvxPartFtrIsUDF	zwapi_cmd_udf.h	42		evxErrors cvxPartFtrIsUDF(int idFtr, int *isUDF)
cvxPartFtrPlayTo	zwapi_part_opts.h	52		evxErrors cvxPartFtrPlayTo(int idxFtrPlayTo, int state)
cvxPartFtrSuppress	zwapi_part_opts.h	55		evxErrors cvxPartFtrSuppress(int count, int *idFeatures, char suppress)
cvxPartGeomExport	zwapi_cmd_assembly.h	40		evxErrors cvxPartGeomExport(svxGeomExport *Data)
cvxPartGeomExportII	zwapi_cmd_assembly.h	43		evxErrors cvxPartGeomExportII(svxGeomExport *Data)
cvxPartGetCustomStr	zwapi_part_attribute.h	97		evxErrors cvxPartGetCustomStr(int idEnt, int *idStr, char **CustomString)
cvxPartGetFlatSolids	zwapi_part_sheetmetal_attribute.h	46		evxErrors cvxPartGetFlatSolids(int *cnts, int **solids)
cvxPartHistAdd	zwapi_part_opts.h	93		evxErrors cvxPartHistAdd(const int idData, const vxName FtrName, const int Option, int *idFtr)
cvxPartHistClip	zwapi_part_opts.h	67		evxErrors cvxPartHistClip(int Cut, int Count, int *Operations)
cvxPartHistDel	zwapi_part_opts.h	73		evxErrors cvxPartHistDel(int Count, int *Operations)
cvxPartHistDelUtil	zwapi_part_opts.h	76		evxErrors cvxPartHistDelUtil(int Count, int *Operations, int OpType)
cvxPartHistEnd	zwapi_part_opts.h	40	@deprecated	evxErrors cvxPartHistEnd(void)
cvxPartHistGroup	zwapi_part_opts.h	58		evxErrors cvxPartHistGroup(int idFirst, int idLast, const vxName Name, int Close)
cvxPartHistInqGroup	zwapi_part_opts.h	61		evxErrors cvxPartHistInqGroup(int idHistObj, int *idGroup)
cvxPartHistList	zwapi_part_history.h	31		evxErrors cvxPartHistList(int Option, int *Cnts, int **HistList)
cvxPartHistPaste	zwapi_part_opts.h	64		evxErrors cvxPartHistPaste(void)
cvxPartHistRename	zwapi_part_opts.h	70		evxErrors cvxPartHistRename(int idOp, vxName Name, char *Descript)
cvxPartHistScrollTo	zwapi_part_opts.h	107		evxErrors cvxPartHistScrollTo(int idEnt)
cvxPartHistStart	zwapi_part_opts.h	37		evxErrors cvxPartHistStart(vxName Name)
cvxPartHole	zwapi_cmd_shape.h	133		evxErrors cvxPartHole(svxHoleData *Hole, int *idOp)
cvxPartHoleInit	zwapi_cmd_shape.h	130	@deprecated	evxErrors cvxPartHoleInit(evxHoleOpt HoleOpt, int type, svxHoleData *data)
cvxPartInlay	zwapi_cmd_shape.h	237		evxErrors cvxPartInlay(svxInlayData *Inlay, int *idInlay)
cvxPartInlayInit	zwapi_cmd_shape.h	234		evxErrors cvxPartInlayInit(svxInlayData *data)
cvxPartInqActiveCfg	zwapi_part_config.h	24		evxErrors cvxPartInqActiveCfg(int *idCfg)
cvxPartInqAnnoTexts	zwapi_part_objs.h	40	@deprecated	evxErrors cvxPartInqAnnoTexts(int *Count, int **Texts)
cvxPartInqAsmFldChildEnts	zwapi_asm_comp.h	22		evxErrors cvxPartInqAsmFldChildEnts(const vxLongPath File, const vxRootName Part, int idFolder, int incSubFld, int *count, int **Ents)
cvxPartInqAsmFolders	zwapi_asm_comp.h	16		evxErrors cvxPartInqAsmFolders(const vxLongPath File, const vxRootName Part, int type, int *count, int **Folders)
cvxPartInqAsmFtrList	zwapi_asm_comp.h	25		evxErrors cvxPartInqAsmFtrList(const vxLongPath File, const vxRootName Part, int *Count, int **Features)
cvxPartInqAsmIsFlex	zwapi_asm_comp.h	67		evxErrors cvxPartInqAsmIsFlex(int idComp, int *isFlexible)
cvxPartInqAsmIsFlexByPath	zwapi_asm_comp.h	74		evxErrors cvxPartInqAsmIsFlexByPath(svxEntPath AsmPath, int *isFlexible)
cvxPartInqAxis	zwapi_part_datum_query.h	15		evxErrors cvxPartInqAxis(int *Count, int **Axis)
cvxPartInqBlockPnts	zwapi_part_facets.h	33		evxErrors cvxPartInqBlockPnts(int idBlock, int *Count, svxPointf **Points)
cvxPartInqBlockType	zwapi_part_facets.h	36		evxErrors cvxPartInqBlockType(int idBlock, evxBlockType *Type)
cvxPartInqBlocks	zwapi_part_facets.h	26		evxErrors cvxPartInqBlocks(int *Count, int **Blocks)
cvxPartInqCSYSAxis	zwapi_part_datum_query.h	44	@deprecated	evxErrors cvxPartInqCSYSAxis(int idCSYS, evxAxisType AxisType, int *idAxis)
cvxPartInqCSYSPlane	zwapi_part_datum_query.h	47	@deprecated	evxErrors cvxPartInqCSYSPlane(int idCSYS, evxPlaneType PlnType, int *idPlane)
cvxPartInqCfgList	zwapi_part_config.h	27		evxErrors cvxPartInqCfgList(int *Count, int **CfgList)
cvxPartInqCfgTblInfos	zwapi_part_config.h	39		evxErrors cvxPartInqCfgTblInfos(int idCfg, svxPartCfgInfo **partCfg)
cvxPartInqCfgTblInfosByName	zwapi_part_config.h	42		evxErrors cvxPartInqCfgTblInfosByName(const vxLongPath fileName, const vxRootName rootName, int idCfg, svxPartCfgInfo **partCfg)
cvxPartInqComps	zwapi_asm_comp.h	31		evxErrors cvxPartInqComps(const vxLongPath File, const vxRootName Part, int *Count, int **Comps)
cvxPartInqComps2	zwapi_asm_comp.h	37		evxErrors cvxPartInqComps2(const vxLongPath File, const vxRootName Part, int Option, int *Count, int **Comps)
cvxPartInqCompsInfo	zwapi_asm_comp.h	40		evxErrors cvxPartInqCompsInfo(const vxPath Path, const vxRootName Name, int *Count, vxPath **Paths, vxRootName **Names)
cvxPartInqCompsInfoByLongPath	zwapi_asm_comp.h	43		evxErrors cvxPartInqCompsInfoByLongPath(const vxLongPath Path, const vxRootName Name, int *Count, vxLongPath **Paths, vxRootName **Names)
cvxPartInqConstraints	zwapi_part_objs.h	50		evxErrors cvxPartInqConstraints(const vxLongPath File, const vxRootName Part, int *count, int **cons)
cvxPartInqCrvList	zwapi_part_objs.h	25		evxErrors cvxPartInqCrvList(int idCrvList, int *Count, svxEntPick **Curves)
cvxPartInqCrvLists	zwapi_part_objs.h	22		evxErrors cvxPartInqCrvLists(int *Count, int **CrvLists)
cvxPartInqCsys	zwapi_part_datum_query.h	34		evxErrors cvxPartInqCsys(int *Count, int **Csys)
cvxPartInqCurve	zwapi_part_objs.h	28		evxErrors cvxPartInqCurve(int idEntity, int Nurb, svxCurve *Crv)
cvxPartInqCurves	zwapi_part_objs.h	16		evxErrors cvxPartInqCurves(int *Count, int **Curves)
cvxPartInqDefaultCSYS	zwapi_part_datum_query.h	41	@deprecated	evxErrors cvxPartInqDefaultCSYS(int *CSYS)
cvxPartInqDimIdxs	zwapi_part_dim.h	24		evxErrors cvxPartInqDimIdxs(const vxLongPath File, const vxRootName Part, int *Count, int **IdList)
cvxPartInqDims	zwapi_part_dim.h	15		evxErrors cvxPartInqDims(const vxLongPath File, const vxRootName Part, int *Count, svxVariable **Variables)
cvxPartInqEdgeCrv	zwapi_brep_edge.h	39		evxErrors cvxPartInqEdgeCrv(int idEdge, int idFace, svxCurve *crv)
cvxPartInqEdgeFaces	zwapi_brep_edge.h	27		evxErrors cvxPartInqEdgeFaces(int idEdge, int *count, int **idFaces)
cvxPartInqEdgeLoop	zwapi_brep_edge.h	33		evxErrors cvxPartInqEdgeLoop(int idFace, int idEdge, int *idLoop)
cvxPartInqEdgeOpen	zwapi_brep_edge.h	21		int cvxPartInqEdgeOpen(int idEdge)
cvxPartInqEdgePreEdges	zwapi_brep_edge.h	30		evxErrors cvxPartInqEdgePreEdges(int idEdge, int *count, int **idPreEdges)
cvxPartInqEdgeShape	zwapi_brep_edge.h	36		evxErrors cvxPartInqEdgeShape(int idEdge, int *idShape)
cvxPartInqEntBox	zwapi_general_ent.h	184		evxErrors cvxPartInqEntBox(int idEnt, const svxMatrix *Mat, svxBndBox *Box)
cvxPartInqEntByLabel	zwapi_general_ent.h	193		evxErrors cvxPartInqEntByLabel(int *Label, int Exact, int *idEntity)
cvxPartInqEntFtr	zwapi_general_ent.h	175		evxErrors cvxPartInqEntFtr(int idEntity, int *idFeature)
cvxPartInqEntLabel	zwapi_general_ent.h	142		evxErrors cvxPartInqEntLabel(int idEntity, int **Label)
cvxPartInqEntShape	zwapi_brep_shape.h	64		evxErrors cvxPartInqEntShape(int idEntity, int *idShape)
cvxPartInqEntsArea	zwapi_math.h	50		evxErrors cvxPartInqEntsArea(int cnt, int *crvList, svxAreaProp *areaProp)
cvxPartInqEntsAreaByPath	zwapi_math.h	53		evxErrors cvxPartInqEntsAreaByPath(int cnt, svxEntPath *crvList, svxAreaProp *areaProp)
cvxPartInqEqnAllId	zwapi_part_var.h	20		evxErrors cvxPartInqEqnAllId(int *cntList, int **idList, int *cntSets, int **idSets)
cvxPartInqEqnAssociatedSet	zwapi_var.h	32		evxErrors cvxPartInqEqnAssociatedSet(int idEqn, int *idSet)
cvxPartInqEqnSetMembers	zwapi_var.h	26		evxErrors cvxPartInqEqnSetMembers(int idSet, int *count, int **idList)
cvxPartInqFaceAt	zwapi_brep_face.h	15		evxErrors cvxPartInqFaceAt(int idFace, svxFaceAt *at)
cvxPartInqFaceBox	zwapi_brep_face.h	56		evxErrors cvxPartInqFaceBox(int idFace, svxBndBox *box)
cvxPartInqFaceCrvs	zwapi_brep_face.h	59		evxErrors cvxPartInqFaceCrvs(int idFace, int *count, svxCurve **trimCurves)
cvxPartInqFaceEdges	zwapi_brep_face.h	62		evxErrors cvxPartInqFaceEdges(int idFace, int *count, int **idEdges)
cvxPartInqFaceFacets	zwapi_part_facets.h	66		evxErrors cvxPartInqFaceFacets(int idFace, int *Count, svxTriangle **Facets)
cvxPartInqFaceFacets2	zwapi_part_facets.h	72		evxErrors cvxPartInqFaceFacets2(int idFace, svxFacets *Facets)
cvxPartInqFaceFacetsByChord	zwapi_part_facets.h	75		evxErrors cvxPartInqFaceFacetsByChord(int idFace, double ChordHeight, int *Count, svxTriangle **Facets)
cvxPartInqFaceFillet	zwapi_brep_face.h	86		evxErrors cvxPartInqFaceFillet(int idFace, int *isFilletFace)
cvxPartInqFaceGeom	zwapi_brep_face.h	83		evxErrors cvxPartInqFaceGeom(int idFace, int *idGeom)
cvxPartInqFaceLoops	zwapi_brep_face.h	65		evxErrors cvxPartInqFaceLoops(int idFace, int inner, int *count, int **loops)
cvxPartInqFaceSh	zwapi_brep_face.h	21		evxErrors cvxPartInqFaceSh(int idFace, svxShaderAt *sh)
cvxPartInqFaceShape	zwapi_brep_face.h	80		evxErrors cvxPartInqFaceShape(int idFace, int *idShape)
cvxPartInqFaceSrf	zwapi_brep_face.h	68		evxErrors cvxPartInqFaceSrf(int idFace, svxSurface *srf)
cvxPartInqFaceSrfPrim	zwapi_brep_face.h	74		evxErrors cvxPartInqFaceSrfPrim(int idFace, svxSrfPrim *srfPrim)
cvxPartInqFaceTx	zwapi_brep_face.h	24		evxErrors cvxPartInqFaceTx(int idFace, svxTextureAt *tx)
cvxPartInqFaceTxFile	zwapi_brep_face.h	47		evxErrors cvxPartInqFaceTxFile(int idFace, vxPath path)
cvxPartInqFaceTxFileByLongPath	zwapi_brep_face.h	53		evxErrors cvxPartInqFaceTxFileByLongPath(int idFace, char *path, int sizePath)
cvxPartInqFacets	zwapi_part_facets.h	39		evxErrors cvxPartInqFacets(int idBlock, svxSTL *Stl)
cvxPartInqFacets2	zwapi_part_facets.h	42		evxErrors cvxPartInqFacets2(int idBlock, svxFacets *Facets)
cvxPartInqFacetsTxFile	zwapi_part_facets.h	45		evxErrors cvxPartInqFacetsTxFile(int idBlock, vxPath Path)
cvxPartInqFacetsTxFileByLongPath	zwapi_part_facets.h	48		evxErrors cvxPartInqFacetsTxFileByLongPath(int idBlock, char *Path, int sizePath)
cvxPartInqFlattens	zwapi_part_sheetmetal_attribute.h	49		evxErrors cvxPartInqFlattens(int *count, int **idFlattens, vxLongName **flattenNames)
cvxPartInqFlexAsmMat	zwapi_asm_comp.h	143		evxErrors cvxPartInqFlexAsmMat(svxEntPath AsmPath, svxMatrix *AsmMat)
cvxPartInqFtrAssoPart	zwapi_part_history.h	51		int cvxPartInqFtrAssoPart(int idFeature, vxPath fileName, vxRootName rootName)
cvxPartInqFtrChildFtrs	zwapi_part_history.h	95		evxErrors cvxPartInqFtrChildFtrs(int idFeature, int *cnt, int **list)
cvxPartInqFtrData	zwapi_part_history.h	54		int cvxPartInqFtrData(int idFeature, int iNoEval, int *idData)
cvxPartInqFtrEnts	zwapi_part_history.h	105		evxErrors cvxPartInqFtrEnts(int idFeature, evxEntType EntType, int *Count, int **Ents)
cvxPartInqFtrGroup	zwapi_part_history.h	75		evxErrors cvxPartInqFtrGroup(int idFeature, int *idGroup)
cvxPartInqFtrList	zwapi_part_history.h	38		evxErrors cvxPartInqFtrList(int *Count, int **Features)
cvxPartInqFtrParentFtrs	zwapi_part_history.h	88		evxErrors cvxPartInqFtrParentFtrs(int idFeature, int getAll, int *cnt, int **list)
cvxPartInqFtrRegenStat	zwapi_part_history.h	66		evxErrors cvxPartInqFtrRegenStat(int idFeature, char *stat)
cvxPartInqFtrRegenStatus	zwapi_part_history.h	69		evxErrors cvxPartInqFtrRegenStatus(int idFtr, evxFtrRegenStatus *status)
cvxPartInqFtrTemplate	zwapi_part_history.h	60		evxErrors cvxPartInqFtrTemplate(int idFeature, vxName Template)
cvxPartInqFtrTol	zwapi_part_history.h	63		evxErrors cvxPartInqFtrTol(int idFeature, double *Tolerance)
cvxPartInqFtrVersion	zwapi_part_history.h	72		evxErrors cvxPartInqFtrVersion(int idFeature, int *Version)
cvxPartInqGroupFtrs	zwapi_part_history.h	78		evxErrors cvxPartInqGroupFtrs(int idGroup, int *count, int **ftrList)
cvxPartInqGroupList	zwapi_part_history.h	85		evxErrors cvxPartInqGroupList(int *count, int **groups)
cvxPartInqHoles	zwapi_part_hole.h	14		evxErrors cvxPartInqHoles(const vxLongPath File, const vxRootName Part, int *Count, svxHoleData **Holes)
cvxPartInqLoopEdges	zwapi_brep_loop.h	13		evxErrors cvxPartInqLoopEdges(int idLoop, int *count, int **idEdges)
cvxPartInqLoopFace	zwapi_brep_loop.h	19		evxErrors cvxPartInqLoopFace(int idLoop, int *idFace)
cvxPartInqLoopInner	zwapi_brep_loop.h	25		evxErrors cvxPartInqLoopInner(int idLoop, int *isInner)
cvxPartInqLoopPreEdges	zwapi_brep_loop.h	22		evxErrors cvxPartInqLoopPreEdges(int idLoop, int *count, int **idPreEdges)
cvxPartInqPMIDimEnts	zwapi_part_dim.h	21		evxErrors cvxPartInqPMIDimEnts(int idDim, int *Count, svxEntPath **EntPaths)
cvxPartInqPMIs	zwapi_part_dim.h	27		evxErrors cvxPartInqPMIs(evxPMIEntType type, int *count, int **idPMIs)
cvxPartInqPoints	zwapi_part_objs.h	34		evxErrors cvxPartInqPoints(int *count, int **pointIdx)
cvxPartInqPreEdgeInfo	zwapi_brep_preedge.h	15		evxErrors cvxPartInqPreEdgeInfo(int idPreEdge, svxPreEdge *preEdge)
cvxPartInqPreEdgeStartPnt	zwapi_brep_preedge.h	21		evxErrors cvxPartInqPreEdgeStartPnt(int idPreEdge, int *idEdge, svxPoint2 *startPnt)
cvxPartInqPublishSet	zwapi_part_objs.h	65		evxErrors cvxPartInqPublishSet(const vxLongPath File, const vxRootName Part, int idPubSet, vxName Name, int *Count, int **idEnts)
cvxPartInqPublishSets	zwapi_part_objs.h	59		evxErrors cvxPartInqPublishSets(const vxLongPath File, const vxRootName Part, int *Count, int **idPubSets)
cvxPartInqReversedCurve	zwapi_cmd_wireframe.h	192		evxErrors cvxPartInqReversedCurve(int idEnt, svxCurve *data)
cvxPartInqShapeBox	zwapi_brep_shape.h	31		evxErrors cvxPartInqShapeBox(int idShape, svxMatrix *mat, svxBndBox *box)
cvxPartInqShapeComp	zwapi_brep_shape.h	46		evxErrors cvxPartInqShapeComp(int idShape, int *idComp)
cvxPartInqShapeEdges	zwapi_brep_shape.h	49		evxErrors cvxPartInqShapeEdges(int idShape, int *count, int **idEdges)
cvxPartInqShapeExtreme	zwapi_brep_shape.h	58		evxErrors cvxPartInqShapeExtreme(int idShape, const svxVector *dir, int *count, int **idEnts, svxPoint *point)
cvxPartInqShapeFaces	zwapi_brep_shape.h	52		evxErrors cvxPartInqShapeFaces(int idShape, int *count, int **idFaces)
cvxPartInqShapeFtrs	zwapi_brep_shape.h	55		evxErrors cvxPartInqShapeFtrs(int idShape, int option, int *count, int **idFeatures)
cvxPartInqShapeMass	zwapi_brep_shape.h	34		evxErrors cvxPartInqShapeMass(int idShape, double density, svxMassProp *prop)
cvxPartInqShapeOpen	zwapi_brep_shape.h	28		evxErrors cvxPartInqShapeOpen(int idShape, int *isOpen)
cvxPartInqShapes	zwapi_brep_shape.h	40		evxErrors cvxPartInqShapes(const vxLongPath file, const vxRootName part, int *count, int **idShapes)
cvxPartInqShtMetalThick	zwapi_part_sheetmetal_attribute.h	40	@deprecated	evxErrors cvxPartInqShtMetalThick(int idShape, double *thick)
cvxPartInqSmdPairFaces	zwapi_part_sheetmetal_attribute.h	34	@deprecated	evxErrors cvxPartInqSmdPairFaces(int idFace, int *count, int **faces)
cvxPartInqSmdSrfType	zwapi_part_sheetmetal_attribute.h	37	@deprecated	evxErrors cvxPartInqSmdSrfType(int idFace, evxSmdSurfaceType *type)
cvxPartInqSmdStatFace	zwapi_part_sheetmetal_attribute.h	31		evxErrors cvxPartInqSmdStatFace(int idShape, int *idFace)
cvxPartInqSmdStatFcs	zwapi_part_sheetmetal_attribute.h	24		int cvxPartInqSmdStatFcs(int idShape, int *countStat, int **statFcs, int *countPair, int **pairStatFcs)
cvxPartInqTagNames	zwapi_general_ent.h	44		evxErrors cvxPartInqTagNames(int *Count, vxLongName **Names)
cvxPartInqTempData	zwapi_part_objs.h	56		evxErrors cvxPartInqTempData(int idPart, int *count, int **datas)
cvxPartInqTexts	zwapi_part_objs.h	47		evxErrors cvxPartInqTexts(int *count, int **idTexts)
cvxPartInqVars	zwapi_part_var.h	14		evxErrors cvxPartInqVars(const vxLongPath File, const vxRootName Part, int *Count, svxVariable **Variables)
cvxPartInqVertexEdges	zwapi_brep_vertex.h	14		evxErrors cvxPartInqVertexEdges(int idEdge, int EndPnt, int *Count, int **Edges)
cvxPartInqView	zwapi_part_view.h	14		evxErrors cvxPartInqView(int idView, svxView *View)
cvxPartInqViews	zwapi_part_view.h	20		evxErrors cvxPartInqViews(int *Count, int **Views)
cvxPartIns	zwapi_cmd_assembly.h	46		evxErrors cvxPartIns(svxPartInstData *Part, int *Count, int **ShapeList)
cvxPartInterXCurve	zwapi_cmd_wireframe.h	105		evxErrors cvxPartInterXCurve(const svxInterCrvData *pFaces, int *idFtr)
cvxPartInterXCurveInit	zwapi_cmd_wireframe.h	102		evxErrors cvxPartInterXCurveInit(svxInterCrvData *data)
cvxPartIsectShpChk	zwapi_math_insect.h	67		int cvxPartIsectShpChk(int idBaseShape, int idOpShape)
cvxPartIsectShpChk2	zwapi_math_insect.h	73		int cvxPartIsectShpChk2(int idBaseShape, int idOpShape, int fClosedChk)
cvxPartIsoCurveOnFace	zwapi_cmd_wireframe.h	117		evxErrors cvxPartIsoCurveOnFace(const svxIsoCrvOnFaceData *data, int *cntEnts, int **idEnts)
cvxPartIsoCurveOnFaceInit	zwapi_cmd_wireframe.h	114		evxErrors cvxPartIsoCurveOnFaceInit(svxIsoCrvOnFaceData *data, evxCrvIsoType crvIsoType)
cvxPartIsoclineCurve	zwapi_cmd_wireframe.h	123		evxErrors cvxPartIsoclineCurve(const svxIsoclineCrvData *data, int *cntEnts, int **idEnts)
cvxPartIsoclineCurveInit	zwapi_cmd_wireframe.h	120		evxErrors cvxPartIsoclineCurveInit(svxIsoclineCrvData *data, evxIsoclineCrvType type)
cvxPartLine2pt	zwapi_cmd_wireframe.h	30		evxErrors cvxPartLine2pt(svxPoint *Start, svxPoint *End, int *idEnt)
cvxPartLip	zwapi_cmd_shape.h	169		evxErrors cvxPartLip(svxLipData *Lip, int *idLip)
cvxPartLipInit	zwapi_cmd_shape.h	166		evxErrors cvxPartLipInit(svxLipData *data)
cvxPartLoft	zwapi_cmd_shape.h	78		evxErrors cvxPartLoft(svxLoftData *Loft, int *idShape)
cvxPartLoftInit	zwapi_cmd_shape.h	75		evxErrors cvxPartLoftInit(svxLoftData *data)
cvxPartMassProp	zwapi_part_attribute.h	16		evxErrors cvxPartMassProp(void)
cvxPartMirrorFtr	zwapi_cmd_shape.h	304	@deprecated	evxErrors cvxPartMirrorFtr(svxMirrorFtr *Mirror, int *idFtr)
cvxPartMirrorFtrInit	zwapi_cmd_shape.h	301		evxErrors cvxPartMirrorFtrInit(svxMirrorFtr *data)
cvxPartMirrorGeom	zwapi_cmd_shape.h	298		evxErrors cvxPartMirrorGeom(svxMirrorGeom *Mirror, int *NumNewEnts, int **idNewEnts)
cvxPartMirrorGeominit	zwapi_cmd_shape.h	295		evxErrors cvxPartMirrorGeominit(svxMirrorGeom *data)
cvxPartMkEntExternal	zwapi_part_opts.h	82		evxErrors cvxPartMkEntExternal(int idEnt, int externalFlag)
cvxPartModifyHole	zwapi_cmd_shape.h	139		evxErrors cvxPartModifyHole(int cntFace, int *pFace, const svxHoleData *data, int *idFtr)
cvxPartModifyHoleInit	zwapi_cmd_shape.h	136		evxErrors cvxPartModifyHoleInit(int idFace, svxHoleData *data)
cvxPartModifyIsolineNum	zwapi_cmd_freeform.h	86		evxErrors cvxPartModifyIsolineNum(int count, int *idFaces, int Uisoline, int Visoline)
cvxPartMorphToCrv	zwapi_cmd_shape.h	276		evxErrors cvxPartMorphToCrv(const svxMorphToCrvData *MorphToCrv, int *idMorphToCrv)
cvxPartMorphToCrvInit	zwapi_cmd_shape.h	273		evxErrors cvxPartMorphToCrvInit(svxMorphToCrvData *data)
cvxPartMove	zwapi_cmd_shape.h	316		evxErrors cvxPartMove(const svxMoveData *Move, int *idMove)
cvxPartMovePntToPnt	zwapi_cmd_shape.h	307	@deprecated	evxErrors cvxPartMovePntToPnt(int idEntity, svxAxis *Start, svxAxis *End)
cvxPartMoveTransform	zwapi_cmd_shape.h	310		evxErrors cvxPartMoveTransform(int idEntity, const svxMatrix *Mat)
cvxPartMoveTransformList	zwapi_cmd_shape.h	313		evxErrors cvxPartMoveTransformList(int Count, const int *Entities, const svxMatrix *Mat)
cvxPartNSided	zwapi_cmd_freeform.h	26		evxErrors cvxPartNSided(const svxNSidedData *NSidedData, int *idShape)
cvxPartNSidedInit	zwapi_cmd_freeform.h	23		evxErrors cvxPartNSidedInit(svxNSidedData *data)
cvxPartNameLastOp	zwapi_xn.h	32		evxErrors cvxPartNameLastOp(vxName NewName)
cvxPartNewDatum	zwapi_cmd_datum.h	30		evxErrors cvxPartNewDatum(svxMatrix *Frame, int *idDatum)
cvxPartPartialResults	zwapi_part_history.h	28		void cvxPartPartialResults(int Disable)
cvxPartPatternFtr	zwapi_cmd_shape.h	292		evxErrors cvxPartPatternFtr(int Count, int *idFtrs, const svxPtnFtr *Pattern, int *idPattern)
cvxPartPatternGeom	zwapi_cmd_shape.h	286		evxErrors cvxPartPatternGeom(int Count, int *idEnts, const svxPtnGeom *Pattern, int *idPattern)
cvxPartPhyAttrCalc	zwapi_part_attribute.h	25		evxErrors cvxPartPhyAttrCalc(vxRootName Name)
cvxPartPlaneAdd	zwapi_cmd_datum.h	51		evxErrors cvxPartPlaneAdd(const svxNewPlaneData *plane, int *idPlane)
cvxPartPlaneAddInit	zwapi_cmd_datum.h	48	@deprecated	evxErrors cvxPartPlaneAddInit(evxNewPlaneMethods method, svxNewPlaneData *data)
cvxPartPlaneNew	zwapi_cmd_datum.h	45	@deprecated	evxErrors cvxPartPlaneNew(svxPlaneData *Plane, int *idPlane)
cvxPartPlnCrv	zwapi_cmd_datum.h	33		evxErrors cvxPartPlnCrv(int idCrv, svxPoint *Origin, svxPoint *Xaxis, int *idPln)
cvxPartPlnCrv2	zwapi_cmd_datum.h	36		evxErrors cvxPartPlnCrv2(int idCrv, svxData *Origin, svxData *Xaxis, int Flip, int *idPln)
cvxPartPlnSrf	zwapi_cmd_datum.h	39		evxErrors cvxPartPlnSrf(int idFace, svxPoint *Origin, int *idPln)
cvxPartPlnSrf2	zwapi_cmd_datum.h	42	@deprecated	evxErrors cvxPartPlnSrf2(int idFace, svxPoint *Origin, svxPoint *XZ, int Flip, int *idPln)
cvxPartPnt	zwapi_cmd_wireframe.h	15		evxErrors cvxPartPnt(svxPoint *Point, int *idEnt)
cvxPartPntBlock	zwapi_part_facets.h	14		int cvxPartPntBlock(vxLongName Name, int Count, svxPointf *Points, int *idEnt)
cvxPartPntBy2LinesInit	zwapi_cmd_subcmd.h	20		evxErrors cvxPartPntBy2LinesInit(svxPntBy2Lines *data, int useCirPnt)
cvxPartPntByOffsetInit	zwapi_cmd_subcmd.h	14		evxErrors cvxPartPntByOffsetInit(svxPntByOffset *data, int useCirPnt)
cvxPartPntNew	zwapi_cmd_wireframe.h	21		evxErrors cvxPartPntNew(int Count, const svxPntOnEntPath *PntData, int idAlignPln, int PrjToPln, int *idPntFtr)
cvxPartPnts	zwapi_cmd_wireframe.h	24		evxErrors cvxPartPnts(int Count, svxPoint *Points)
cvxPartPntsOnCrv	zwapi_cmd_wireframe.h	27		evxErrors cvxPartPntsOnCrv(int idCrv, svxPoint *Pnt, int Num, double Dist, evxExtendOpt Opt, int *Count, int **idEnts)
cvxPartPolyLine	zwapi_cmd_wireframe.h	36	@deprecated	evxErrors cvxPartPolyLine(const svxPolylineData *polylinedata, int *Cnt, int **idEnt)
cvxPartPolylineInit	zwapi_cmd_wireframe.h	33		evxErrors cvxPartPolylineInit(svxPolylineData *data)
cvxPartProjStl	zwapi_part_facets.h	63		evxErrors cvxPartProjStl(int idStl, int idPln, double tol, double smth, int *idCurve)
cvxPartPublishSet	zwapi_cmd_dataexchange.h	22		evxErrors cvxPartPublishSet(const vxName Name, int Count, const int *idEnts, int *idPubSet)
cvxPartPublishSetDel	zwapi_part_opts.h	110		evxErrors cvxPartPublishSetDel(int Count, const int *idPubSets)
cvxPartPunch	zwapi_cmd_shape.h	249		evxErrors cvxPartPunch(const svxPunch *data, int *idPunch)
cvxPartPunchInit	zwapi_cmd_shape.h	246		evxErrors cvxPartPunchInit(svxPunch *data)
cvxPartQuickDisplayEdit	zwapi_part_opts.h	116		evxErrors cvxPartQuickDisplayEdit(evxQuickEditDisplayEntityType entityType, const int *ids, int count, const svxQuickEditDisplayData *data)
cvxPartQuickDisplayEditInit	zwapi_part_opts.h	122		evxErrors cvxPartQuickDisplayEditInit(svxQuickEditDisplayData *data)
cvxPartRectangle	zwapi_cmd_wireframe.h	60		evxErrors cvxPartRectangle(svxRectangleData *rectData, int *iCnt, int **idEnt)
cvxPartRectangleInit	zwapi_cmd_wireframe.h	57		evxErrors cvxPartRectangleInit(svxRectangleData *data)
cvxPartRedefineIsActive	zwapi_part_history.h	22		int cvxPartRedefineIsActive(void)
cvxPartRefGeom	zwapi_cmd_dataexchange.h	14		evxErrors cvxPartRefGeom(svxEntPath *GeomPath, int AssociativeCopy, int *idGeom)
cvxPartRefineFacetsInit	zwapi_part_facets.h	78		evxErrors cvxPartRefineFacetsInit(svxRefineFacets *data)
cvxPartRegenFacets	zwapi_part_history.h	25		evxErrors cvxPartRegenFacets(int Count, int *idFaces, int Assembly, int LOAD, double Tol)
cvxPartRegenIsActive	zwapi_part_history.h	17		int cvxPartRegenIsActive(void)
cvxPartReplace	zwapi_cmd_shape.h	231		evxErrors cvxPartReplace(const svxReplaceData *Replace, int *idReplace)
cvxPartReplaceInit	zwapi_cmd_shape.h	228		evxErrors cvxPartReplaceInit(svxReplaceData *data)
cvxPartRevolve	zwapi_cmd_shape.h	60		evxErrors cvxPartRevolve(svxRevolveData *Rev, int *idShape)
cvxPartRevolveInit	zwapi_cmd_shape.h	57		evxErrors cvxPartRevolveInit(svxRevolveData *data)
cvxPartRib	zwapi_cmd_shape.h	151		evxErrors cvxPartRib(svxRibData *Rib, int *idRib)
cvxPartRibInit	zwapi_cmd_shape.h	148		evxErrors cvxPartRibInit(svxRibData *data)
cvxPartRuled	zwapi_cmd_freeform.h	38		evxErrors cvxPartRuled(const svxRuledData *data, int *idFace)
cvxPartRuledInit	zwapi_cmd_freeform.h	35		evxErrors cvxPartRuledInit(svxRuledData *data)
cvxPartSTLConvertToFacets	zwapi_part_facets.h	94		evxErrors cvxPartSTLConvertToFacets(const svxSTL *stl, svxFacets *facets)
cvxPartScale	zwapi_cmd_shape.h	337	@deprecated	evxErrors cvxPartScale(int Count, int *idEnts, double X_scale, double Y_scale, double Z_scale, int idDatum)
cvxPartScale2	zwapi_cmd_shape.h	340		evxErrors cvxPartScale2(int Count, int *idEnts, double X_scale, double Y_scale, double Z_scale, int idDatum, svxPoint *CentPnt)
cvxPartSelfX	zwapi_cmd_shape.h	243		evxErrors cvxPartSelfX(const svxPartSelfX *data, int *idShape)
cvxPartSelfXInit	zwapi_cmd_shape.h	240		evxErrors cvxPartSelfXInit(svxPartSelfX *data)
cvxPartSetCustomStr	zwapi_part_attribute.h	91		evxErrors cvxPartSetCustomStr(int idEnt, const char *CustomString, int *idStr)
cvxPartSetFaceAt	zwapi_brep_face.h	38	@deprecated	evxErrors cvxPartSetFaceAt(int count, int *idFaces, const svxFaceAt *at)
cvxPartSetFaceAtInit	zwapi_brep_face.h	35		evxErrors cvxPartSetFaceAtInit(svxFaceAt *data)
cvxPartSetFaceDir	zwapi_cmd_freeform.h	77		evxErrors cvxPartSetFaceDir(int count, int *idFaces, const svxVector *dir)
cvxPartSetFaceTx	zwapi_brep_face.h	41	@deprecated	evxErrors cvxPartSetFaceTx(int idFace, const svxTextureAt *tx)
cvxPartSew	zwapi_math_nurbscurve.h	76	@deprecated	evxErrors cvxPartSew(double Tol, int *OpenEdges, double *MaxGap)
cvxPartSewForce	zwapi_cmd_freeform.h	101		evxErrors cvxPartSewForce(double Tol)
cvxPartShapeFaceOffset	zwapi_cmd_shape.h	188		evxErrors cvxPartShapeFaceOffset(svxFaceOffData *Offset, int *idOffset)
cvxPartShapeFaceOffsetInit	zwapi_cmd_shape.h	185		evxErrors cvxPartShapeFaceOffsetInit(svxFaceOffData *data)
cvxPartShapeStructGet	zwapi_brep_shape.h	37		evxErrors cvxPartShapeStructGet(int idShape, svxWeldAttr *at)
cvxPartShell	zwapi_cmd_shape.h	194		evxErrors cvxPartShell(const svxShellData *Shell, int *idShell)
cvxPartShellInit	zwapi_cmd_shape.h	191		evxErrors cvxPartShellInit(svxShellData *data)
cvxPartShowAll	zwapi_part_view.h	32		void cvxPartShowAll(void)
cvxPartShowPartAt	zwapi_part_attribute.h	43		evxErrors cvxPartShowPartAt(const vxLongPath File, const vxRootName Root)
cvxPartShowPreview	zwapi_part_view.h	42		evxErrors cvxPartShowPreview(const vxLongPath fileName, const vxRootName rootName)
cvxPartShowTarg	zwapi_part_view.h	39		void cvxPartShowTarg(void)
cvxPartSimplify	zwapi_cmd_shape.h	225	@deprecated	evxErrors cvxPartSimplify(int numEnts, int *idEnts, int *idSimplify)
cvxPartSkIns	zwapi_cmd_sk_create.h	14		evxErrors cvxPartSkIns(const vxLongPath File, const vxRootName Name, svxMatrix *Plane, int *idSketch)
cvxPartSkIns2	zwapi_cmd_sk_create.h	20		evxErrors cvxPartSkIns2(const vxLongPath File, const vxRootName Name, int idPlane, int iAsso, int *idSketch)
cvxPartSkNew	zwapi_cmd_sk_create.h	23		evxErrors cvxPartSkNew(svxMatrix *Plane, int *idSketch)
cvxPartSkPlane	zwapi_cmd_sk_create.h	26		evxErrors cvxPartSkPlane(svxSketchData *SkData, int *idSketch)
cvxPartSmdAtGet	zwapi_part_sheetmetal_attribute.h	15		evxErrors cvxPartSmdAtGet(svxSmdAt *at)
cvxPartSmdAtSet	zwapi_part_sheetmetal_attribute.h	21		evxErrors cvxPartSmdAtSet(const svxSmdAt *at)
cvxPartSmdBendTaper	zwapi_cmd_sheetmetal.h	114		evxErrors cvxPartSmdBendTaper(const svxSmdBendTaperData *data, int *idFtr)
cvxPartSmdBendTaperDefDataInit	zwapi_cmd_sheetmetal.h	108		evxErrors cvxPartSmdBendTaperDefDataInit(int taperType, svxSmdBendTaperDefData *data)
cvxPartSmdBendTaperInit	zwapi_cmd_sheetmetal.h	111		evxErrors cvxPartSmdBendTaperInit(evxSmdTaperSideMethod method, svxSmdBendTaperData *data)
cvxPartSmdChangeBend	zwapi_cmd_sheetmetal.h	181		evxErrors cvxPartSmdChangeBend(const svxSmdChangeBendData *data, int *idFtr)
cvxPartSmdChangeBendInit	zwapi_cmd_sheetmetal.h	178		evxErrors cvxPartSmdChangeBendInit(evxSmdChangeBendType type, svxSmdChangeBendData *data)
cvxPartSmdCloseCorner	zwapi_cmd_sheetmetal.h	130		evxErrors cvxPartSmdCloseCorner(const svxCloseCornerData *CornerData, int *idSmdCorner)
cvxPartSmdCloseCornerInit	zwapi_cmd_sheetmetal.h	123		evxErrors cvxPartSmdCloseCornerInit(int type, svxCloseCornerData *data)
cvxPartSmdDimple	zwapi_cmd_sheetmetal.h	140		evxErrors cvxPartSmdDimple(svxDimpleData *Dimple, int *idDimple)
cvxPartSmdDimpleInit	zwapi_cmd_sheetmetal.h	133		evxErrors cvxPartSmdDimpleInit(svxDimpleData *data)
cvxPartSmdExtendFlange	zwapi_cmd_sheetmetal.h	99		evxErrors cvxPartSmdExtendFlange(const svxSmdExtendFlangeData *data, int *idFtr)
cvxPartSmdExtendFlangeInit	zwapi_cmd_sheetmetal.h	92		evxErrors cvxPartSmdExtendFlangeInit(evxSmdExtendFlangeMethod type, svxSmdExtendFlangeData *data)
cvxPartSmdExtrudeFlange	zwapi_cmd_sheetmetal.h	29		evxErrors cvxPartSmdExtrudeFlange(const svxExtrudeFlangeData *data, int *idExtFlange)
cvxPartSmdExtrudeFlangeinit	zwapi_cmd_sheetmetal.h	26		evxErrors cvxPartSmdExtrudeFlangeinit(svxExtrudeFlangeData *data)
cvxPartSmdExtrudeTab	zwapi_cmd_sheetmetal.h	23		evxErrors cvxPartSmdExtrudeTab(const svxSmdExtrudeTabData *data, int *idExtTab)
cvxPartSmdExtrudeTabInit	zwapi_cmd_sheetmetal.h	15		evxErrors cvxPartSmdExtrudeTabInit(svxSmdExtrudeTabData *data)
cvxPartSmdFlange	zwapi_cmd_sheetmetal.h	105		evxErrors cvxPartSmdFlange(const svxSmdFlangeData *data, int *idFlange)
cvxPartSmdFlangeInit	zwapi_cmd_sheetmetal.h	102		evxErrors cvxPartSmdFlangeInit(svxSmdFlangeData *data)
cvxPartSmdFlatPatternExport	zwapi_file.h	135		evxErrors cvxPartSmdFlatPatternExport(int idFlatten, const vxLongPath filePath, const svxDWGData *data)
cvxPartSmdFlatSolidExport	zwapi_file.h	132		evxErrors cvxPartSmdFlatSolidExport(int idFlatten, evxExportType type, const vxLongPath filePath, void *data)
cvxPartSmdFlatten	zwapi_cmd_sheetmetal.h	169		evxErrors cvxPartSmdFlatten(const svxSmdFlattenData *data, int *idFtr)
cvxPartSmdFlattenInit	zwapi_cmd_sheetmetal.h	165		evxErrors cvxPartSmdFlattenInit(svxSmdFlattenData *data)
cvxPartSmdFold	zwapi_cmd_sheetmetal.h	155		evxErrors cvxPartSmdFold(const svxFoldData *Fold, int *idSmdFold)
cvxPartSmdFoldByLine	zwapi_cmd_sheetmetal.h	83		evxErrors cvxPartSmdFoldByLine(const svxSmdFoldByLineData *data, int *idFbl)
cvxPartSmdFoldByLineInit	zwapi_cmd_sheetmetal.h	80		evxErrors cvxPartSmdFoldByLineInit(svxSmdFoldByLineData *data)
cvxPartSmdFullFlange	zwapi_cmd_sheetmetal.h	43		evxErrors cvxPartSmdFullFlange(const svxSmdFullFlangeData *data, int *idFull)
cvxPartSmdFullFlangeInit	zwapi_cmd_sheetmetal.h	40		evxErrors cvxPartSmdFullFlangeInit(svxSmdFullFlangeData *data)
cvxPartSmdHemFlange	zwapi_cmd_sheetmetal.h	64		evxErrors cvxPartSmdHemFlange(const svxSmdHemFlangeData *data, int *idHem)
cvxPartSmdHemFlangeInit	zwapi_cmd_sheetmetal.h	61		evxErrors cvxPartSmdHemFlangeInit(int hemType, svxSmdHemFlangeData *data)
cvxPartSmdJog	zwapi_cmd_sheetmetal.h	89		evxErrors cvxPartSmdJog(const svxSmdJogData *data, int *idJog)
cvxPartSmdJogInit	zwapi_cmd_sheetmetal.h	86		evxErrors cvxPartSmdJogInit(svxSmdJogData *data)
cvxPartSmdLftFlange	zwapi_cmd_sheetmetal.h	71		evxErrors cvxPartSmdLftFlange(const svxSmdLoftedFlangeData *data, int *idLft)
cvxPartSmdLftFlangeInit	zwapi_cmd_sheetmetal.h	67		evxErrors cvxPartSmdLftFlangeInit(evxSmdLftFlangeMethod method, svxSmdLoftedFlangeData *data)
cvxPartSmdLnUnfold	zwapi_cmd_sheetmetal.h	175		evxErrors cvxPartSmdLnUnfold(const svxSmdLinearUnfoldData *data, int *idFtr)
cvxPartSmdLnUnfoldInit	zwapi_cmd_sheetmetal.h	172		evxErrors cvxPartSmdLnUnfoldInit(svxSmdLinearUnfoldData *data)
cvxPartSmdLouver	zwapi_cmd_sheetmetal.h	146		evxErrors cvxPartSmdLouver(const svxLouverData *LouverData, int *idSmdLouver)
cvxPartSmdLouverInit	zwapi_cmd_sheetmetal.h	143		evxErrors cvxPartSmdLouverInit(svxLouverData *data)
cvxPartSmdMarkBend	zwapi_cmd_sheetmetal.h	196		evxErrors cvxPartSmdMarkBend(const svxSmdMarkBendData *data, int *idFtr)
cvxPartSmdMarkBendInit	zwapi_cmd_sheetmetal.h	193		evxErrors cvxPartSmdMarkBendInit(svxSmdMarkBendData *data)
cvxPartSmdNormalCut	zwapi_cmd_sheetmetal.h	120		evxErrors cvxPartSmdNormalCut(const svxNormalCutData *pData, int *numShape, int **idShapes)
cvxPartSmdNormalCutinit	zwapi_cmd_sheetmetal.h	117		evxErrors cvxPartSmdNormalCutinit(svxNormalCutData *data)
cvxPartSmdPartialFlange	zwapi_cmd_sheetmetal.h	58		evxErrors cvxPartSmdPartialFlange(const svxSmdPartialFlangeData *data, int *idPartial)
cvxPartSmdPartialFlangeInit	zwapi_cmd_sheetmetal.h	55		evxErrors cvxPartSmdPartialFlangeInit(svxSmdPartialFlangeData *data)
cvxPartSmdProfFlange	zwapi_cmd_sheetmetal.h	52		evxErrors cvxPartSmdProfFlange(const svxSmdFlangeProfData *data, int *idFlange)
cvxPartSmdProfFlangeInit	zwapi_cmd_sheetmetal.h	49		evxErrors cvxPartSmdProfFlangeInit(svxSmdFlangeProfData *data)
cvxPartSmdProfFlangeProfMatInit	zwapi_cmd_sheetmetal.h	46		evxErrors cvxPartSmdProfFlangeProfMatInit(int idEdge, double angle, svxMatrix *skMat)
cvxPartSmdPunch	zwapi_cmd_sheetmetal.h	152		evxErrors cvxPartSmdPunch(const svxPunchData *pData, int *idFeature)
cvxPartSmdPunchInit	zwapi_cmd_sheetmetal.h	149		evxErrors cvxPartSmdPunchInit(svxPunchData *data)
cvxPartSmdReliefDataInit	zwapi_cmd_sheetmetal.h	32		evxErrors cvxPartSmdReliefDataInit(svxSmdReliefData *data)
cvxPartSmdRip	zwapi_cmd_sheetmetal.h	190		evxErrors cvxPartSmdRip(const svxSmdRipData *data, int *idFtr)
cvxPartSmdRipInit	zwapi_cmd_sheetmetal.h	184		evxErrors cvxPartSmdRipInit(svxSmdRipData *data)
cvxPartSmdStatFaceSet	zwapi_part_sheetmetal_attribute.h	43		evxErrors cvxPartSmdStatFaceSet(int idFace, int *idFtr)
cvxPartSmdSweptFlange	zwapi_cmd_sheetmetal.h	77		evxErrors cvxPartSmdSweptFlange(const svxSmdSweptFlangeData *data, int *idSwept)
cvxPartSmdSweptFlangeInit	zwapi_cmd_sheetmetal.h	74		evxErrors cvxPartSmdSweptFlangeInit(evxSmdCornerRelief corType, svxSmdSweptFlangeData *data)
cvxPartSmdUnfold	zwapi_cmd_sheetmetal.h	162		evxErrors cvxPartSmdUnfold(const svxUnfoldData *Unfold, int *idSmdUnfold)
cvxPartSphere	zwapi_cmd_shape.h	42		evxErrors cvxPartSphere(svxSphereData *Sphere, int *idShape)
cvxPartSphereInit	zwapi_cmd_shape.h	39		evxErrors cvxPartSphereInit(svxSphereData *data)
cvxPartSpiralCurve	zwapi_cmd_wireframe.h	144		evxErrors cvxPartSpiralCurve(const svxSpiralCrvData *data, int *idEnt)
cvxPartSpiralSweep	zwapi_cmd_shape.h	72	@deprecated	evxErrors cvxPartSpiralSweep(const svxSpiralSweepData *SpiralSwp, int *idShape)
cvxPartSpiralSweepInit	zwapi_cmd_shape.h	69	@deprecated	evxErrors cvxPartSpiralSweepInit(svxSpiralSweepData *data)
cvxPartSpline	zwapi_cmd_wireframe.h	93	@deprecated	evxErrors cvxPartSpline(const svxSplineData *PntData, int *idEnt)
cvxPartSplineInit	zwapi_cmd_wireframe.h	87		evxErrors cvxPartSplineInit(svxSplineData *data, int count)
cvxPartSplitWithCrv	zwapi_cmd_freeform.h	119		evxErrors cvxPartSplitWithCrv(const svxSplitWithCrvData *data, int *idFtr)
cvxPartSplitWithCrvInit	zwapi_cmd_freeform.h	116		evxErrors cvxPartSplitWithCrvInit(svxSplitWithCrvData *data)
cvxPartStock	zwapi_cmd_shape.h	175		evxErrors cvxPartStock(svxStockData *Stock, int *idShape)
cvxPartStockInit	zwapi_cmd_shape.h	172		evxErrors cvxPartStockInit(svxStockData *data)
cvxPartStretch	zwapi_cmd_shape.h	270		evxErrors cvxPartStretch(const svxStretchData *Stretch, int *idStretch)
cvxPartStretchInit	zwapi_cmd_shape.h	267		evxErrors cvxPartStretchInit(svxStretchData *data)
cvxPartSweep	zwapi_cmd_shape.h	66	@deprecated	evxErrors cvxPartSweep(svxSweepData *Swp, void *Options, int *idShape)
cvxPartSweepInit	zwapi_cmd_shape.h	63		evxErrors cvxPartSweepInit(svxSweepData *data)
cvxPartTaper	zwapi_cmd_shape.h	264		evxErrors cvxPartTaper(const svxTaperData *Taper, int *idTaper)
cvxPartTaperInit	zwapi_cmd_shape.h	261		evxErrors cvxPartTaperInit(svxTaperData *data)
cvxPartThicken	zwapi_cmd_shape.h	200		evxErrors cvxPartThicken(svxThickenData *Thicken, int *idShape)
cvxPartThickenInit	zwapi_cmd_shape.h	197		evxErrors cvxPartThickenInit(svxThickenData *data)
cvxPartThreadAt	zwapi_cmd_shape.h	163		evxErrors cvxPartThreadAt(int idFace, svxPoint *Pnt, svxThreadData *Thread)
cvxPartThreadAtInit	zwapi_cmd_shape.h	160		evxErrors cvxPartThreadAtInit(svxThreadData *data)
cvxPartTrim	zwapi_cmd_shape.h	222	@deprecated	evxErrors cvxPartTrim(svxTrimData *Trim, int *numShape, int **idShapes)
cvxPartTrimInit	zwapi_cmd_shape.h	219	@deprecated	evxErrors cvxPartTrimInit(svxTrimData *data)
cvxPartTrimToCrvs	zwapi_cmd_freeform.h	74		evxErrors cvxPartTrimToCrvs(const svxTrimToCurvesData *trimData, int *idTrim)
cvxPartTrimToFaces	zwapi_cmd_freeform.h	71		evxErrors cvxPartTrimToFaces(const svxTrimToFacesData *data, int *idTrim)
cvxPartTrimToFacesInit	zwapi_cmd_freeform.h	68		evxErrors cvxPartTrimToFacesInit(svxTrimToFacesData *data)
cvxPartTrimmedPlane	zwapi_cmd_freeform.h	32		evxErrors cvxPartTrimmedPlane(svxTrimPlnData *data, int *newShp)
cvxPartTrimmedPlaneInit	zwapi_cmd_freeform.h	29		evxErrors cvxPartTrimmedPlaneInit(svxTrimPlnData *data)
cvxPartTwist	zwapi_cmd_shape.h	258		evxErrors cvxPartTwist(const svxTwistData *Twist, int *idTwist)
cvxPartTwistInit	zwapi_cmd_shape.h	252		evxErrors cvxPartTwistInit(svxTwistData *data)
cvxPartUDFExplode	zwapi_cmd_udf.h	26		evxErrors cvxPartUDFExplode(int idFtr)
cvxPartUDFInit	zwapi_cmd_udf.h	14		evxErrors cvxPartUDFInit(const vxLongPath udfPath)
cvxPartUDFInqFlds	zwapi_cmd_udf.h	20		evxErrors cvxPartUDFInqFlds(int *cnt, svxUDFParam **fldParams)
cvxPartUDFInqLongPath	zwapi_cmd_udf.h	36		evxErrors cvxPartUDFInqLongPath(int idFtr, char *file, int sizefile)
cvxPartUDFInqPath	zwapi_cmd_udf.h	29		evxErrors cvxPartUDFInqPath(int idFtr, vxPath file)
cvxPartUDFInqSubFtrs	zwapi_cmd_udf.h	39		evxErrors cvxPartUDFInqSubFtrs(int idFtr, int *count, int **ftrList)
cvxPartUDFInsPathGet	zwapi_cmd_udf.h	64		evxErrors cvxPartUDFInsPathGet(vxPath Dir)
cvxPartUDFInsPathGetByLongPath	zwapi_cmd_udf.h	67		evxErrors cvxPartUDFInsPathGetByLongPath(char *Dir, int sizeDir)
cvxPartUDFInsPathSet	zwapi_cmd_udf.h	55		evxErrors cvxPartUDFInsPathSet(const vxLongPath path)
cvxPartUDFReplace	zwapi_cmd_udf.h	45		evxErrors cvxPartUDFReplace(int idFtr, const vxLongPath file)
cvxPartUDFTerm	zwapi_cmd_udf.h	23		void cvxPartUDFTerm()
cvxPartUDFWizardPathGet	zwapi_cmd_udf.h	58		evxErrors cvxPartUDFWizardPathGet(vxPath Dir)
cvxPartUDFWizardPathGetByLongPath	zwapi_cmd_udf.h	61		evxErrors cvxPartUDFWizardPathGetByLongPath(char *Dir, int sizeDir)
cvxPartUDFWizardPathSet	zwapi_cmd_udf.h	48		evxErrors cvxPartUDFWizardPathSet(const vxLongPath path)
cvxPartUserAtExport	zwapi_part_attribute.h	88		evxErrors cvxPartUserAtExport(const vxLongPath filePath)
cvxPartUserAtGet	zwapi_part_attribute.h	82	@deprecated	evxErrors cvxPartUserAtGet(const vxLongPath File, const vxRootName Root, int *Count, svxAttribute **UserAt)
cvxPartUserAtSet	zwapi_part_attribute.h	85	@deprecated	evxErrors cvxPartUserAtSet(const vxLongPath File, const vxRootName Root, int DelOrgAt, int Count, svxAttribute *UserAt)
cvxPartVarAdd	zwapi_part_var.h	23		evxErrors cvxPartVarAdd(svxVariable *Variable)
cvxPartVarAddToEqnSet	zwapi_part_var.h	41	@deprecated	evxErrors cvxPartVarAddToEqnSet(int idEqnSet, int cnt, const svxVariable *vars)
cvxPartVarGet	zwapi_part_var.h	29		evxErrors cvxPartVarGet(svxVariable *Variable)
cvxPartVarGetById	zwapi_part_var.h	32		evxErrors cvxPartVarGetById(int idEqn, svxVariable *Variable)
cvxPartVarSet	zwapi_part_var.h	35	@deprecated	evxErrors cvxPartVarSet(int Count, svxVariable *Variables, int Working)
cvxPartVarSubstitute	zwapi_var.h	44		evxErrors cvxPartVarSubstitute(char *Str, int nBytes, int *Truncated)
cvxPartVarSubstituteResize	zwapi_var.h	50		evxErrors cvxPartVarSubstituteResize(char **Str)
cvxPartViewAdd	zwapi_part_view.h	26		evxErrors cvxPartViewAdd(svxView *View, int *idView)
cvxPartViewAddInit	zwapi_part_view.h	23		evxErrors cvxPartViewAddInit(svxView *data)
cvxPartViewRecord	zwapi_part_view.h	29		evxErrors cvxPartViewRecord(int idView, svxView *View)
cvxPartVolumAndMassGet	zwapi_part_attribute.h	28		evxErrors cvxPartVolumAndMassGet(vxRootName Name, double *dVolume, double *dMass)
cvxPathAdd	zwapi_file_path.h	14		evxErrors cvxPathAdd(const vxLongPath SearchDirectory)
cvxPathAddApiPath	zwapi_file_path.h	23		evxErrors cvxPathAddApiPath(vxName LibName, char *SubFolder)
cvxPathApiLib	zwapi_file_path.h	59		int cvxPathApiLib(vxName LibName, vxPath LibDirectory)
cvxPathApiLibByLongPath	zwapi_file_path.h	66		int cvxPathApiLibByLongPath(const vxName LibName, char *LibDirectory, int sizeLib)
cvxPathCheck	zwapi_file_path.h	32		evxErrors cvxPathCheck(const vxLongPath srcPath, char *desPath, int sizedes)
cvxPathCheckActiveOnlyGet	zwapi_file_path.h	126		int cvxPathCheckActiveOnlyGet()
cvxPathCheckActiveOnlySet	zwapi_file_path.h	123		void cvxPathCheckActiveOnlySet(int Value)
cvxPathCompose	zwapi_file_path.h	26		evxErrors cvxPathCompose(vxPath Path, const char *File)
cvxPathComposeByLongPath	zwapi_file_path.h	29		evxErrors cvxPathComposeByLongPath(char *Path, int sizePath, const char *Name)
cvxPathDel	zwapi_file_path.h	44	@deprecated	void cvxPathDel(const vxLongPath Path)
cvxPathDelAll	zwapi_file_path.h	50		void cvxPathDelAll(void)
cvxPathDelim	zwapi_file_path.h	53		void cvxPathDelim(vxPath Path)
cvxPathDelimByLongPath	zwapi_file_path.h	56		void cvxPathDelimByLongPath(char *Path, int sizePath)
cvxPathDir	zwapi_file_path.h	68		void cvxPathDir(vxPath FullPath, vxPath Directory)
cvxPathDirByLongPath	zwapi_file_path.h	71		void cvxPathDirByLongPath(const vxLongPath FullPath, char *Directory, int sizeDir)
cvxPathFile	zwapi_file_path.h	74		void cvxPathFile(vxPath FullPath, vxPath FileName)
cvxPathFile2	zwapi_file_path.h	80		void cvxPathFile2(char *FullPath, int MaxNameLen, char *FileName)
cvxPathFileByLongPath	zwapi_file_path.h	77		void cvxPathFileByLongPath(const vxLongPath fullPath, char *fileName, int sizeFile)
cvxPathFind	zwapi_file_path.h	83		int cvxPathFind(const vxName FileName, vxPath FullPath)
cvxPathFindByFileName	zwapi_file_path.h	89		int cvxPathFindByFileName(const char *fileName, char *fullPath, int sizeFullPath)
cvxPathFindByLongPath	zwapi_file_path.h	86		int cvxPathFindByLongPath(const vxName FileName, char *FullPath, int sizeFull)
cvxPathInstall	zwapi_file_path.h	92		void cvxPathInstall(vxPath InstallDirectory)
cvxPathInstallByLongPath	zwapi_file_path.h	95		void cvxPathInstallByLongPath(char *InstallDirectory, int sizeIns)
cvxPathIsDebug	zwapi_file_path.h	110		int cvxPathIsDebug(const char *FolderName)
cvxPathSearchBeginAdd	zwapi_file_path.h	20		evxErrors cvxPathSearchBeginAdd(const vxLongPath SearchDirectory)
cvxPathSearchFirst	zwapi_file_path.h	41	@deprecated	void cvxPathSearchFirst(const vxLongPath Directory)
cvxPathSearchGet	zwapi_file_path.h	120		int cvxPathSearchGet()
cvxPathSearchSet	zwapi_file_path.h	113		void cvxPathSearchSet(int Value)
cvxPathSet	zwapi_file_path.h	35		evxErrors cvxPathSet(const vxLongPath path)
cvxPathTemp	zwapi_file_path.h	98		void cvxPathTemp(vxPath Directory)
cvxPathTempByLongPath	zwapi_file_path.h	101		void cvxPathTempByLongPath(char *Directory, int sizeDir)
cvxPathUserFolder	zwapi_file_path.h	104		void cvxPathUserFolder(vxPath Directory)
cvxPathUserFolderByLongPath	zwapi_file_path.h	107		void cvxPathUserFolderByLongPath(char *Directory, int sizeDir)
cvxPickDataClear	zwapi_general_ent.h	99		void cvxPickDataClear()
cvxPlaneDistance	zwapi_math.h	35		evxErrors cvxPlaneDistance(const svxPoint *PntOnPln1, const svxVector *NormalOfPln1, const svxPoint *PntOnPln2, const svxVector *NormalOfPln2, double *Distance)
cvxPlaneGetData	zwapi_part_datum_query.h	28		evxErrors cvxPlaneGetData(int idPlane, svxPlaneData *Plane)
cvxPlanePntDistance	zwapi_math_point.h	48		evxErrors cvxPlanePntDistance(const svxPoint *PlnPnt, const svxVector *PlnNormal, const svxPoint *Point, double *Distance, svxPoint *ProjPnt)
cvxPlnThruPnts	zwapi_math_point.h	51		int cvxPlnThruPnts(int PntCount, svxPoint *PntList, svxVector *Normal, double *D)
cvxPluginRegPathGet	zwapi_global_apply.h	155		evxErrors cvxPluginRegPathGet(vxPath **pathList, int *pCnt, int is64)
cvxPluginRegPathGetByLongPath	zwapi_global_apply.h	161		evxErrors cvxPluginRegPathGetByLongPath(vxLongPath **pathList, int *pCnt, int is64)
cvxPntDist	zwapi_math_point.h	42		double cvxPntDist(const svxPoint *Point1, const svxPoint *Point2)
cvxPntEntDist	zwapi_math_point.h	45		evxErrors cvxPntEntDist(const svxPoint *Point, int idEntity, svxPoint *TargetPnt, double *Distance)
cvxPntEntLoc	zwapi_math_point.h	33	@deprecated	evxErrors cvxPntEntLoc(svxPoint *Pnt, int idEntity, evxPntLocation *PntLoc)
cvxPntIsCritical	zwapi_math_point.h	15		int cvxPntIsCritical(svxPoint *pnt, int idCurve)
cvxPntIsOn	zwapi_math_point.h	21		int cvxPntIsOn(svxPoint *Pnt, int idEntity)
cvxPntOnCrv	zwapi_math_point.h	24		evxErrors cvxPntOnCrv(int idCurve, double Fraction, svxPoint *Point)
cvxPntOnFace	zwapi_math_point.h	27		evxErrors cvxPntOnFace(int idComp, int idFace, double Param[2], svxPoint *Point)
cvxPntProject	zwapi_math_point.h	30		evxErrors cvxPntProject(svxPoint *Pnt, int idEntity, svxPoint *ProjPnt)
cvxPntTransform	zwapi_math_matrix.h	51	@deprecated	void cvxPntTransform(svxMatrix *Mat, svxPoint *Point)
cvxPntTransformList	zwapi_math_matrix.h	57	@deprecated	void cvxPntTransformList(svxMatrix *Mat, int Count, svxPoint *Points)
cvxPntTranslate	zwapi_math_point.h	36	@deprecated	void cvxPntTranslate(svxPoint *Point, svxVector *Vector, double Distance)
cvxPolyToTri	zwapi_math_point.h	57	@deprecated	evxErrors cvxPolyToTri(int PntCount, svxPoint *PntList, int *VtxCount, int **VtxList)
cvxPopupDefine	zwapi_ui_popupform.h	20		evxErrors cvxPopupDefine(const char *name)
cvxPopupItemActionGet	zwapi_ui_popupform.h	59		evxErrors cvxPopupItemActionGet(const char *name, int item, char *Action, int nByte)
cvxPopupItemCheckedGet	zwapi_ui_popupform.h	68		evxErrors cvxPopupItemCheckedGet(const char *name, int group, int item, int *Check)
cvxPopupItemIsExist	zwapi_ui_popupform.h	48		int cvxPopupItemIsExist(const char *name, const char *action)
cvxPopupItemLabelGet	zwapi_ui_popupform.h	65		evxErrors cvxPopupItemLabelGet(const char *name, int item, char *Label, int nByte)
cvxPopupItemRemove	zwapi_ui_popupform.h	56		evxErrors cvxPopupItemRemove(const char *name, int index)
cvxPopupItemSetAction	zwapi_ui_popupform.h	62		evxErrors cvxPopupItemSetAction(const char *name, int index, const char *Action)
cvxPopupItemSetCheckedByAction	zwapi_ui_popupform.h	80		evxErrors cvxPopupItemSetCheckedByAction(const char *name, const char *action, int checked)
cvxPopupItemSetEnabledByAction	zwapi_ui_popupform.h	77		evxErrors cvxPopupItemSetEnabledByAction(const char *name, const char *action, int enabled)
cvxPopupItemSetVisibleByAction	zwapi_ui_popupform.h	74		evxErrors cvxPopupItemSetVisibleByAction(const char *name, const char *action, int visible)
cvxPopupItemVisibleGet	zwapi_ui_popupform.h	71		evxErrors cvxPopupItemVisibleGet(const char *name, int item, int *Visible)
cvxPopupMenuCnt	zwapi_ui_popupform.h	29		evxErrors cvxPopupMenuCnt(const char *Name, int *cnt)
cvxPopupSetVisible	zwapi_ui_popupform.h	26		evxErrors cvxPopupSetVisible(const char *sName, int visible)
cvxPopupShow	zwapi_ui_popupform.h	14		int cvxPopupShow(const char *sName)
cvxPopupSubMenuActionsRemove	zwapi_ui_popupform.h	42		evxErrors cvxPopupSubMenuActionsRemove(const char *Name, const char *Sub, int iFirst, int iLast)
cvxPopupSubMenuCnt	zwapi_ui_popupform.h	36		evxErrors cvxPopupSubMenuCnt(const char *Name, const char *Sub, int *cnt)
cvxPopupSubMenuItemRemove	zwapi_ui_popupform.h	39		evxErrors cvxPopupSubMenuItemRemove(const char *Name, const char *Sub, int index)
cvxPopupSubMenuSetVisible	zwapi_ui_popupform.h	45		evxErrors cvxPopupSubMenuSetVisible(const char *name, const char *sub, int visible)
cvxPopupUpdate	zwapi_ui_popupform.h	23		evxErrors cvxPopupUpdate(const char *Name)
cvxProgress	zwapi_ui_guiset.h	57		void cvxProgress(int iprogress)
cvxPromptDisable	zwapi_message.h	41		void cvxPromptDisable(void)
cvxPromptEnable	zwapi_message.h	44		void cvxPromptEnable(void)
cvxPtnDataInit	zwapi_cmd_shape.h	279		evxErrors cvxPtnDataInit(evxPatternType type, svxPtnData *data)
cvxPtnParameterTableVariableGet	zwapi_cmd_shape.h	349		evxErrors cvxPtnParameterTableVariableGet(int idPatternFeature, int *paramTblType, svxPtnVarTbl **valTbl, int *columnNumber)
cvxPtnParameterTableVariableSet	zwapi_cmd_shape.h	352		evxErrors cvxPtnParameterTableVariableSet(int idPatternFeature, int row, int column, double value)
cvxPtnSpacingTableVariableGet	zwapi_cmd_shape.h	343		evxErrors cvxPtnSpacingTableVariableGet(int idPatternFeature, int spacingType, double **varList, int *varNumber)
cvxPtnSpacingTableVariableSet	zwapi_cmd_shape.h	346		evxErrors cvxPtnSpacingTableVariableSet(int idPatternFeature, int spacingType, const double *varList, int varNumber)
cvxPtnVarTblInit	zwapi_cmd_shape.h	289		evxErrors cvxPtnVarTblInit(int firstNum, int secondNum, const char *dimName, svxPtnVarTbl *ptnVarTbl)
cvxPtnVarTblMemFree	zwapi_cmd_shape.h	355		evxErrors cvxPtnVarTblMemFree(svxPtnVarTbl **valTbl, int columnNumber)
cvxReadyTextFree	zwapi_sk_objs.h	125		void cvxReadyTextFree(svxReadyText *RdText)
cvxRibbonSetStatus	zwapi_ui_ribbon.h	16		void cvxRibbonSetStatus(int enable)
cvxRootActivate	zwapi_root.h	41		evxErrors cvxRootActivate(vxRootName Name)
cvxRootActivate2	zwapi_root.h	47		evxErrors cvxRootActivate2(const vxLongPath File, const vxRootName Name)
cvxRootActivateLoadAsmCtx	zwapi_root.h	50		evxErrors cvxRootActivateLoadAsmCtx(const vxLongPath File, const vxRootName Name, int isLoad)
cvxRootAdd	zwapi_root.h	53		evxErrors cvxRootAdd(evxRootType Type, vxRootName Name, const char *Template)
cvxRootAdd2	zwapi_root.h	59		evxErrors cvxRootAdd2(evxRootType Type, vxRootName Name, const char *Template, char *Description)
cvxRootAdd2Bg	zwapi_root.h	62		int cvxRootAdd2Bg(evxRootType Type, vxRootName Name)
cvxRootAtItemGet	zwapi_root.h	151		evxErrors cvxRootAtItemGet(const vxLongPath file, const vxRootName root, evxAtItemId itemId, svxAttribute *at)
cvxRootAtItemSet	zwapi_root.h	154		evxErrors cvxRootAtItemSet(const vxLongPath file, const vxRootName root, evxAtItemId itemId, svxAttribute *at)
cvxRootCopy	zwapi_root.h	65		evxErrors cvxRootCopy(const vxLongPath SourceFile, const vxRootName SourceName, const vxLongPath DestFile, vxRootName DestName, int Overwrite, int UpdateUid)
cvxRootCustomDataAdd	zwapi_root.h	166		evxErrors cvxRootCustomDataAdd(const vxLongPath file, const vxRootName root, const char *data, int *idCustomData)
cvxRootCustomDataDel	zwapi_root.h	163		evxErrors cvxRootCustomDataDel(const vxLongPath file, vxRootName objName)
cvxRootCustomDataDelById	zwapi_root.h	181		evxErrors cvxRootCustomDataDelById(const vxLongPath file, const vxRootName root, int count, const int *idCustomDatas)
cvxRootCustomDataGet	zwapi_root.h	160		evxErrors cvxRootCustomDataGet(const vxLongPath file, const vxRootName objName, char **data, int *dataLength)
cvxRootCustomDataGetAll	zwapi_root.h	172		evxErrors cvxRootCustomDataGetAll(const vxLongPath file, const vxRootName root, int *count, char ***data)
cvxRootCustomDataGetById	zwapi_root.h	175		evxErrors cvxRootCustomDataGetById(const vxLongPath file, const vxRootName root, int idCustomData, char **data)
cvxRootCustomDataModById	zwapi_root.h	178		evxErrors cvxRootCustomDataModById(const vxLongPath file, const vxRootName root, int idCustomData, const char *data)
cvxRootCustomDataSet	zwapi_root.h	157		evxErrors cvxRootCustomDataSet(const vxLongPath file, vxRootName objName, char *data, int dataLength)
cvxRootDel	zwapi_root.h	69		evxErrors cvxRootDel(vxRootName Name)
cvxRootExit	zwapi_root.h	72		void cvxRootExit(void)
cvxRootId	zwapi_root.h	75		evxErrors cvxRootId(vxRootName Name, int *idRoot, evxRootType *Type)
cvxRootInqActive	zwapi_root.h	82		void cvxRootInqActive(char *Name, int nBytes)
cvxRootInqAsm	zwapi_root.h	85		evxErrors cvxRootInqAsm(char *Name, int nBytes)
cvxRootInqCustomData	zwapi_root.h	169		evxErrors cvxRootInqCustomData(const vxLongPath file, const vxRootName root, int *count, int **idCustomDatas)
cvxRootInqMod	zwapi_root.h	88		evxErrors cvxRootInqMod(int *mod)
cvxRootInqModByName	zwapi_root.h	91		evxErrors cvxRootInqModByName(const vxLongPath fileName, const vxRootName rootName, int *Mod)
cvxRootInqModSinceRegen	zwapi_root.h	94		evxErrors cvxRootInqModSinceRegen(int *mod)
cvxRootInqSheetMetal	zwapi_root.h	148		evxErrors cvxRootInqSheetMetal(const vxLongPath file, const vxRootName part, int *shtMetal)
cvxRootInqSymbol	zwapi_root.h	97		evxErrors cvxRootInqSymbol(const vxLongPath file, int *iCount, vxRootName **names)
cvxRootIsAsm	zwapi_root.h	100		evxErrors cvxRootIsAsm(const vxLongPath File, const vxRootName Part, int *isAsm)
cvxRootList	zwapi_root.h	103		evxErrors cvxRootList(const vxLongPath File, int *Count, vxRootName **Names)
cvxRootPreviewGet	zwapi_root.h	106		evxPreviewMode cvxRootPreviewGet(void)
cvxRootPreviewSet	zwapi_root.h	109		void cvxRootPreviewSet(evxPreviewMode Mode, const vxLongPath File, vxRootName Object)
cvxRootRename	zwapi_root.h	115		evxErrors cvxRootRename(vxRootName Name, vxRootName NewName, int Update)
cvxRootRename2	zwapi_root.h	122		evxErrors cvxRootRename2(vxRootName Name, vxRootName NewName, char *Descript, int Update)
cvxRootRenameMulti	zwapi_root.h	125		evxErrors cvxRootRenameMulti(int Count, const vxPath *FileName, const vxRootName *RootName, const vxPath *NewFileName, const vxRootName *NewRootName, int fDelOriginal)
cvxRootRenameMultiByLongPath	zwapi_root.h	129		evxErrors cvxRootRenameMultiByLongPath(int Count, const vxLongPath *FileName, const vxRootName *RootName, const vxLongPath *NewFileName, const vxRootName *NewRootName, int fDelOriginal)
cvxRootSeparate	zwapi_root.h	201		evxErrors cvxRootSeparate(svxRootSepData *data)
cvxRootSeparateInit	zwapi_root.h	204		evxErrors cvxRootSeparateInit(svxRootSepData *data)
cvxRootTemplateFile	zwapi_root.h	112		void cvxRootTemplateFile(const vxLongPath File)
cvxRootVarGet	zwapi_root.h	131		evxErrors cvxRootVarGet(vxRootName Name, svxVariable *Variable)
cvxRootVarSet	zwapi_root.h	138		evxErrors cvxRootVarSet(vxRootName Name, int Count, svxVariable *Variables, int Working)
cvxRootVisibility	zwapi_root.h	141		void cvxRootVisibility(vxRootName Name, int Visible)
cvxRoundNumber	zwapi_math.h	15		double cvxRoundNumber(double Num, double Step, double Tol, int Dir)
cvxSessionClear	zwapi_file.h	85		evxErrors cvxSessionClear(void)
cvxSessionRestore	zwapi_file.h	99		evxErrors cvxSessionRestore(void)
cvxSessionSave	zwapi_file.h	95		evxErrors cvxSessionSave(void)
cvxSetMSMMoldInstalled	zwapi_global_apply.h	149		void cvxSetMSMMoldInstalled(int IsInstalled)
cvxSetMSMPressInstalled	zwapi_global_apply.h	152		void cvxSetMSMPressInstalled(int IsInstalled)
cvxSetTitleAppend	zwapi_ui_ribbon.h	22		void cvxSetTitleAppend(const char *pStr)
cvxShellAtGet	zwapi_brep_shape.h	16		evxErrors cvxShellAtGet(int idShape, svxPartAttribute *at)
cvxShellAtItemGet	zwapi_brep_shape.h	22		evxErrors cvxShellAtItemGet(int idShape, evxAtItemId itemId, svxAttribute *at)
cvxShellAtItemSet	zwapi_brep_shape.h	25		evxErrors cvxShellAtItemSet(int idShape, evxAtItemId itemId, svxAttribute *at)
cvxShowDisp	zwapi_display.h	181		void cvxShowDisp(int SlideNumber)
cvxShowOpen	zwapi_display.h	174		void cvxShowOpen(const vxLongPath File)
cvxShtInqSymbol	zwapi_dwg_symbol.h	16		evxErrors cvxShtInqSymbol(evxSymbolType type, int *Count, int **idEnts)
cvxSkActivate	zwapi_sk_objs.h	43		evxErrors cvxSkActivate(int idSketch, int UpdateGUI)
cvxSkAddConsDim	zwapi_cmd_sk_cmds.h	157	@deprecated	evxErrors cvxSkAddConsDim(evxConsDimType type, svxConsDim *pData)
cvxSkAddGeomCons	zwapi_cmd_sk_cmds.h	148		evxErrors cvxSkAddGeomCons(evxGeomConsType type, int subType, int nGeoms, svxConsGeom *geoms, int *Count, int **idCons)
cvxSkAddPerimeterDim	zwapi_cmd_sk_cmds.h	164		evxErrors cvxSkAddPerimeterDim(svxPerimeterDimData *data, int *idDim)
cvxSkAddPolyline	zwapi_cmd_sk_cmds.h	20		evxErrors cvxSkAddPolyline(int cntPnt, svxPoint2 *pnts, int addCns)
cvxSkArc3pt	zwapi_cmd_sk_cmds.h	32		evxErrors cvxSkArc3pt(svxPoint2 *Start, svxPoint2 *End, svxPoint2 *Mid, int *idEnt)
cvxSkArcRad	zwapi_cmd_sk_cmds.h	35	@deprecated	evxErrors cvxSkArcRad(svxPoint2 *Center, double Radius, double Start, double End, int *idEnt)
cvxSkAutoAddCoinCons	zwapi_cmd_sk_cmds.h	151	@deprecated	evxErrors cvxSkAutoAddCoinCons(int idSketch)
cvxSkAutoAddCoinConsSkipRefGeom	zwapi_cmd_sk_cmds.h	154	@deprecated	evxErrors cvxSkAutoAddCoinConsSkipRefGeom(int idSketch, int skipFlag, int solveFlag)
cvxSkAutoCons	zwapi_cmd_sk_cmds.h	141		evxErrors cvxSkAutoCons(svxConsGeom *BasePnt, int Count, int *idEnts)
cvxSkAxis	zwapi_cmd_sk_cmds.h	23		evxErrors cvxSkAxis(const svxSkAxisData *Axis, int *idAxis)
cvxSkBlockActivate	zwapi_sk_objs.h	137		evxErrors cvxSkBlockActivate(int idBlock, int UpdateGUI)
cvxSkBlockGetSketch	zwapi_sk_objs.h	140		evxErrors cvxSkBlockGetSketch(int idBlock, int *idSketch)
cvxSkBlockInqDim	zwapi_sk_objs.h	152		evxErrors cvxSkBlockInqDim(const vxRootName blockName, int *Count, int **idEnts)
cvxSkBlockInqGeom	zwapi_sk_objs.h	146		evxErrors cvxSkBlockInqGeom(const vxRootName blockName, int *Count, int **idEnts)
cvxSkBlockInqGeomX	zwapi_sk_objs.h	155		evxErrors cvxSkBlockInqGeomX(const vxRootName blockName, int *Count, int **idEnts)
cvxSkBlockInqPnt	zwapi_sk_objs.h	149		evxErrors cvxSkBlockInqPnt(const vxRootName blockName, int *Count, int **idEnts)
cvxSkBlockInqRefs	zwapi_sk_objs.h	158		evxErrors cvxSkBlockInqRefs(int idBlock, int *count, int **idEnts)
cvxSkBlockRefGetDefinition	zwapi_sk_objs.h	143		evxErrors cvxSkBlockRefGetDefinition(int idRef, int *idBlock)
cvxSkChamfer	zwapi_cmd_sk_cmds.h	102		evxErrors cvxSkChamfer(const svxSkChamferData *chmData, int *idChamfer)
cvxSkChamferInit	zwapi_cmd_sk_cmds.h	99		evxErrors cvxSkChamferInit(svxSkChamferData *data)
cvxSkCir3pt	zwapi_cmd_sk_cmds.h	26		evxErrors cvxSkCir3pt(svxPoint2 *P1, svxPoint2 *P2, svxPoint2 *P3, int *idEnt)
cvxSkCirRad	zwapi_cmd_sk_cmds.h	29		evxErrors cvxSkCirRad(svxPoint2 *Center, double Radius, int *idEnt)
cvxSkConic3pt	zwapi_cmd_sk_cmds.h	83		evxErrors cvxSkConic3pt(const svxConic3ptData *Data, int *idEnt)
cvxSkConic3ptInit	zwapi_cmd_sk_cmds.h	86		evxErrors cvxSkConic3ptInit(svxConic3ptData *Data)
cvxSkCopy	zwapi_cmd_sk_cmds.h	209		evxErrors cvxSkCopy(const svxSkCopy *data, int *cnt, int **idEnts)
cvxSkCopyInit	zwapi_cmd_sk_cmds.h	206		evxErrors cvxSkCopyInit(evxSkCopyType type, svxSkCopy *data)
cvxSkCrvInt	zwapi_cmd_sk_cmds.h	74		evxErrors cvxSkCrvInt(svxCrvIntData *Crv, int *idEnt)
cvxSkCrvIntInit	zwapi_cmd_sk_cmds.h	65		evxErrors cvxSkCrvIntInit(svxCrvIntData *data)
cvxSkCrvIntScaleInit	zwapi_cmd_sk_cmds.h	71		evxErrors cvxSkCrvIntScaleInit(int nPnt, const svxPoint *pPnts, double *startScale, double *endScale)
cvxSkDelBowties	zwapi_cmd_sk_cmds.h	132	@deprecated	evxErrors cvxSkDelBowties(const int numCrv, const int *idCrv)
cvxSkEllipse	zwapi_cmd_sk_cmds.h	41	@deprecated	evxErrors cvxSkEllipse(svxEllipse *ellipse, int *idEnt)
cvxSkEllipseInit	zwapi_cmd_sk_cmds.h	38	@deprecated	evxErrors cvxSkEllipseInit(svxEllipse *data)
cvxSkEntWireType	zwapi_sk_objs.h	104		evxErrors cvxSkEntWireType(int entId, int *type)
cvxSkFillet	zwapi_cmd_sk_cmds.h	96		evxErrors cvxSkFillet(const svxSkFilletData *filletData, int *idFillet)
cvxSkFilletInit	zwapi_cmd_sk_cmds.h	89		evxErrors cvxSkFilletInit(svxSkFilletData *data)
cvxSkGridSpacingGet	zwapi_global_apply.h	71		evxErrors cvxSkGridSpacingGet(double *spacing)
cvxSkGridSpacingSet	zwapi_global_apply.h	77		evxErrors cvxSkGridSpacingSet(double spacing)
cvxSkInqAllAxis	zwapi_sk_objs.h	53		evxErrors cvxSkInqAllAxis(int *Count, int **idEnts)
cvxSkInqAllAxisById	zwapi_sk_objs.h	56		evxErrors cvxSkInqAllAxisById(int idSketch, int *count, int **idEnts)
cvxSkInqArea	zwapi_sk_objs.h	37		int cvxSkInqArea(int nCrv, int *idCrvs, svxPoint2 *innerPnt, svxPrfAreaProp *aboutCM, svxPrfAreaProp *aboutRf)
cvxSkInqAxis	zwapi_sk_objs.h	46		evxErrors cvxSkInqAxis(int idSketch, int *xAxis, int *yAxis)
cvxSkInqAxisDir	zwapi_sk_objs.h	59		evxErrors cvxSkInqAxisDir(int idAxis, svxPoint2 *pPnt, svxPoint2 *pDir)
cvxSkInqBlockReferences	zwapi_sk_objs.h	128		evxErrors cvxSkInqBlockReferences(int idSketch, int *Count, int **idEnts)
cvxSkInqCns	zwapi_sk_objs.h	92		evxErrors cvxSkInqCns(int *Count, int **idEnts)
cvxSkInqCnsById	zwapi_sk_objs.h	95		evxErrors cvxSkInqCnsById(int idSketch, int *count, int **idEnts)
cvxSkInqCnsGeoms	zwapi_sk_objs.h	167		evxErrors cvxSkInqCnsGeoms(int idCons, int *Count, svxConsGeom **geoms)
cvxSkInqCnsType	zwapi_sk_objs.h	161		evxErrors cvxSkInqCnsType(int idCons, evxGeomConsType *type, int *subType)
cvxSkInqCrvConnect	zwapi_sk_objs.h	98		evxErrors cvxSkInqCrvConnect(int iCount, int *idCrvs, int *iUnMatch, int *iOverMatch)
cvxSkInqDim	zwapi_sk_dim.h	16		evxErrors cvxSkInqDim(int *Count, int **idEnts)
cvxSkInqDimRefFlag	zwapi_sk_dim.h	24		evxErrors cvxSkInqDimRefFlag(int idDim, int *refFlag)
cvxSkInqDimType	zwapi_sk_dim.h	21		evxErrors cvxSkInqDimType(int idDim, evxConsDimType *type)
cvxSkInqExternalSk	zwapi_sk_objs.h	31		evxErrors cvxSkInqExternalSk(int idSketch, vxPath fileName, vxRootName rootName, vxLongName skName)
cvxSkInqExternalSkByLongPath	zwapi_sk_objs.h	34		evxErrors cvxSkInqExternalSkByLongPath(int idSketch, char *fileName, int sizefile, vxRootName rootName, vxLongName skName)
cvxSkInqGeom	zwapi_sk_objs.h	62		evxErrors cvxSkInqGeom(int *Count, int **idEnts)
cvxSkInqGeomById	zwapi_sk_objs.h	65		evxErrors cvxSkInqGeomById(int idSketch, int *count, int **idEnts)
cvxSkInqGeomX	zwapi_sk_objs.h	68		evxErrors cvxSkInqGeomX(int *Count, int **idEnts)
cvxSkInqGeomXById	zwapi_sk_objs.h	71		evxErrors cvxSkInqGeomXById(int idSketch, int *count, int **idEnts)
cvxSkInqOverlap	zwapi_sk_objs.h	40		evxErrors cvxSkInqOverlap(int *count, svxSkOverlapGeom **overlapGeoms)
cvxSkInqPlane	zwapi_sk_objs.h	16		int cvxSkInqPlane(int idSketch, svxEntPath *plnPath)
cvxSkInqPlanes	zwapi_sk_objs.h	22		evxErrors cvxSkInqPlanes(int idSketch, int *count, int **idFaces)
cvxSkInqPnt	zwapi_sk_objs.h	74		evxErrors cvxSkInqPnt(int *Count, int **idEnts)
cvxSkInqPntById	zwapi_sk_objs.h	77		evxErrors cvxSkInqPntById(int idSketch, int *count, int **idEnts)
cvxSkInqReadyText	zwapi_sk_objs.h	110		evxErrors cvxSkInqReadyText(int idSketch, int *Count, int **idEnts)
cvxSkInqRef	zwapi_sk_objs.h	80		evxErrors cvxSkInqRef(int *Count, int **idEnts)
cvxSkInqRefById	zwapi_sk_objs.h	83		evxErrors cvxSkInqRefById(int idSketch, int *count, int **idEnts)
cvxSkInqSketchBlocks	zwapi_sk_objs.h	134		evxErrors cvxSkInqSketchBlocks(int *Count, int **idEnts, vxRootName **Names)
cvxSkInqText	zwapi_sk_objs.h	86		evxErrors cvxSkInqText(int *Count, int **idEnts)
cvxSkInqTextById	zwapi_sk_objs.h	89		evxErrors cvxSkInqTextById(int idSketch, int *count, int **idEnts)
cvxSkInqVars	zwapi_sk_var.h	26		evxErrors cvxSkInqVars(int *Count, svxVariable **Variables)
cvxSkIsCosmetic	zwapi_sk_objs.h	25		int cvxSkIsCosmetic(int IdSketch)
cvxSkIsExternal	zwapi_sk_objs.h	28		int cvxSkIsExternal(int IdSketch)
cvxSkLine2pt	zwapi_cmd_sk_cmds.h	14		evxErrors cvxSkLine2pt(svxPoint2 *Start, svxPoint2 *End, int *idEnt)
cvxSkMirr	zwapi_cmd_sk_cmds.h	191		evxErrors cvxSkMirr(const svxMirrData2D *data, int *cnt, int **idEnts)
cvxSkMirrInit	zwapi_cmd_sk_cmds.h	194		evxErrors cvxSkMirrInit(svxMirrData2D *data)
cvxSkMove	zwapi_cmd_sk_cmds.h	182		evxErrors cvxSkMove(const svxMoveData2D *data)
cvxSkMoveInit	zwapi_cmd_sk_cmds.h	176		evxErrors cvxSkMoveInit(evxMoveType2D type, svxMoveData2D *data)
cvxSkNesting	zwapi_cmd_sk_app.h	28		evxErrors cvxSkNesting(const svxSkNestingData *data)
cvxSkNestingBlankDataInit	zwapi_cmd_sk_app.h	22		evxErrors cvxSkNestingBlankDataInit(svxSkNestingBlankData *data)
cvxSkNestingInit	zwapi_cmd_sk_app.h	25		evxErrors cvxSkNestingInit(svxSkNestingData *data)
cvxSkNestingProfileDataInit	zwapi_cmd_sk_app.h	14		evxErrors cvxSkNestingProfileDataInit(svxSkNestingProfileData *data)
cvxSkNgons	zwapi_cmd_sk_cmds.h	62		evxErrors cvxSkNgons(const svxSkNgons *data, int *cnt, int **idEnts)
cvxSkNgonsInit	zwapi_cmd_sk_cmds.h	59		evxErrors cvxSkNgonsInit(evxSkNgonsType type, svxSkNgons *data)
cvxSkOneTouchTrim	zwapi_cmd_sk_cmds.h	108		evxErrors cvxSkOneTouchTrim(const svxPntOnEnt *pnt)
cvxSkPattern	zwapi_cmd_sk_cmds.h	203		evxErrors cvxSkPattern(const svxSkPtnData *Pattern, int *cnt, int **idEnts)
cvxSkPnt	zwapi_cmd_sk_cmds.h	44		evxErrors cvxSkPnt(svxPoint2 *Point, int *idEnt)
cvxSkPntsOnCrv	zwapi_cmd_sk_cmds.h	47		evxErrors cvxSkPntsOnCrv(int idCrv, svxPoint *Pnt, int Num, double Dist, evxExtendOpt Opt, int *Count, int **idEnts)
cvxSkPowerTrim	zwapi_cmd_sk_cmds.h	105		evxErrors cvxSkPowerTrim(const svxSkPowerTrim *pwTrim)
cvxSkPtnDataInit	zwapi_cmd_sk_cmds.h	200		evxErrors cvxSkPtnDataInit(evxSkPatternType type, svxSkPtnData *data)
cvxSkReadyText	zwapi_cmd_sk_cmds.h	53		evxErrors cvxSkReadyText(const svxReadyText *RdText, int *idRdText)
cvxSkReadyTextInit	zwapi_cmd_sk_cmds.h	50		evxErrors cvxSkReadyTextInit(evxReadyTextMethods method, svxReadyText *data)
cvxSkReadyTextInqCrvs	zwapi_sk_objs.h	116		evxErrors cvxSkReadyTextInqCrvs(int idRdText, int *Count, int **idCrvs)
cvxSkReadyTextInqText	zwapi_sk_objs.h	119		evxErrors cvxSkReadyTextInqText(int idRdText, svxReadyText *RdText)
cvxSkReadyTextModText	zwapi_sk_objs.h	122		evxErrors cvxSkReadyTextModText(int idRdText, svxReadyText *RdText)
cvxSkReference	zwapi_cmd_sk_cmds.h	173		evxErrors cvxSkReference(const svxSkRefData *data, int *count, int **idRefEnts)
cvxSkReferenceInit	zwapi_cmd_sk_cmds.h	167		evxErrors cvxSkReferenceInit(svxSkRefData *data)
cvxSkRegen	zwapi_sk_opts.h	14		void cvxSkRegen()
cvxSkRotate	zwapi_cmd_sk_cmds.h	185		evxErrors cvxSkRotate(const svxRotateData2D *data, int *cnt, int **idEnts)
cvxSkRotateInit	zwapi_cmd_sk_cmds.h	188		evxErrors cvxSkRotateInit(svxRotateData2D *data)
cvxSkScale	zwapi_cmd_sk_cmds.h	197		evxErrors cvxSkScale(int Count, int *idEnts, double X_scale, double Y_scale, svxPoint2 *Pnt)
cvxSkSetWireType	zwapi_sk_objs.h	107		evxErrors cvxSkSetWireType(int nEnt, int *idEnt, int type)
cvxSkSpline	zwapi_cmd_sk_cmds.h	80		evxErrors cvxSkSpline(const svxSplineData *PntData, int *idEnt)
cvxSkSplineInit	zwapi_cmd_sk_cmds.h	77		evxErrors cvxSkSplineInit(svxSplineData *data, int count)
cvxSkSplitIsect	zwapi_cmd_sk_cmds.h	138		evxErrors cvxSkSplitIsect(const svxSkSplitIsect *Spl)
cvxSkSplitIsectInit	zwapi_cmd_sk_cmds.h	135		evxErrors cvxSkSplitIsectInit(svxSkSplitIsect *Spl)
cvxSkTrimExt	zwapi_cmd_sk_cmds.h	114		evxErrors cvxSkTrimExt(const svxSkTrimExt *trimExt)
cvxSkTrimExtInit	zwapi_cmd_sk_cmds.h	111		evxErrors cvxSkTrimExtInit(svxSkTrimExt *trimExt)
cvxSkTrimSplitCor	zwapi_cmd_sk_cmds.h	129	@deprecated	evxErrors cvxSkTrimSplitCor(const svxSkTrimSplitCor *trimSpl)
cvxSkTrimSplitCorInit	zwapi_cmd_sk_cmds.h	126		evxErrors cvxSkTrimSplitCorInit(svxSkTrimSplitCor *trimSpl)
cvxSkTrimSplitCrv	zwapi_cmd_sk_cmds.h	120		evxErrors cvxSkTrimSplitCrv(const svxSkTrimSplit *trimSpl)
cvxSkTrimSplitInit	zwapi_cmd_sk_cmds.h	117		evxErrors cvxSkTrimSplitInit(svxSkTrimSplit *trimSpl)
cvxSkTrimSplitPnt	zwapi_cmd_sk_cmds.h	123		evxErrors cvxSkTrimSplitPnt(const svxSkTrimSplitPnt *trimSpl)
cvxSkVarAdd	zwapi_sk_var.h	14		evxErrors cvxSkVarAdd(svxVariable *Variable)
cvxSkVarGet	zwapi_sk_var.h	20		evxErrors cvxSkVarGet(svxVariable *Variable)
cvxSkVarSet	zwapi_sk_var.h	23		evxErrors cvxSkVarSet(int Count, svxVariable *Variables)
cvxSliderLimitGet	zwapi_ui_slider.h	14		evxErrors cvxSliderLimitGet(const char *Form, int idfield, double *min, double *max)
cvxSliderLimitSet	zwapi_ui_slider.h	20		evxErrors cvxSliderLimitSet(const char *Form, int idfield, double min, double max)
cvxSplinePntInit	zwapi_cmd_wireframe.h	90	@deprecated	evxErrors cvxSplinePntInit(svxSplinePnt *data)
cvxSrfAxis	zwapi_math_nurbssurface.h	43		evxErrors cvxSrfAxis(svxSurface *Srf, svxPoint *startPnt, svxPoint *endPnt)
cvxSrfDiameterEval	zwapi_math_nurbssurface.h	30		evxErrors cvxSrfDiameterEval(svxSurface *Srf, double U, double V, double *Diameter)
cvxSrfEval	zwapi_math_nurbssurface.h	24		evxErrors cvxSrfEval(svxSurface *Srf, double U, double V, svxPoint *Point, svxVector *Normal, svxVector *Utan, svxVector *Vtan)
cvxSrfFindPoles	zwapi_math_nurbssurface.h	52		int cvxSrfFindPoles(svxSurface *srf, double tol, int poles[4])
cvxSrfGetPole	zwapi_math_nurbssurface.h	49		evxErrors cvxSrfGetPole(svxSurface *srf, const svxPoint *dir, svxPoint *pnt)
cvxSrfPrimFree	zwapi_brep_face.h	77		void cvxSrfPrimFree(svxSrfPrim *srfPrim)
cvxSrfTransform	zwapi_math_matrix.h	69		void cvxSrfTransform(svxMatrix *Mat, svxSurface *Srf)
cvxStlFree	zwapi_part_facets.h	103		void cvxStlFree(svxSTL *Stl)
cvxSubPartFlag	zwapi_asm_comp.h	172		evxErrors cvxSubPartFlag(const vxLongPath File, const vxRootName Part, int isSubPart)
cvxSubPartIns	zwapi_asm_opts.h	83		evxErrors cvxSubPartIns(const vxRootName Name, int AutoRegen, int MergeOption)
cvxSurfaceFree	zwapi_brep_face.h	71		void cvxSurfaceFree(svxSurface *srf)
cvxSymInqLeadLines	zwapi_part_dim.h	52		evxErrors cvxSymInqLeadLines(int idSym, int *count, svxCurve **LeadCrvs)
cvxSymInqRefPnt	zwapi_part_dim.h	45		evxErrors cvxSymInqRefPnt(int idSym, svxPoint *RefPnt)
cvxSymWeldFree	zwapi_dwg_symbol.h	64		void cvxSymWeldFree(svxSymWeld *WeldData)
cvxTabWidgetItemVisibleSet	zwapi_ui_tabwidget.h	14		evxErrors cvxTabWidgetItemVisibleSet(const char *Form, int tabIdField, int tabIndex, char bVisible)
cvxTableAtSet	zwapi_ui_tablewidget.h	20		evxErrors cvxTableAtSet(char *Form, int idTable, svxTableAt *At)
cvxTableAtSetInit	zwapi_ui_tablewidget.h	14		evxErrors cvxTableAtSetInit(svxTableAt *data)
cvxTableCallBackParamFree	zwapi_ui_tablewidget.h	42		void cvxTableCallBackParamFree(svxTableCallBackParam *param)
cvxTableCallBackParamGet	zwapi_ui_tablewidget.h	35		evxErrors cvxTableCallBackParamGet(const char *form, int idTable, svxTableCallBackParam *param)
cvxTableCellEnableSet	zwapi_ui_tablewidget.h	117		void cvxTableCellEnableSet(const char *Form, int idTable, int Row, int Col, int State)
cvxTableCellTextGet	zwapi_ui_tablewidget.h	114		evxErrors cvxTableCellTextGet(char *Form, int idTable, int Row, int Col, char *text, int nBytes)
cvxTableCellTextSet	zwapi_ui_tablewidget.h	126		evxErrors cvxTableCellTextSet(char *Form, int idTable, int Row, int Col, char *text)
cvxTableCellTextSet2	zwapi_ui_tablewidget.h	129		evxErrors cvxTableCellTextSet2(const char *Form, int idTable, int Row, int Col, char *Text, char *Image)
cvxTableCellTipGet	zwapi_ui_tablewidget.h	123		evxErrors cvxTableCellTipGet(const char *Form, int idTable, int Row, int Col, char *tip, int nBytes)
cvxTableCellTipSet	zwapi_ui_tablewidget.h	120		void cvxTableCellTipSet(const char *Form, int idTable, int Row, int Col, const char *tip)
cvxTableCheckSet	zwapi_ui_tablewidget.h	111		evxErrors cvxTableCheckSet(const char *Form, int idTable, int Row, int Col, int Check)
cvxTableColCnt	zwapi_ui_tablewidget.h	52		int cvxTableColCnt(const char *Form, int idTable)
cvxTableColInsert	zwapi_ui_tablewidget.h	61		evxErrors cvxTableColInsert(const char *Form, int idTable, int Col)
cvxTableColRemove	zwapi_ui_tablewidget.h	64		evxErrors cvxTableColRemove(const char *Form, int idTable, int Col)
cvxTableColorGet	zwapi_ui_tablewidget.h	141		evxErrors cvxTableColorGet(const char *Form, int idTable, int Row, int Col, svxColor *Color, int *ClrIdx, unsigned char *Type)
cvxTableColorSet	zwapi_ui_tablewidget.h	138		evxErrors cvxTableColorSet(const char *Form, int idTable, int Row, int Col, const svxColor *Color, int ClrIdx, unsigned char Type)
cvxTableComboGet	zwapi_ui_tablewidget.h	77		evxErrors cvxTableComboGet(const char *Form, int idTable, int Row, int Col, int *Index, char *Text, int nBytes)
cvxTableComboSet	zwapi_ui_tablewidget.h	67		evxErrors cvxTableComboSet(char *Form, int idTable, int Row, int Col, char *Options)
cvxTableComboSet2	zwapi_ui_tablewidget.h	74		evxErrors cvxTableComboSet2(const char *Form, int idTable, int Row, int Col, char *Options, char *Images)
cvxTableComboSetOption	zwapi_ui_tablewidget.h	92		evxErrors cvxTableComboSetOption(const char *Form, int idTable, int Row, int Col, int Index, char *IdxText)
cvxTableDateGet	zwapi_ui_tablewidget.h	135		evxErrors cvxTableDateGet(const char *Form, int idTable, int Row, int Col, int *Date, evxDateType *DateType)
cvxTableDateSet	zwapi_ui_tablewidget.h	132		evxErrors cvxTableDateSet(const char *Form, int idTable, int Row, int Col, int Date, evxDateType DateType)
cvxTableGetSelRange	zwapi_ui_tablewidget.h	29		evxErrors cvxTableGetSelRange(const char *Form, int idTable, int *RangeCnt, svxRectangle **SelRange)
cvxTableGetText	zwapi_ui_tablewidget.h	150		evxErrors cvxTableGetText(const char *Form, int idTable, int row, int col, char *text, int sizeText)
cvxTableHeaderCellCheck	zwapi_ui_tablewidget.h	178		evxErrors cvxTableHeaderCellCheck(const char *Form, int idTable, int isVertical, int item, int check)
cvxTableHorHeaderVisibleSet	zwapi_ui_tablewidget.h	153		evxErrors cvxTableHorHeaderVisibleSet(const char *Form, int idTable, int visible)
cvxTableIndexComboSet	zwapi_ui_tablewidget.h	80		evxErrors cvxTableIndexComboSet(char *Form, int idTable, int Row, int Col, char *Options)
cvxTableIndexComboSet2	zwapi_ui_tablewidget.h	86		evxErrors cvxTableIndexComboSet2(const char *Form, int idTable, int Row, int Col, char *Options, char *Images)
cvxTableInputComboSet	zwapi_ui_tablewidget.h	83		evxErrors cvxTableInputComboSet(char *Form, int idTable, int Row, int Col, char *Options)
cvxTableInputComboSet2	zwapi_ui_tablewidget.h	89		evxErrors cvxTableInputComboSet2(const char *Form, int idTable, int Row, int Col, char *Options, char *Images)
cvxTableIsCheck	zwapi_ui_tablewidget.h	108		int cvxTableIsCheck(const char *Form, int idTable, int Row, int Col)
cvxTableNumGet	zwapi_ui_tablewidget.h	147		evxErrors cvxTableNumGet(const char *Form, int idTable, int Row, int Col, char *Num, int Bytes)
cvxTableNumSet	zwapi_ui_tablewidget.h	144		evxErrors cvxTableNumSet(const char *Form, int idTable, int Row, int Col, const char *Num)
cvxTableRowCnt	zwapi_ui_tablewidget.h	45		int cvxTableRowCnt(const char *Form, int idTable)
cvxTableRowInsert	zwapi_ui_tablewidget.h	55		evxErrors cvxTableRowInsert(const char *Form, int idTable, int Row)
cvxTableRowRemove	zwapi_ui_tablewidget.h	58		evxErrors cvxTableRowRemove(const char *Form, int idTable, int Row)
cvxTableSetHeaderAlignment	zwapi_ui_tablewidget.h	169		evxErrors cvxTableSetHeaderAlignment(const char *Form, int idTable, int isVertical, evxTableAlignFlag align)
cvxTableSetHeaderColResizeMode	zwapi_ui_tablewidget.h	172		evxErrors cvxTableSetHeaderColResizeMode(const char *Form, int idTable, int col, evxTableResizeMode mode)
cvxTableSetHeaderSectionSize	zwapi_ui_tablewidget.h	175		evxErrors cvxTableSetHeaderSectionSize(const char *Form, int idTable, int size, int isMin)
cvxTableSetHorHeaderList	zwapi_ui_tablewidget.h	163		evxErrors cvxTableSetHorHeaderList(const char *Form, int idTable, int num, const char **pHeaderList)
cvxTableSetSelRange	zwapi_ui_tablewidget.h	26		evxErrors cvxTableSetSelRange(const char *Form, int idTable, svxRectangle *SelRange, int bSelect)
cvxTableSetVerHeaderList	zwapi_ui_tablewidget.h	166		evxErrors cvxTableSetVerHeaderList(const char *Form, int idTable, int num, const char **pHeaderList)
cvxTableSizeSet	zwapi_ui_tablewidget.h	23		evxErrors cvxTableSizeSet(char *Form, int idTable, int NumRow, int NumCol)
cvxTableTypeGet	zwapi_ui_tablewidget.h	98		evxErrors cvxTableTypeGet(const char *Form, int idTable, int Row, int Col, evxTableCellType *Type)
cvxTableUnselectAll	zwapi_ui_tablewidget.h	32		evxErrors cvxTableUnselectAll(const char *Form, int idTable)
cvxTableVerHeaderVisibleSet	zwapi_ui_tablewidget.h	160		evxErrors cvxTableVerHeaderVisibleSet(const char *Form, int idTable, int visible)
cvxTableVisSet	zwapi_ui_tablewidget.h	105		void cvxTableVisSet(char *Form, int idTable, int Row, int Col)
cvxTplInqFieldType	zwapi_ui_form.h	118		evxErrors cvxTplInqFieldType(const vxName Name, int idField, evxCmdFldClass *Type)
cvxTplInqFields	zwapi_ui_form.h	115		evxErrors cvxTplInqFields(const vxName Name, int *NumFld, int **idFields)
cvxTplInqFnCust	zwapi_cmd_paramdefine_tpl.h	96		evxErrors cvxTplInqFnCust(vxName Name, int NumBytes, char *FnName)
cvxTplInqFnEcho	zwapi_cmd_paramdefine_tpl.h	103		evxErrors cvxTplInqFnEcho(vxName Name, int NumBytes, char *FnName)
cvxTplInqFnInit	zwapi_cmd_paramdefine_tpl.h	106		evxErrors cvxTplInqFnInit(vxName Name, int NumBytes, char *FnName)
cvxTplInqFnTerm	zwapi_cmd_paramdefine_tpl.h	109		evxErrors cvxTplInqFnTerm(vxName Name, int NumBytes, char *FnName)
cvxTranStatusDisable	zwapi_message.h	47		void cvxTranStatusDisable(void)
cvxTranStatusEnable	zwapi_message.h	50		void cvxTranStatusEnable(void)
cvxTreeAddItem	zwapi_ui_treeview.h	87		evxErrors cvxTreeAddItem(const char *form, int field, int parentId, int siblingId, const char *label, int imgIdx, int folderIdx, evxTreeItemType nodeType, int dbIdx, int itemflag, int *outNodeId, const char *iconName)
cvxTreeAutoResizeColumn	zwapi_ui_treeview.h	51		evxErrors cvxTreeAutoResizeColumn(const char *form, int field, int col)
cvxTreeCollapseAll	zwapi_ui_treeview.h	61		void cvxTreeCollapseAll(const char *form, int field)
cvxTreeDeleteItem	zwapi_ui_treeview.h	112		evxErrors cvxTreeDeleteItem(const char *form, int field, int id)
cvxTreeDeleteSubItem	zwapi_ui_treeview.h	115		evxErrors cvxTreeDeleteSubItem(const char *form, int field, int id)
cvxTreeEditItemByComboBox	zwapi_ui_treeview.h	121		evxErrors cvxTreeEditItemByComboBox(const char *form, int field, int id, int col, const char *Options, const char *Images, int curIndex)
cvxTreeEditItemByLineEdit	zwapi_ui_treeview.h	118		evxErrors cvxTreeEditItemByLineEdit(const char *form, int field, int id, int col, const char *defaultLabel)
cvxTreeExpandAll	zwapi_ui_treeview.h	54		void cvxTreeExpandAll(const char *form, int field)
cvxTreeExpandItem	zwapi_ui_treeview.h	173		evxErrors cvxTreeExpandItem(const char *form, int field, int id, int option)
cvxTreeGetCbParam	zwapi_ui_treeview.h	73		evxErrors cvxTreeGetCbParam(const char *form, int field, int itemId, svxTreeCbParam *cbp)
cvxTreeGetChildItem	zwapi_ui_treeview.h	130		evxErrors cvxTreeGetChildItem(const char *form, int field, int id, int index, int *child_id)
cvxTreeGetChildrenCount	zwapi_ui_treeview.h	133		evxErrors cvxTreeGetChildrenCount(const char *form, int field, int id, int *count)
cvxTreeGetColumnCount	zwapi_ui_treeview.h	36		int cvxTreeGetColumnCount(const char *form, int field)
cvxTreeGetColumnWidth	zwapi_ui_treeview.h	42		int cvxTreeGetColumnWidth(const char *form, int field, int col)
cvxTreeGetDBIdByItem	zwapi_ui_treeview.h	109		evxErrors cvxTreeGetDBIdByItem(const char *form, int field, int id, int *objectIndex)
cvxTreeGetDescendants	zwapi_ui_treeview.h	142		evxErrors cvxTreeGetDescendants(const char *form, int field, int isAll, int parent, int *num, int **ids)
cvxTreeGetItemCheckState	zwapi_ui_treeview.h	164		evxTreeCheckState cvxTreeGetItemCheckState(const char *form, int field, int id)
cvxTreeGetItemFlag	zwapi_ui_treeview.h	94		evxErrors cvxTreeGetItemFlag(const char *form, int field, int id, int *flag)
cvxTreeGetItemTextByColumn	zwapi_ui_treeview.h	103		void cvxTreeGetItemTextByColumn(const char *form, int field, int id, int col, char *text, int size)
cvxTreeGetNextSiblingItem	zwapi_ui_treeview.h	127		evxErrors cvxTreeGetNextSiblingItem(const char *form, int field, int id, int *nextId)
cvxTreeGetParentItem	zwapi_ui_treeview.h	136		evxErrors cvxTreeGetParentItem(const char *form, int field, int id, int *parent_id)
cvxTreeGetPrevSiblingItem	zwapi_ui_treeview.h	124		evxErrors cvxTreeGetPrevSiblingItem(const char *form, int field, int id, int *prevId)
cvxTreeGetSelectedItems	zwapi_ui_treeview.h	145		evxErrors cvxTreeGetSelectedItems(const char *form, int field, int *numNodes, int **idListPtr)
cvxTreeHeaderGetSize	zwapi_ui_treeview.h	23		evxErrors cvxTreeHeaderGetSize(const char *name, int field, int *width, int *height)
cvxTreeIsColumnHidden	zwapi_ui_treeview.h	48		int cvxTreeIsColumnHidden(const char *form, int field, int col)
cvxTreeIsItemSelected	zwapi_ui_treeview.h	148		int cvxTreeIsItemSelected(const char *form, int field, int id)
cvxTreeItemIsExpand	zwapi_ui_treeview.h	170		int cvxTreeItemIsExpand(const char *form, int field, int id)
cvxTreeItemsCount	zwapi_ui_treeview.h	80		int cvxTreeItemsCount(const char *form, int field)
cvxTreeMoveItems	zwapi_ui_treeview.h	139		evxErrors cvxTreeMoveItems(const char *form, int field, int numNodes, int *ids, int insParentId, int siblingId)
cvxTreeSelectItem	zwapi_ui_treeview.h	155		evxErrors cvxTreeSelectItem(const char *form, int field, int id)
cvxTreeSetColumnCount	zwapi_ui_treeview.h	29		void cvxTreeSetColumnCount(const char *form, int field, int count)
cvxTreeSetColumnHidden	zwapi_ui_treeview.h	45		void cvxTreeSetColumnHidden(const char *form, int field, int col, int hide)
cvxTreeSetColumnWidth	zwapi_ui_treeview.h	39		void cvxTreeSetColumnWidth(const char *form, int field, int col, int width)
cvxTreeSetHeaderIcon	zwapi_ui_treeview.h	14		void cvxTreeSetHeaderIcon(const char *name, int field, int section, const char *icon)
cvxTreeSetHeaderText	zwapi_ui_treeview.h	20		void cvxTreeSetHeaderText(const char *form, int field, int col, const char *text)
cvxTreeSetHeaderTextAlignment	zwapi_ui_treeview.h	26		evxErrors cvxTreeSetHeaderTextAlignment(const char *form, int field, int col, evxAlignFlag align)
cvxTreeSetItemCheckState	zwapi_ui_treeview.h	167		void cvxTreeSetItemCheckState(const char *form, int field, int id, evxTreeCheckState checkState, int extToChild)
cvxTreeSetItemCheckable	zwapi_ui_treeview.h	161		evxErrors cvxTreeSetItemCheckable(const char *form, int field, int id, int checkable)
cvxTreeSetItemFlag	zwapi_ui_treeview.h	91		evxErrors cvxTreeSetItemFlag(const char *form, int field, int count, int *ids, int flag)
cvxTreeSetItemIconNameByColumn	zwapi_ui_treeview.h	97		evxErrors cvxTreeSetItemIconNameByColumn(const char *form, int field, int id, int col, const char *iconName)
cvxTreeSetItemTextByColumn	zwapi_ui_treeview.h	100		evxErrors cvxTreeSetItemTextByColumn(const char *form, int field, int id, int col, const char *text)
cvxTreeSetItemTextColor	zwapi_ui_treeview.h	106		evxErrors cvxTreeSetItemTextColor(const char *form, int field, int id, int col, svxColor *color)
cvxTreeSetSelectionBehavior	zwapi_ui_treeview.h	70		evxErrors cvxTreeSetSelectionBehavior(const char *form, int field, int behavior)
cvxTreeSetSelectionMode	zwapi_ui_treeview.h	67		evxErrors cvxTreeSetSelectionMode(const char *form, int field, int mode)
cvxTreeUnselectAll	zwapi_ui_treeview.h	64		evxErrors cvxTreeUnselectAll(const char *form, int field)
cvxUDFFileInqAssociatedList	zwapi_file.h	225		evxErrors cvxUDFFileInqAssociatedList(const vxPath dirPath, const vxPath file, int *count, vxPath **fileList)
cvxUDFFileInqAssociatedListByLongPath	zwapi_file.h	228		evxErrors cvxUDFFileInqAssociatedListByLongPath(const vxLongPath dirPath, const vxLongPath file, int *count, vxLongPath **fileList)
cvxUiSettingsApply	zwapi_ui_guiset.h	38		evxErrors cvxUiSettingsApply(char *RoleText)
cvxUiSettingsCount	zwapi_ui_guiset.h	14		int cvxUiSettingsCount(void)
cvxUiSettingsCreate	zwapi_ui_guiset.h	20		evxErrors cvxUiSettingsCreate(char *CreateRoleText, char *CopyRoleText)
cvxUiSettingsExists	zwapi_ui_guiset.h	35		evxErrors cvxUiSettingsExists(char *RoleText)
cvxUiSettingsExport	zwapi_ui_guiset.h	32		evxErrors cvxUiSettingsExport(char *RoleText, char *Path)
cvxUiSettingsFetch	zwapi_ui_guiset.h	44		evxErrors cvxUiSettingsFetch(int i, char *RoleText)
cvxUiSettingsImport	zwapi_ui_guiset.h	29		evxErrors cvxUiSettingsImport(char *Path)
cvxUiSettingsRemove	zwapi_ui_guiset.h	26		evxErrors cvxUiSettingsRemove(char *RoleText)
cvxUiSettingsRename	zwapi_ui_guiset.h	23		evxErrors cvxUiSettingsRename(char *CurRoleText, char *NewRoleText)
cvxUiSettingsReset	zwapi_ui_guiset.h	41		evxErrors cvxUiSettingsReset(char *RoleText)
cvxUndoBundleEnd	zwapi_xn.h	45		void cvxUndoBundleEnd(int RefreshDisplay, int Settings[], int isError)
cvxUndoBundleStart	zwapi_xn.h	42		void cvxUndoBundleStart(int DisableManager, int Settings[])
cvxUndoRedo	zwapi_xn.h	26		evxErrors cvxUndoRedo(int Undo)
cvxUndoRedoMarker	zwapi_xn.h	23		evxErrors cvxUndoRedoMarker(vxName Name)
cvxUndoRedoTo	zwapi_xn.h	29		evxErrors cvxUndoRedoTo(int Undo, vxName Name)
cvxUnitGet	zwapi_global_apply.h	47		void cvxUnitGet(evxUnitType *Type, vxName Name)
cvxUnitMassGet	zwapi_global_apply.h	65		evxErrors cvxUnitMassGet(evxMassUnitType *type, vxName name)
cvxUnitMassSet	zwapi_global_apply.h	68		evxErrors cvxUnitMassSet(evxMassUnitType type)
cvxUnitSet	zwapi_global_apply.h	56		void cvxUnitSet(evxUnitType Type)
cvxUnitToSys	zwapi_global_apply.h	59		void cvxUnitToSys(double *Distance)
cvxUnitToUser	zwapi_global_apply.h	62		void cvxUnitToUser(double *Distance)
cvxUnitTypeGet	zwapi_global_apply.h	53		void cvxUnitTypeGet(char *unit_str, char *sub_type, char *unit_type)
cvxUserActionStatusGet	zwapi_message.h	53		void cvxUserActionStatusGet(int *disableStatus)
cvxUserActionStatusSet	zwapi_message.h	56		void cvxUserActionStatusSet(int disable)
cvxUserActionStatusSet2	zwapi_message.h	65		int cvxUserActionStatusSet2(evxDialogType type, int value)
cvxVecAngle	zwapi_math_vector.h	25		void cvxVecAngle(svxVector *V1, svxVector *V2, double *Angle)
cvxVecCross	zwapi_math_vector.h	28		void cvxVecCross(svxVector *V1, svxVector *V2, svxVector *Cross)
cvxVecInit	zwapi_math_vector.h	16		void cvxVecInit(svxPoint *Point1, svxPoint *Point2, svxVector *Vector)
cvxVecNormalize	zwapi_math_vector.h	22		void cvxVecNormalize(svxVector *Vector)
cvxVecParallelChk	zwapi_math_vector.h	37	@deprecated	int cvxVecParallelChk(int Orient, svxVector *V1, svxVector *V2, double CosTol)
cvxVecPerp	zwapi_math_vector.h	31		void cvxVecPerp(svxVector *Vector, svxVector *Perp)
cvxVecReverse	zwapi_math_vector.h	34		void cvxVecReverse(svxVector *Vector)
cvxVecTransform	zwapi_math_matrix.h	63		void cvxVecTransform(svxMatrix *Mat, svxVector *Vector)
cvxVersion	zwapi_global_apply.h	113		int cvxVersion(char *vxStatus)
cvxVersionNum	zwapi_global_apply.h	119		void cvxVersionNum(vxLongName verNum)
cvxViewActivate	zwapi_view.h	29		evxErrors cvxViewActivate(int idView)
cvxViewExtent	zwapi_view.h	35	@deprecated	void cvxViewExtent(double Extent)
cvxViewGet	zwapi_view.h	38	@deprecated	void cvxViewGet(svxMatrix *Frame, double *Extent)
cvxViewInqStandardType	zwapi_view.h	26		evxErrors cvxViewInqStandardType(int idView, evxViewStd *type)
cvxViewIsSection	zwapi_view.h	16		int cvxViewIsSection(int idView)
cvxViewIsStandard	zwapi_view.h	22		int cvxViewIsStandard(int idView)
cvxViewOrigin	zwapi_view.h	44		void cvxViewOrigin(svxPoint *Origin)
cvxViewSet	zwapi_view.h	41		void cvxViewSet(svxMatrix *Frame, double Extent)
cvxViewSetBndBox	zwapi_view.h	50		evxErrors cvxViewSetBndBox(double Scale, const svxBndBox *BndBox)
cvxViewStd	zwapi_view.h	47		void cvxViewStd(evxViewStd Type, double NullExtent)
cvxVisDispStatusGet	zwapi_display.h	152		void cvxVisDispStatusGet(evxVisualDispItem Item, int *isOn)
cvxXnBundle	zwapi_xn.h	35		evxErrors cvxXnBundle(int iCount, const char *xn_name)
cvxXnUndoCount	zwapi_xn.h	20		int cvxXnUndoCount()
